Pasay City,Manila,32,8
Quezon City,Manila,34,12
Pakalongan,Tasikmalaya,83,38
Yogyakarta,Surakarta,118,63
Sukabumi,Bogor,154,66
Long Xuyen,Rach Gia,118,72
Olongapo,Angeles,73,72
Pasay City,Batangas,78,77
Quezon City,Angeles,77,78
Viet Tri,Hanoi,89,80
Thai Nguyen,Hanoi,84,82
Angeles,Manila,92,83
Seremban,Malacca,79,85
Pasay City,Angeles,118,90
Quezon City,Batangas,106,90
Iligan,Cagayan de Oro,129,92
Tuy Hoa,Qui Nhon,116,95
Rach Gia,Can Tho,168,103
Surakarta,Semarang,142,104
Sukabumi,Jakarta,186,110
Cilacap,Tasikmalaya,180,116
Pakalongan,Bandung,219,122
Rach Gia,Ca Mau,179,127
Pematangsiantar,Medan,186,131
Vinh Long,Rach Gia,207,147
Pakalongan,Cirebon,279,148
Bandung,Jakarta,153,149
Malacca,Kuala Lumpur,120,150
Thanh Hoa,Hanoi,176,163
Angeles,Baguio City,166,168
Angeles,Batangas,171,168
Cilacap,Cirebon,243,174
Jember,Malang,292,179
Thai Nguyen,Haiphong,143,179
Bogor,Bandung,195,182
Tra Vinh,Rach Gia,266,185
Tuy Hoa,Buon Me Thuot,303,192
Jember,Surabaya,296,205
Viet Tri,Haiphong,169,205
Buon Me Thuot,Da Lat,318,211
Sukabumi,Pakalongan,364,211
Cirebon,Jakarta,191,218
Cilacap,Bandung,344,219
Thanh Hoa,Haiphong,240,221
Buon Me Thuot,Cam Ranh,300,226
Olongapo,Baguio City,205,226
Mymensingh,Rajshahi,340,240
Quezon City,Baguio City,216,240
Rajshahi,Dhaka,398,242
Baguio City,Manila,231,244
Cirebon,Semarang,328,249
Denpasar,Jember,430,249
Pasay City,Baguio City,256,251
Cirebon,Bogor,220,252
Tasikmalaya,Jakarta,316,259
Cagayan de Oro,Davao,314,260
Malacca,Kuantan,239,260
Surakarta,Surabaya,349,261
Buon Me Thuot,Qui Nhon,397,265
Surakarta,Malang,441,265
Cilacap,Surakarta,406,268
Lao Chi,Hanoi,237,268
Mandalay,Naypyidaw,213,269
Khulna,Rajshahi,469,270
Rach Gia,Ho Chi Minh City,346,275
Buon Me Thuot,Hon Quan,348,277
Tasikmalaya,Bogor,346,293
Rangpur,Dhaka,510,294
Yogyakarta,Tasikmalaya,431,294
Mymensingh,Rangpur,454,298
Vinh,Hanoi,343,300
Bago,Naypyidaw,240,305
Rach Gia,Bien Hoa,400,306
Sukabumi,Cilacap,477,307
Yogyakarta,Cirebon,442,313
Qui Nhon,Da Nang,376,321
Buon Me Thuot,Bien Hoa,415,326
Batangas,Baguio City,311,328
Buon Me Thuot,Ho Chi Minh City,440,337
Sukabumi,Bandar Lampung,486,340
Comilla,Rajshahi,548,345
Ipoh,Malacca,245,349
Tasikmalaya,Semarang,508,352
Vinh,Haiphong,406,358
Cagayan de Oro,General Santos,461,361
Naypyidaw,Rangoon,295,366
Mataram,Jember,725,374
Bandar Lampung,Bandung,472,380
Lao Chi,Haiphong,316,393
Rangpur,Khulna,675,397
Pakalongan,Surakarta,618,398
Yogyakarta,Bandung,595,398
Cagayan de Oro,Cebu,821,400
Comilla,Rangpur,662,403
Pasay City,Naga,521,403
Ende,Kupang,1397,406
Qui Nhon,Hue,481,409
Quezon City,Naga,549,417
Jember,Surakarta,605,435
Cirebon,Bandar Lampung,490,448
Bengkulu,Palembang,646,451
Sukabumi,Kotabumi,651,451
Semarang,Bandung,474,452
Bengkulu,Jambi,554,468
Tra Vinh,Buon Me Thuot,618,480
Kuala Terengganu,Malacca,369,482
Bengkulu,Kotabumi,713,486
Vinh Long,Buon Me Thuot,609,487
Naga,Angeles,609,488
Pasay City,Legazpi,649,489
Rajshahi,Chittagong,691,489
Tasikmalaya,Bandar Lampung,616,489
Cagayan de Oro,Zamboanga,645,494
Quang Tri,Qui Nhon,565,496
Yogyakarta,Jember,707,497
Bacolod,Cagayan de Oro,997,500
Buon Me Thuot,Can Tho,627,501
Quezon City,Legazpi,676,503
Malacca,George Town,345,511
Jember,Semarang,697,512
Sukabumi,Semarang,600,512
Buon Me Thuot,Long Xuyen,688,517
Buon Me Thuot,Da Nang,660,519
Sungai Petani,Malacca,350,526
Rangpur,Chittagong,803,541
Bengkulu,Padang,781,545
Bukittinggi,Pematangsiantar,858,548
Surakarta,Jakarta,595,548
Cirebon,Kotabumi,655,559
Bengkulu,Bandar Lampung,806,569
Legazpi,Angeles,739,574
Sukabumi,Yogyakarta,718,575
Cirebon,Surabaya,747,582
Bogor,Surakarta,642,583
Alor Setar,Malacca,387,584
Pematangsiantar,Pekanbaru,786,584
Cirebon,Malang,839,587
Banda Aceh,Medan,752,599
Tasikmalaya,Kotabumi,780,600
Quang Tri,Hanoi,673,607
Buon Me Thuot,Hue,765,608
Qui Nhon,Bien Hoa,710,610
Kota Baharu,Malacca,497,614
Pematangsiantar,Padang,975,622
Tasikmalaya,Surabaya,886,624
Tasikmalaya,Malang,964,628
Cagayan de Oro,Iloilo,1217,630
Buon Me Thuot,Ca Mau,796,640
Qui Nhon,Ho Chi Minh City,728,645
Naga,Baguio City,748,649
Rach Gia,Cam Ranh,758,652
Pasay City,Iloilo,1015,653
Denpasar,Surakarta,950,659
Pekanbaru,Medan,890,660
Quang Tri,Haiphong,737,665
Nonthaburi,Chiang Mai,500,667
Quezon City,Iloilo,1043,667
Hue,Hanoi,748,672
Bukittinggi,Medan,1042,681
Malacca,Hat Yai,492,687
Chiang Mai,Bangkok,522,688
Chiang Mai,Nakhon Ratchasima,592,693
Bua Yai,Chiang Mai,596,699
Pasay City,Calbayog,956,701
My Tho,Qui Nhon,786,702
Cilacap,Jember,995,703
Sukabumi,Palembang,1005,704
Bago,Chiang Mai,747,709
Pasay City,Bacolod,1133,712
Bukittinggi,Bengkulu,870,714
Quezon City,Calbayog,983,715
Quezon City,Bacolod,1161,726
Hue,Haiphong,812,730
Pematangsiantar,Banda Aceh,909,734
Legazpi,Baguio City,878,735
Angeles,Iloilo,1109,744
Palembang,Bandung,973,744
Cirebon,Jember,991,755
Padang,Medan,1160,757
Pekanbaru,Bengkulu,945,759
Sakhon Nakhon,Chiang Mai,694,768
Da Nang,Hanoi,863,772
Vinh,Qui Nhon,876,777
Surakarta,Bandar Lampung,894,778
Ende,Ujungpandang,1939,782
Tra Vinh,Qui Nhon,904,782
Mataram,Surakarta,1245,785
Bandung,Surabaya,897,788
Rangoon,Chiang Mai,826,789
Vinh Long,Qui Nhon,895,789
Angeles,Calbayog,1049,792
Bangkok,Rach Gia,772,794
Tasikmalaya,Jember,1131,797
Nonthaburi,Rach Gia,774,802
Bacolod,Angeles,1234,803
Mandalay,Chiang Mai,998,803
Qui Nhon,Can Tho,901,803
Tuy Hoa,Rach Gia,932,809
Cirebon,Palembang,1008,813
Bengkulu,Jakarta,1131,816
Pasay City,Cebu,1256,818
Long Xuyen,Qui Nhon,976,821
Haiphong,Da Nang,921,829
Quezon City,Cebu,1284,832
Pakalongan,Jember,1207,833
Sukabumi,Surabaya,1019,846
Bogor,Bengkulu,1159,849
Malang,Bandung,989,849
Sukabumi,Malang,1111,850
Tasikmalaya,Palembang,1134,854
Pematangsiantar,Jambi,1270,880
Sukabumi,Pontianak,2851,904
Baguio City,Iloilo,1248,906
Legazpi,Cagayan de Oro,1234,907
Rach Gia,Qui Nhon,1053,907
Angeles,Cebu,1350,910
Thanh Hoa,Qui Nhon,1035,923
Nakhon Ratchasima,Rach Gia,968,928
Pontianak,Bandung,2824,938
Ca Mau,Qui Nhon,1079,942
Jember,Bandung,1147,959
Jember,Jakarta,1151,962
Bacolod,Baguio City,1372,964
Medan,Malacca,2478,967
Pontianak,Surakarta,3034,969
Naypyidaw,Chiang Mai,929,974
Buon Me Thuot,Vinh,1160,975
Denpasar,Cirebon,1335,979
Bogor,Jember,1189,996
Naga,Cagayan de Oro,1357,997
Cirebon,Pontianak,2849,1008
Jambi,Medan,1348,1013
Sukabumi,Jember,1264,1018
Denpasar,Tasikmalaya,1486,1022
Naypyidaw,Bangkok,965,1023
Nakhon Ratchasima,Qui Nhon,994,1030
Naypyidaw,Nonthaburi,972,1031
Tasikmalaya,Pontianak,2975,1049
Pakalongan,Bengkulu,1437,1062
Nakhon Ratchasima,Hanoi,1115,1065
Baguio City,Cebu,1489,1071
Qui Nhon,Hanoi,1211,1083
Surakarta,Ujungpandang,3072,1083
Chiang Mai,Vinh,1140,1096
Ende,Denpasar,2037,1101
Mataram,Cirebon,1630,1104
Nakhon Ratchasima,Haiphong,1179,1123
Rach Gia,Da Nang,1425,1128
Qui Nhon,Haiphong,1274,1141
Surakarta,Palembang,1412,1143
Pematangsiantar,Seremban,2637,1145
Mataram,Tasikmalaya,1781,1148
Thai Nguyen,Qui Nhon,1249,1154
Bangkok,Qui Nhon,1147,1155
Viet Tri,Qui Nhon,1270,1158
Jember,Bandjarmasin,2578,1161
Nonthaburi,Qui Nhon,1149,1162
Jambi,Bandung,1555,1169
Chiang Mai,Viet Tri,1627,1170
Cilacap,Bengkulu,1507,1177
Naypyidaw,Nakhon Ratchasima,1107,1178
Tuy Hoa,Hanoi,1316,1178
Denpasar,Bandung,1491,1184
Quang Tri,Rach Gia,1295,1190
Jember,Bandar Lampung,1451,1192
Pematangsiantar,Kuala Lumpur,2676,1208
Jember,Ujungpandang,2700,1214
Rach Gia,Hue,1531,1216
Surakarta,Bandjarmasin,2632,1218
Pematangsiantar,Kuantan,2749,1221
Sukabumi,Jambi,1587,1224
Tuy Hoa,Haiphong,1379,1235
Sukabumi,Denpasar,1646,1240
Sukabumi,Sungaipenuh,1666,1244
Sukabumi,Kuching,3241,1248
Bengkulu,Semarang,1600,1252
Cirebon,Bandjarmasin,2832,1263
Chiang Mai,Hue,1160,1272
Bandung,Kuching,3196,1284
Batangas,Cagayan de Oro,1785,1309
Mataram,Bandung,1786,1309
Nonthaburi,Hanoi,1292,1310
Yogyakarta,Bengkulu,1706,1316
Pematangsiantar,Palembang,1719,1318
Bangkok,Hanoi,1309,1324
Pasay City,Zamboanga,2141,1328
Cirebon,Jambi,1590,1333
Ende,Jember,2444,1338
Quezon City,Zamboanga,2169,1341
Lao Chi,Qui Nhon,1417,1346
Buon Me Thuot,Thai Nguyen,1540,1351
Cirebon,Kuching,3235,1353
Viet Tri,Buon Me Thuot,1560,1356
Tasikmalaya,Bandjarmasin,3012,1366
Mataram,Sukabumi,1903,1367
Nonthaburi,Haiphong,1356,1368
Chiang Mai,Da Nang,1273,1370
Tasikmalaya,Jambi,1716,1373
Cirebon,Ujungpandang,3469,1379
Bangkok,Haiphong,1373,1382
Ende,Balikpapan,3648,1383
Palembang,Medan,1848,1391
Tasikmalaya,Kuching,3361,1393
Cagayan de Oro,Manila,1870,1394
Pasay City,Cagayan de Oro,1857,1394
Quezon City,Cagayan de Oro,1885,1408
Pematangsiantar,Ipoh,2802,1415
Angeles,Zamboanga,2235,1419
Sukabumi,Pekanbaru,1942,1425
Bengkulu,Medan,1836,1431
Pematangsiantar,Kuala Terengganu,2881,1444
Tasikmalaya,Ujungpandang,3610,1447
Rach Gia,Vinh,1579,1450
Sukabumi,Padang,1905,1458
Chiang Mai,Thai Nguyen,1504,1462
Rangpur,Mandalay,2268,1464
Bandjarmasin,Bandung,2985,1466
Pekanbaru,Bandung,1890,1467
Bukittinggi,Sukabumi,1894,1468
Sukabumi,Kualakapuas,3018,1469
Pasay City,Iligan,1958,1477
Hanoi,Ho Chi Minh City,1577,1482
Angeles,Cagayan de Oro,1951,1485
Chiang Mai,Bien Hoa,1432,1490
Quezon City,Iligan,1986,1491
Ende,Malang,2650,1492
Padang,Bandung,1862,1495
Jakarta,Malacca,4294,1496
Ende,Samarinda,3799,1498
Bukittinggi,Bandung,1881,1507
Pasay City,Davao,1962,1509
Chiang Mai,Long Xuyen,1387,1514
Ende,Surabaya,2655,1518
Quezon City,Davao,1990,1523
Sukabumi,Bandjarmasin,3104,1526
Pekanbaru,Cirebon,1918,1535
Pontianak,Jember,2980,1541
Banda Aceh,Malacca,3203,1543
Haiphong,Ho Chi Minh City,1642,1544
Lao Chi,Buon Me Thuot,1707,1544
Bogor,Malacca,4334,1548
Pematangsiantar,Kotabumi,2105,1551
Comilla,Naypyidaw,2401,1552
Olongapo,Cagayan de Oro,1999,1555
Jember,Palembang,1969,1557
Bago,Rach Gia,1551,1558
Iligan,Angeles,2049,1562
Jember,Balikpapan,3136,1563
Cirebon,Padang,1908,1567
Pematangsiantar,George Town,2900,1568
Jambi,Surakarta,2002,1569
Bukittinggi,Cirebon,1909,1574
Chiang Mai,Can Tho,1476,1575
Pekanbaru,Tasikmalaya,2042,1575
Pematangsiantar,Kota Baharu,3009,1576
Zamboanga,Baguio City,2377,1580
Ujungpandang,Bandung,3618,1583
Dhaka,Naypyidaw,2398,1584
Bengkulu,Surabaya,2018,1586
Chiang Mai,Ca Mau,1431,1588
Bengkulu,Malang,2111,1590
Rajshahi,Mandalay,2492,1591
Pematangsiantar,Sungai Petani,2913,1593
Bengkulu,Pontianak,3785,1594
Angeles,Davao,2056,1600
Ende,Palu,2992,1603
Chiang Mai,Ho Chi Minh City,1502,1604
Tasikmalaya,Padang,2034,1608
Bien Hoa,Hanoi,1907,1611
Bukittinggi,Tasikmalaya,2032,1614
Hat Yai,Chiang Mai,1230,1619
Balikpapan,Surakarta,3223,1620
Pekanbaru,Malacca,3324,1620
Malacca,Bangkok,1196,1625
Pasay City,General Santos,2104,1625
My Tho,Hanoi,1755,1632
Malacca,Nonthaburi,1201,1638
Rangoon,Rach Gia,1630,1638
Quezon City,General Santos,2132,1639
Bukittinggi,Malacca,3477,1640
Sukabumi,Ujungpandang,3741,1642
Samarinda,Jember,3262,1647
Pematangsiantar,Alor Setar,2942,1648
Mymensingh,Naypyidaw,2387,1654
Sukabumi,Seremban,4489,1658
Cirebon,Balikpapan,3389,1665
Bien Hoa,Haiphong,1971,1668
Vinh Long,Hanoi,1817,1678
Pematangsiantar,Bandar Lampung,2260,1679
Long Xuyen,Hanoi,1823,1690
My Tho,Haiphong,1819,1690
Can Tho,Hanoi,1834,1693
Bandung,Seremban,4445,1695
Jember,Kuching,3129,1696
Chiang Mai,Qui Nhon,1549,1700
Chittagong,Naypyidaw,2581,1701
Rangpur,Naypyidaw,2435,1703
Naypyidaw,Vinh,1747,1705
Samarinda,Surakarta,3334,1711
Alor Setar,Chiang Mai,1327,1712
Tra Vinh,Hanoi,1873,1712
Padang,Malacca,3595,1716
Angeles,General Santos,2197,1717
Hat Yai,Rach Gia,1480,1720
Sukabumi,Kuala Lumpur,4528,1721
Iligan,Baguio City,2188,1723
Bandar Lampung,Malacca,4605,1730
Bago,Hanoi,1884,1735
Sukabumi,Kuantan,4601,1735
Vinh Long,Haiphong,1881,1736
Jember,Kupang,3846,1742
Pematangsiantar,Hat Yai,3047,1744
Long Xuyen,Haiphong,1887,1748
Can Tho,Haiphong,1898,1751
Surakarta,Kuching,3182,1753
Samarinda,Cirebon,3499,1755
Pakalongan,Malacca,4624,1758
Bandung,Kuala Lumpur,4484,1759
Bengkulu,Jember,2263,1759
Baguio City,Davao,2195,1762
Cirebon,Seremban,4484,1763
Tasikmalaya,Balikpapan,3570,1768
Tra Vinh,Haiphong,1937,1770
Bandung,Kuantan,4556,1771
Sungai Petani,Chiang Mai,1365,1777
Bago,Haiphong,1948,1793
Khulna,Naypyidaw,2851,1798
Tasikmalaya,Seremban,4609,1804
Naypyidaw,Hue,1732,1808
Ende,Yogyakarta,3075,1811
Rangoon,Hanoi,1963,1815
Rach Gia,Thai Nguyen,1947,1816
Alor Setar,Rach Gia,1578,1821
Viet Tri,Rach Gia,1962,1821
Naypyidaw,Rach Gia,1733,1823
Ende,Semarang,3055,1825
George Town,Chiang Mai,1403,1825
Cirebon,Kuala Lumpur,4522,1826
Rajshahi,Naypyidaw,2659,1830
Ca Mau,Hanoi,2000,1831
Cirebon,Kuantan,4595,1840
Naypyidaw,Hat Yai,1589,1841
Ende,Bandjarmasin,4316,1846
Bandar Lampung,Medan,2394,1849
Samarinda,Tasikmalaya,3675,1856
Bengkulu,Banda Aceh,2430,1862
Tasikmalaya,Kuala Lumpur,4648,1867
Balikpapan,Bandung,3543,1868
Pekanbaru,Surakarta,2337,1868
Malacca,Nakhon Ratchasima,1384,1871
Cilacap,Malacca,4684,1872
Rangoon,Haiphong,2026,1873
Ende,Kualakapuas,4353,1876
Baguio City,General Santos,2337,1878
Kota Baharu,Chiang Mai,1484,1878
Naypyidaw,Long Xuyen,1859,1880
Tasikmalaya,Kuantan,4721,1880
Sungai Petani,Rach Gia,1616,1886
Ca Mau,Haiphong,2064,1889
Surakarta,Padang,2313,1897
Palu,Surakarta,4143,1905
Naypyidaw,Da Nang,1846,1907
Bukittinggi,Surakarta,2328,1908
Naypyidaw,Bien Hoa,1900,1918
Bago,Qui Nhon,1887,1920
Pematangsiantar,Jakarta,2512,1922
Sukabumi,Balikpapan,3662,1928
Sukabumi,Ipoh,4654,1929
George Town,Rach Gia,1654,1934
Bengkulu,Kuching,4166,1938
Naypyidaw,Can Tho,1948,1941
Ipoh,Chiang Mai,1473,1942
Naypyidaw,Alor Setar,1686,1942
Semarang,Malacca,4760,1946
Naypyidaw,Ca Mau,1903,1954
Sukabumi,Kuala Terengganu,4733,1957
Pematangsiantar,Bogor,2546,1958
Samarinda,Bandung,3654,1959
Bandung,Ipoh,4610,1965
Naypyidaw,Ho Chi Minh City,1974,1970
Jambi,Malacca,3783,1973
Denpasar,Bengkulu,2600,1982
Kota Baharu,Rach Gia,1736,1987
Bandung,Kuala Terengganu,4689,1993
Rangpur,Bago,2645,1997
Naypyidaw,Sungai Petani,1722,2000
Rangoon,Qui Nhon,1966,2000
Naypyidaw,Hanoi,2066,2001
Lao Chi,Rach Gia,2109,2009
Yogyakarta,Malacca,4886,2011
Bogor,Medan,2681,2031
Palu,Jember,3728,2032
Cirebon,Ipoh,4649,2034
Kuala Terengganu,Chiang Mai,1641,2034
Sukabumi,Samarinda,3789,2035
Ende,Gorontalo,3600,2042
Ipoh,Rach Gia,1724,2051
Naypyidaw,George Town,1763,2054
Naypyidaw,Haiphong,2130,2059
Rangpur,Rangoon,2700,2059
Cirebon,Kuala Terengganu,4728,2062
Naypyidaw,Thai Nguyen,2111,2071
Tasikmalaya,Ipoh,4774,2075
Jember,Jambi,2551,2076
Naypyidaw,Viet Tri,2133,2076
Sukabumi,George Town,4752,2081
Mandalay,Rach Gia,1914,2082
Hat Yai,Qui Nhon,1857,2087
Sukabumi,Medan,2814,2087
Sukabumi,Kota Baharu,4861,2090
Surakarta,Seremban,4894,2093
Comilla,Chiang Mai,3194,2095
Tasikmalaya,Kuala Terengganu,4853,2103
Sukabumi,Sungai Petani,4765,2106
Naypyidaw,Kota Baharu,1848,2107
Mataram,Bengkulu,2894,2108
Bandung,George Town,4708,2118
Rajshahi,Bago,2868,2124
Bandung,Kota Baharu,4817,2126
Dhaka,Chiang Mai,3191,2126
Medan,Bandung,2736,2133
Kuala Lumpur,Chiang Mai,1584,2140
Bandung,Sungai Petani,4720,2143
Kuala Terengganu,Rach Gia,1892,2143
Surakarta,Kupang,4365,2145
Surakarta,Kuala Lumpur,4932,2156
Sukabumi,Alor Setar,4794,2161
Pakalongan,Pematangsiantar,2861,2168
Surakarta,Kuantan,5005,2169
Naypyidaw,Ipoh,1831,2172
Naypyidaw,Qui Nhon,2069,2185
Cirebon,George Town,4747,2186
Rajshahi,Rangoon,2923,2186
Alor Setar,Qui Nhon,1955,2187
Cirebon,Kota Baharu,4856,2195
Cirebon,Medan,2817,2196
Bandung,Alor Setar,4750,2198
Palu,Cirebon,4509,2201
Cirebon,Sungai Petani,4759,2211
Seremban,Chiang Mai,1634,2211
Tasikmalaya,George Town,4872,2227
Tasikmalaya,Kota Baharu,4982,2236
Tasikmalaya,Medan,2943,2236
Kuantan,Chiang Mai,1748,2237
Pakalongan,Medan,2960,2243
Chittagong,Chiang Mai,3374,2244
Kuala Lumpur,Rach Gia,1835,2249
Sukabumi,Kota Kinabalu,4276,2250
Sungai Petani,Qui Nhon,1992,2252
Tasikmalaya,Sungai Petani,4885,2252
Hat Yai,Hanoi,2021,2255
Bago,Malacca,1872,2256
Sukabumi,Hat Yai,4899,2258
Surabaya,Malacca,5182,2258
Mandalay,Hanoi,2247,2260
Naypyidaw,Kuala Terengganu,2004,2263
Cirebon,Alor Setar,4789,2266
Bengkulu,Bandjarmasin,4104,2267
Palu,Tasikmalaya,4679,2268
Pontianak,Malacca,6927,2269
Ende,Jakarta,3509,2275
Pekanbaru,Jember,2884,2281
Cilacap,Pematangsiantar,2931,2284
Bandung,Kota Kinabalu,4232,2286
Bandung,Hat Yai,4855,2294
Malacca,Chiang Mai,1695,2294
George Town,Qui Nhon,2030,2300
Tasikmalaya,Alor Setar,4914,2307
Ende,Bogor,3539,2308
Jember,Padang,2869,2311
Hat Yai,Haiphong,2085,2313
Mandalay,Haiphong,2311,2317
Bukittinggi,Jember,2874,2320
Seremban,Rach Gia,1885,2320
Rangoon,Malacca,1950,2335
Khulna,Chiang Mai,3645,2340
Malang,Malacca,5281,2343
Surakarta,Gorontalo,4733,2343
Kuantan,Rach Gia,1999,2346
Palembang,Malacca,4292,2351
Kota Baharu,Qui Nhon,2112,2353
Cirebon,Kota Kinabalu,4271,2355
Alor Setar,Hanoi,2119,2356
Cilacap,Medan,3030,2359
Pematangsiantar,Semarang,2981,2359
Cirebon,Hat Yai,4894,2363
Surakarta,Ipoh,5059,2363
Naypyidaw,Kuala Lumpur,1942,2369
Bengkulu,Ujungpandang,4741,2382
Surakarta,Kuala Terengganu,5138,2392
Tasikmalaya,Kota Kinabalu,4397,2396
Tasikmalaya,Hat Yai,5020,2404
Palu,Bandung,4665,2405
Alor Setar,Haiphong,2183,2414
Ipoh,Qui Nhon,2100,2417
Sungai Petani,Hanoi,2157,2421
Pematangsiantar,Yogyakarta,3098,2422
Mymensingh,Chiang Mai,3117,2429
Semarang,Medan,3105,2432
Naypyidaw,Seremban,1993,2440
Mandalay,Qui Nhon,2250,2444
Bengkulu,Seremban,4286,2445
Ende,Manado,4158,2447
Jember,Malacca,5440,2453
Malacca,Long Xuyen,2073,2459
Sukabumi,Palu,4794,2463
Naypyidaw,Kuantan,2115,2464
Cirebon,Kupang,4763,2466
George Town,Hanoi,2195,2468
Sukabumi,Maumere,3865,2468
Jember,Gorontalo,4361,2474
Rangpur,Chiang Mai,3164,2478
Sungai Petani,Haiphong,2221,2478
Yogyakarta,Medan,3229,2498
Malacca,Bien Hoa,2115,2503
Ende,Bandar Lampung,3809,2505
Bengkulu,Kuala Lumpur,4325,2507
Jember,Seremban,5455,2507
Tasikmalaya,Kupang,4903,2508
Kuala Terengganu,Qui Nhon,2268,2509
Surakarta,George Town,5157,2516
Malacca,Can Tho,2162,2520
Bengkulu,Kuantan,4398,2521
Naypyidaw,Malacca,2054,2521
Kota Baharu,Hanoi,2276,2522
Surakarta,Kota Baharu,5266,2525
Surakarta,Medan,3221,2525
George Town,Haiphong,2258,2526
Malacca,Ca Mau,2116,2533
Surakarta,Sungai Petani,5169,2541
Malacca,Ho Chi Minh City,2188,2555
Jember,Kuala Lumpur,5494,2570
Sukabumi,Sandakan,4633,2577
Kota Baharu,Haiphong,2340,2579
Jember,Kuantan,5567,2583
Ipoh,Hanoi,2265,2586
Surakarta,Alor Setar,5199,2596
Rajshahi,Chiang Mai,3388,2605
Bandung,Sandakan,4588,2614
Kuala Lumpur,Qui Nhon,2211,2615
Ende,Kotabumi,3973,2616
Malacca,Kuching,7317,2617
Sukabumi,Banda Aceh,3463,2618
Sukabumi,Tawau,4673,2636
Cirebon,Gorontalo,5130,2639
Malacca,Vinh,2169,2641
Ipoh,Haiphong,2328,2644
Malacca,Hue,2138,2654
Banda Aceh,Bandung,3432,2660
Bengkulu,Balikpapan,4661,2669
Bandung,Tawau,4628,2672
Denpasar,Malacca,5786,2677
Kuala Terengganu,Hanoi,2432,2678
Cirebon,Sandakan,4628,2682
Pematangsiantar,Bangkok,3751,2682
Seremban,Qui Nhon,2261,2686
Pematangsiantar,Surabaya,3399,2693
Surakarta,Hat Yai,5304,2693
Pematangsiantar,Nonthaburi,3756,2695
Pematangsiantar,Malang,3492,2697
Jember,Kota Kinabalu,4165,2698
Pematangsiantar,Pontianak,5166,2701
Tasikmalaya,Gorontalo,5271,2707
Kuantan,Qui Nhon,2375,2712
Bengkulu,Ipoh,4451,2715
Rangpur,Bangkok,3373,2715
Tasikmalaya,Sandakan,4753,2723
Rangpur,Nonthaburi,3379,2724
Cirebon,Banda Aceh,3466,2727
Sukabumi,Kupang,5034,2730
Kuala Terengganu,Haiphong,2496,2735
Cirebon,Tawau,4667,2740
Bengkulu,Kuala Terengganu,4530,2743
Manado,Surakarta,5318,2749
Malacca,Da Nang,2251,2753
Surakarta,Kota Kinabalu,4218,2756
Samarinda,Bengkulu,4763,2758
Tasikmalaya,Banda Aceh,3592,2768
Malacca,Qui Nhon,2323,2769
Jember,Ipoh,5621,2777
Pontianak,Medan,5316,2779
Mandalay,Malacca,2235,2780
Tasikmalaya,Tawau,4793,2781
Kuala Lumpur,Hanoi,2375,2784
Kupang,Bandung,4760,2786
Mataram,Malacca,6080,2803
Jember,Kuala Terengganu,5700,2806
Malang,Medan,3619,2829
Kuala Lumpur,Haiphong,2439,2842
Rajshahi,Bangkok,3596,2843
Gorontalo,Bandung,5284,2844
Rajshahi,Nonthaburi,3603,2851
Seremban,Hanoi,2425,2855
Ende,Pontianak,5337,2862
Pematangsiantar,Jember,3644,2865
Bengkulu,George Town,4549,2867
Ende,Palembang,4327,2870
Rangpur,Nakhon Ratchasima,3515,2871
Bengkulu,Kota Baharu,4659,2876
Manado,Jember,4902,2876
Kuantan,Hanoi,2540,2880
Bengkulu,Sungai Petani,4562,2893
Sukabumi,Gorontalo,5402,2902
Seremban,Haiphong,2489,2913
Pematangsiantar,Nakhon Ratchasima,3940,2928
Jember,George Town,5719,2930
Kuantan,Haiphong,2603,2938
Jember,Kota Baharu,5828,2939
Jember,Medan,3778,2939
Bengkulu,Kota Kinabalu,5202,2941
Bengkulu,Alor Setar,4592,2947
Jember,Sungai Petani,5731,2955
Bandjarmasin,Malacca,7275,2959
Rajshahi,Nakhon Ratchasima,3739,2998
Malacca,Thai Nguyen,2532,3007
Jember,Alor Setar,5761,3010
Malacca,Viet Tri,2554,3012
Jember,Sandakan,4521,3026
Pematangsiantar,Kuching,5569,3043
Bengkulu,Hat Yai,4697,3044
Manado,Cirebon,5684,3045
Banda Aceh,Surakarta,3879,3060
Ujungpandang,Malacca,7910,3076
Surakarta,Sandakan,4574,3083
Jember,Tawau,4561,3084
Denpasar,Pematangsiantar,4023,3088
Jember,Hat Yai,5866,3106
Manado,Tasikmalaya,5854,3112
Surakarta,Tawau,4614,3141
Denpasar,Medan,4122,3163
Sukabumi,Bangkok,5603,3196
Palu,Bengkulu,5773,3204
Sukabumi,Nonthaburi,5608,3209
Mataram,Pematangsiantar,4318,3214
Medan,Chiang Mai,4108,3227
Bandung,Bangkok,5559,3232
Manado,Merauke,10657,3242
Bandung,Nonthaburi,5564,3245
Manado,Bandung,5839,3249
Bengkulu,Sandakan,5558,3268
Mataram,Medan,4417,3289
Cirebon,Bangkok,5598,3300
Sukabumi,Manado,5960,3307
Cirebon,Nonthaburi,5603,3314
Pematangsiantar,Bago,4425,3316
Bengkulu,Tawau,5598,3326
Medan,Rach Gia,4359,3336
Tasikmalaya,Bangkok,5723,3341
Pematangsiantar,Chiang Mai,4251,3351
Tasikmalaya,Nonthaburi,5728,3355
Balikpapan,Malacca,7834,3361
Comilla,Rach Gia,4106,3365
Pematangsiantar,Bandjarmasin,5484,3373
Pematangsiantar,Rangoon,4512,3383
Ende,Jambi,4909,3389
Dhaka,Rach Gia,4103,3397
Rangpur,Vinh,4155,3398
Ende,Sungaipenuh,4988,3409
Rangpur,Viet Tri,4611,3440
Sukabumi,Nakhon Ratchasima,5792,3442
Bandjarmasin,Medan,5616,3446
Samarinda,Malacca,7953,3451
Medan,Naypyidaw,4467,3458
Mymensingh,Rach Gia,4093,3467
Bengkulu,Kupang,6035,3470
Jember,Banda Aceh,4427,3470
Bandung,Nakhon Ratchasima,5747,3478
Pematangsiantar,Ujungpandang,6121,3489
Rangpur,Hue,4140,3501
Chittagong,Rach Gia,4286,3514
Pematangsiantar,Long Xuyen,4626,3516
Rajshahi,Vinh,4379,3525
Pematangsiantar,Ho Chi Minh City,4624,3532
Rangpur,Hat Yai,3997,3534
Comilla,Hanoi,4439,3542
Cirebon,Nakhon Ratchasima,5786,3547
Pematangsiantar,Bien Hoa,4655,3554
Ujungpandang,Medan,6249,3562
Rajshahi,Viet Tri,4835,3567
Rangpur,Long Xuyen,4265,3573
Dhaka,Hanoi,4436,3574
Pematangsiantar,Can Tho,4715,3577
Pematangsiantar,Naypyidaw,4610,3582
Rangpur,Ho Chi Minh City,4262,3583
Tasikmalaya,Nakhon Ratchasima,5912,3588
Ende,Pekanbaru,5265,3590
Pematangsiantar,Ca Mau,4672,3590
Comilla,Haiphong,4503,3600
Rangpur,Da Nang,4253,3600
Rangpur,Bien Hoa,4293,3605
Khulna,Rach Gia,4557,3611
Malacca,Kota Kinabalu,8351,3620
Ende,Padang,5227,3624
Rajshahi,Hue,4364,3628
Surakarta,Bangkok,6008,3630
Dhaka,Haiphong,4500,3632
Rangpur,Can Tho,4354,3634
Rangpur,Alor Setar,4094,3635
Bengkulu,Gorontalo,6401,3642
Surakarta,Nonthaburi,6013,3643
Mymensingh,Hanoi,4426,3645
Rangpur,Ca Mau,4311,3647
Rajshahi,Hat Yai,4220,3661
Chittagong,Hanoi,4619,3692
Rangpur,Sungai Petani,4130,3692
Pematangsiantar,Vinh,4724,3698
Rajshahi,Long Xuyen,4489,3700
Medan,Qui Nhon,4735,3702
Mymensingh,Haiphong,4490,3702
Rajshahi,Ho Chi Minh City,4486,3710
Pematangsiantar,Hue,4693,3711
Comilla,Qui Nhon,4443,3727
Rajshahi,Da Nang,4477,3727
Rajshahi,Bien Hoa,4516,3732
Rangpur,George Town,4170,3747
Chittagong,Haiphong,4683,3749
Jakarta,Chiang Mai,5924,3757
Dhaka,Qui Nhon,4440,3759
Rajshahi,Can Tho,4578,3761
Rajshahi,Alor Setar,4318,3762
Rangpur,Thai Nguyen,4518,3764
Rajshahi,Ca Mau,4534,3774
Pematangsiantar,Balikpapan,6042,3775
Khulna,Hanoi,4890,3788
Rangpur,Kota Baharu,4255,3800
Banda Aceh,Chiang Mai,4833,3803
Bogor,Chiang Mai,5964,3808
Pematangsiantar,Da Nang,4806,3810
Rajshahi,Sungai Petani,4353,3819
Pematangsiantar,Qui Nhon,4862,3820
Mymensingh,Qui Nhon,4430,3829
Sukabumi,Bago,6277,3829
Pematangsiantar,Mandalay,4789,3841
Khulna,Haiphong,4954,3846
Balikpapan,Medan,6174,3848
Sukabumi,Chiang Mai,6103,3864
Bandung,Bago,6233,3865
Jakarta,Rach Gia,6175,3865
Rangpur,Ipoh,4239,3865
Medan,Hanoi,4899,3870
Rajshahi,George Town,4394,3874
Chittagong,Qui Nhon,4623,3876
Surakarta,Nakhon Ratchasima,6196,3877
Rangpur,Qui Nhon,4478,3878
Pekanbaru,Chiang Mai,4954,3880
Pematangsiantar,Samarinda,6169,3882
Rajshahi,Thai Nguyen,4742,3891
Sukabumi,Rangoon,6364,3896
Bukittinggi,Chiang Mai,5106,3900
Bandung,Chiang Mai,6058,3901
Banda Aceh,Rach Gia,5084,3912
Bogor,Rach Gia,6215,3917
Palu,Malacca,9088,3927
Rajshahi,Kota Baharu,4479,3927
Medan,Haiphong,4963,3928
Bandung,Rangoon,6318,3933
Cirebon,Bago,6272,3934
Samarinda,Medan,6285,3939
Malacca,Sandakan,8708,3947
Rangpur,Kuala Terengganu,4412,3956
Cirebon,Chiang Mai,6098,3969
Khulna,Qui Nhon,4894,3973
Tasikmalaya,Bago,6397,3975
Padang,Chiang Mai,5224,3977
Bengkulu,Bangkok,5401,3982
Jakarta,Naypyidaw,6283,3987
Pekanbaru,Rach Gia,5205,3989
Bandar Lampung,Chiang Mai,6235,3990
Rajshahi,Ipoh,4463,3992
Bengkulu,Nonthaburi,5406,3995
Cirebon,Rangoon,6359,4001
Malacca,Tawau,8746,4005
Rajshahi,Qui Nhon,4701,4005
Bukittinggi,Rach Gia,5358,4009
Tasikmalaya,Chiang Mai,6223,4010
Pakalongan,Chiang Mai,6253,4018
Sukabumi,Long Xuyen,6478,4030
Banda Aceh,Naypyidaw,5192,4034
Bogor,Naypyidaw,6323,4039
Tasikmalaya,Rangoon,6484,4042
Jember,Bangkok,6570,4044
Pematangsiantar,Kota Kinabalu,6605,4045
Sukabumi,Ho Chi Minh City,6476,4046
Manado,Bengkulu,6948,4048
Jember,Nonthaburi,6575,4057
Rangpur,Kuala Lumpur,4349,4061
Comilla,Malacca,4427,4063
Pematangsiantar,Thai Nguyen,5087,4064
Bandung,Long Xuyen,6436,4066
Sukabumi,Bien Hoa,6507,4068
Pematangsiantar,Viet Tri,5109,4069
Rajshahi,Kuala Terengganu,4635,4083
Padang,Rach Gia,5475,4085
Sukabumi,Can Tho,6567,4091
Dhaka,Malacca,4424,4094
Sukabumi,Naypyidaw,6462,4095
Bandar Lampung,Rach Gia,6486,4099
Sukabumi,Ca Mau,6524,4104
Bandung,Bien Hoa,6478,4110
Pekanbaru,Naypyidaw,5313,4111
Bandung,Can Tho,6524,4127
Pakalongan,Rach Gia,6504,4127
Bandung,Naypyidaw,6418,4131
Bukittinggi,Naypyidaw,5466,4131
Cilacap,Chiang Mai,6313,4132
Rangpur,Seremban,4401,4133
Cirebon,Long Xuyen,6473,4135
Bandung,Ca Mau,6479,4140
Cirebon,Ho Chi Minh City,6471,4151
Rangpur,Kuantan,4523,4157
Bandung,Ho Chi Minh City,6551,4162
Mymensingh,Malacca,4414,4165
Cirebon,Bien Hoa,6502,4173
Tasikmalaya,Long Xuyen,6599,4176
Palu,Merauke,11900,4184
Rajshahi,Kuala Lumpur,4573,4188
Tasikmalaya,Ho Chi Minh City,6596,4191
Cirebon,Can Tho,6562,4196
Cirebon,Naypyidaw,6457,4200
Semarang,Chiang Mai,6389,4206
Padang,Naypyidaw,5584,4207
Cirebon,Ca Mau,6519,4209
Chittagong,Malacca,4607,4212
Sukabumi,Vinh,6576,4212
Tasikmalaya,Bien Hoa,6627,4214
Mataram,Merauke,12836,4220
Bandar Lampung,Naypyidaw,6594,4221
Sukabumi,Hue,6545,4225
Bengkulu,Nakhon Ratchasima,5589,4228
Jakarta,Qui Nhon,6551,4231
Jambi,Chiang Mai,5412,4233
Tasikmalaya,Can Tho,6688,4236
Cilacap,Rach Gia,6564,4241
Tasikmalaya,Naypyidaw,6582,4241
Bandung,Vinh,6531,4248
Pakalongan,Naypyidaw,6613,4249
Tasikmalaya,Ca Mau,6644,4249
Ende,Medan,6136,4252
Rajshahi,Seremban,4624,4260
Bandung,Hue,6501,4261
Surakarta,Bago,6682,4264
Yogyakarta,Chiang Mai,6515,4271
Banda Aceh,Qui Nhon,5444,4272
Bogor,Qui Nhon,6575,4277
Kupang,Malacca,9051,4279
Rajshahi,Kuantan,4747,4284
Jember,Nakhon Ratchasima,6758,4291
Surakarta,Chiang Mai,6507,4299
Khulna,Malacca,4878,4309
Pematangsiantar,Palu,7175,4310
Semarang,Rach Gia,6640,4315
Cirebon,Vinh,6571,4317
Sukabumi,Da Nang,6658,4323
Cirebon,Hue,6540,4329
Surakarta,Rangoon,6769,4331
Sukabumi,Qui Nhon,6714,4333
Jambi,Rach Gia,5663,4342
Denpasar,Merauke,13118,4347
Pekanbaru,Qui Nhon,5565,4349
Sukabumi,Mandalay,6641,4354
Tasikmalaya,Vinh,6696,4358
Bandung,Da Nang,6614,4360
Cilacap,Naypyidaw,6672,4363
Bukittinggi,Qui Nhon,5718,4369
Tasikmalaya,Hue,6665,4370
Pematangsiantar,Sandakan,6961,4373
Bandung,Qui Nhon,6686,4376
Yogyakarta,Rach Gia,6766,4380
Palu,Medan,7295,4385
Bandung,Mandalay,6596,4391
Jakarta,Hanoi,6715,4400
Gorontalo,Malacca,9654,4402
Cirebon,Da Nang,6653,4428
Pematangsiantar,Tawau,7001,4431
Semarang,Naypyidaw,6749,4437
Cirebon,Qui Nhon,6709,4438
Banda Aceh,Hanoi,5624,4447
Bogor,Hanoi,6756,4451
Padang,Qui Nhon,5851,4451
Jakarta,Haiphong,6779,4458
Bandar Lampung,Qui Nhon,6846,4459
Cirebon,Mandalay,6635,4459
Jambi,Naypyidaw,5772,4464
Surakarta,Long Xuyen,6883,4465
Tasikmalaya,Da Nang,6778,4469
Tasikmalaya,Qui Nhon,6834,4479
Surakarta,Ho Chi Minh City,6881,4480
Pakalongan,Qui Nhon,6865,4487
Tasikmalaya,Mandalay,6761,4500
Yogyakarta,Naypyidaw,6874,4502
Surakarta,Bien Hoa,6911,4503
Banda Aceh,Haiphong,5688,4504
Bogor,Haiphong,6819,4509
Surabaya,Chiang Mai,6812,4518
Pekanbaru,Hanoi,5745,4523
Surakarta,Can Tho,6972,4525
Pontianak,Chiang Mai,8556,4529
Surakarta,Naypyidaw,6867,4530
Surakarta,Ca Mau,6928,4538
Bukittinggi,Hanoi,5898,4544
Pematangsiantar,Kupang,7415,4577
Sukabumi,Thai Nguyen,6939,4578
Pekanbaru,Haiphong,5809,4581
Sukabumi,Viet Tri,6961,4583
Bukittinggi,Haiphong,5962,4601
Cilacap,Qui Nhon,6925,4601
Malang,Chiang Mai,6910,4603
Palembang,Chiang Mai,5922,4611
Bandung,Thai Nguyen,6895,4614
Bengkulu,Bago,6075,4615
Bandung,Viet Tri,6917,4619
Padang,Hanoi,6016,4620
Surabaya,Rach Gia,7063,4627
Bandar Lampung,Hanoi,7026,4633
Pontianak,Rach Gia,8807,4638
Surakarta,Vinh,6981,4647
Bengkulu,Chiang Mai,5900,4651
Surakarta,Hue,6950,4659
Pakalongan,Hanoi,7045,4661
Jember,Bago,7244,4678
Padang,Haiphong,6080,4678
Semarang,Qui Nhon,7017,4681
Bengkulu,Rangoon,6161,4683
Cirebon,Thai Nguyen,6934,4683
Cirebon,Viet Tri,6956,4688
Bandar Lampung,Haiphong,7090,4691
Jambi,Qui Nhon,6024,4702
Malang,Rach Gia,7161,4712
Jember,Chiang Mai,7069,4713
Pakalongan,Haiphong,7109,4719
Palembang,Rach Gia,6173,4720
Tasikmalaya,Thai Nguyen,7060,4724
Tasikmalaya,Viet Tri,7081,4729
Yogyakarta,Qui Nhon,7126,4740
Manado,Malacca,10122,4743
Jember,Rangoon,7331,4745
Pematangsiantar,Gorontalo,7782,4749
Surabaya,Naypyidaw,7171,4749
Surakarta,Da Nang,7063,4758
Pontianak,Naypyidaw,8916,4760
Kupang,Medan,7391,4765
Surakarta,Qui Nhon,7119,4768
Cilacap,Hanoi,7105,4776
Ende,Banda Aceh,6785,4783
Surakarta,Mandalay,7045,4789
Bengkulu,Long Xuyen,6276,4816
Jember,Rach Gia,7320,4822
Gorontalo,Medan,7915,4824
Bengkulu,Ho Chi Minh City,6273,4832
Cilacap,Haiphong,7169,4834
Malang,Naypyidaw,7269,4834
Palembang,Naypyidaw,6281,4842
Semarang,Hanoi,7181,4849
Bengkulu,Bien Hoa,6304,4854
Kuching,Chiang Mai,8936,4872
Jambi,Hanoi,6204,4876
Bengkulu,Can Tho,6365,4877
Jember,Long Xuyen,7445,4878
Bengkulu,Naypyidaw,6259,4881
Bengkulu,Ca Mau,6321,4890
Jember,Ho Chi Minh City,7443,4894
Semarang,Haiphong,7245,4907
Yogyakarta,Hanoi,7307,4914
Jember,Bien Hoa,7473,4916
Jambi,Haiphong,6268,4934
Denpasar,Chiang Mai,7415,4937
Jember,Can Tho,7534,4939
Jember,Naypyidaw,7428,4944
Jember,Ca Mau,7490,4952
Yogyakarta,Haiphong,7370,4972
Kuching,Rach Gia,9187,4981
Surabaya,Qui Nhon,7439,4993
Bengkulu,Vinh,6373,4998
Pontianak,Qui Nhon,9168,4998
Comilla,Medan,6846,4999
Bengkulu,Hue,6342,5011
Surakarta,Thai Nguyen,7344,5013
Surakarta,Viet Tri,7366,5017
Dhaka,Medan,6843,5031
Denpasar,Rach Gia,7667,5046
Yogyakarta,Merauke,14175,5053
Jember,Vinh,7542,5060
Mataram,Chiang Mai,7710,5063
Malang,Qui Nhon,7521,5072
Jember,Hue,7511,5073
Palembang,Qui Nhon,6549,5086
Mymensingh,Medan,6833,5101
Naypyidaw,Kuching,9300,5104
Bengkulu,Da Nang,6456,5109
Bengkulu,Qui Nhon,6511,5119
Comilla,Pematangsiantar,6983,5130
Bengkulu,Mandalay,6438,5140
Chittagong,Medan,7026,5148
Rangpur,Medan,6880,5150
Pematangsiantar,Manado,8340,5154
Dhaka,Pematangsiantar,6980,5162
Surabaya,Hanoi,7603,5162
Denpasar,Naypyidaw,7775,5168
Jember,Da Nang,7625,5172
Mataram,Rach Gia,7961,5172
Pontianak,Hanoi,9348,5173
Jember,Qui Nhon,7681,5182
Jember,Mandalay,7607,5203
Bandjarmasin,Chiang Mai,8904,5219
Surabaya,Haiphong,7667,5220
Manado,Medan,8470,5229
Pontianak,Haiphong,9412,5231
Mymensingh,Pematangsiantar,6969,5232
Khulna,Medan,7297,5245
Malang,Hanoi,7702,5246
Palembang,Hanoi,6713,5254
Cilacap,Merauke,14462,5259
Rajshahi,Medan,7104,5277
Chittagong,Pematangsiantar,7162,5279
Mataram,Naypyidaw,8069,5293
Malang,Haiphong,7765,5304
Palembang,Haiphong,6777,5312
Bandjarmasin,Rach Gia,9155,5328
Ujungpandang,Chiang Mai,9539,5336
Kuching,Qui Nhon,9563,5347
Jember,Hanoi,7861,5356
Bengkulu,Thai Nguyen,6737,5364
Bengkulu,Viet Tri,6758,5369
Khulna,Pematangsiantar,7433,5376
Pakalongan,Merauke,14674,5389
Denpasar,Qui Nhon,8027,5406
Jember,Haiphong,7925,5414
Jember,Thai Nguyen,7906,5426
Jember,Viet Tri,7928,5431
Ujungpandang,Rach Gia,9790,5445
Bandjarmasin,Naypyidaw,9264,5450
Kuching,Hanoi,9728,5515
Mataram,Qui Nhon,8321,5532
Ujungpandang,Naypyidaw,9898,5567
Kuching,Haiphong,9791,5573
Denpasar,Hanoi,8207,5581
Balikpapan,Chiang Mai,9463,5621
Comilla,Sukabumi,8829,5636
Denpasar,Haiphong,8271,5638
Dhaka,Sukabumi,8826,5668
Comilla,Bandung,8808,5670
Rangpur,Jakarta,8692,5679
Bandjarmasin,Qui Nhon,9531,5694
Dhaka,Bandung,8805,5702
Mataram,Hanoi,8501,5706
Samarinda,Chiang Mai,9582,5711
Rangpur,Banda Aceh,7595,5726
Balikpapan,Rach Gia,9714,5730
Rangpur,Bogor,8741,5732
Comilla,Cirebon,8837,5737
Mymensingh,Sukabumi,8815,5738
Mataram,Haiphong,8565,5764
Dhaka,Cirebon,8834,5769
Mymensingh,Bandung,8795,5772
Comilla,Tasikmalaya,8961,5777
Chittagong,Sukabumi,9008,5785
Rajshahi,Jakarta,8915,5806
Dhaka,Tasikmalaya,8958,5809
Rangpur,Pekanbaru,7713,5809
Ujungpandang,Qui Nhon,10166,5811
Chittagong,Bandung,8988,5819
Samarinda,Rach Gia,9833,5820
Rangpur,Bukittinggi,7864,5829
Mymensingh,Cirebon,8823,5839
Balikpapan,Naypyidaw,9822,5851
Rajshahi,Banda Aceh,7819,5853
Rajshahi,Bogor,8964,5859
Bandjarmasin,Hanoi,9696,5863
Kota Kinabalu,Chiang Mai,9953,5874
Mymensingh,Tasikmalaya,8948,5879
Khulna,Sukabumi,9279,5882
Chittagong,Cirebon,9017,5887
Rangpur,Padang,7987,5905
Rangpur,Bandar Lampung,9005,5915
Khulna,Bandung,9259,5916
Bandjarmasin,Haiphong,9760,5921
Chittagong,Tasikmalaya,9141,5927
Rajshahi,Pekanbaru,7937,5936
Rangpur,Pakalongan,9036,5938
Samarinda,Naypyidaw,9941,5942
Rajshahi,Bukittinggi,8088,5956
Ujungpandang,Hanoi,10331,5980
Kota Kinabalu,Rach Gia,10204,5982
Khulna,Cirebon,9287,5983
Khulna,Tasikmalaya,9412,6023
Rajshahi,Padang,8211,6032
Ujungpandang,Haiphong,10394,6037
Rajshahi,Bandar Lampung,9229,6042
Rangpur,Cilacap,9092,6053
Rajshahi,Pakalongan,9259,6065
Comilla,Surakarta,9261,6070
Balikpapan,Qui Nhon,10074,6090
Dhaka,Surakarta,9258,6102
Naypyidaw,Kota Kinabalu,10336,6106
Rangpur,Semarang,9176,6128
Rangpur,Jambi,8162,6162
Mymensingh,Surakarta,9248,6173
Rajshahi,Cilacap,9316,6180
Samarinda,Qui Nhon,10194,6180
Palu,Chiang Mai,10718,6187
Rangpur,Yogyakarta,9295,6192
Sandakan,Chiang Mai,10305,6205
Chittagong,Surakarta,9441,6220
Rajshahi,Semarang,9400,6255
Tawau,Chiang Mai,10323,6260
Balikpapan,Hanoi,10255,6264
Rajshahi,Jambi,8386,6289
Palu,Rach Gia,10969,6296
Sandakan,Rach Gia,10557,6314
Khulna,Surakarta,9712,6316
Rajshahi,Yogyakarta,9518,6319
Balikpapan,Haiphong,10318,6322
Kota Kinabalu,Qui Nhon,10580,6349
Samarinda,Hanoi,10374,6354
Tawau,Rach Gia,10574,6368
Samarinda,Haiphong,10438,6412
Palu,Naypyidaw,11077,6418
Naypyidaw,Sandakan,10692,6433
Comilla,Bengkulu,8611,6441
Rangpur,Pontianak,11324,6452
Rangpur,Surabaya,9599,6462
Rangpur,Malang,9692,6466
Dhaka,Bengkulu,8608,6473
Comilla,Jember,9813,6483
Naypyidaw,Tawau,10732,6491
Dhaka,Jember,9810,6515
Kota Kinabalu,Hanoi,10745,6517
Kupang,Chiang Mai,10681,6539
Rangpur,Palembang,8657,6541
Mymensingh,Bengkulu,8598,6544
Kota Kinabalu,Haiphong,10808,6575
Rajshahi,Pontianak,11548,6579
Mymensingh,Jember,9800,6585
Rajshahi,Surabaya,9823,6589
Chittagong,Bengkulu,8791,6591
Rajshahi,Malang,9915,6593
Chittagong,Jember,9993,6632
Rangpur,Jember,9848,6634
Kupang,Rach Gia,10932,6648
Palu,Qui Nhon,11329,6656
Gorontalo,Chiang Mai,11283,6662
Rajshahi,Palembang,8881,6668
Sandakan,Qui Nhon,10933,6680
Khulna,Bengkulu,9062,6687
Khulna,Jember,10264,6729
Tawau,Qui Nhon,10950,6734
Rajshahi,Jember,10071,6761
Kupang,Naypyidaw,11040,6770
Gorontalo,Rach Gia,11534,6771
Rangpur,Kuching,11708,6797
Palu,Hanoi,11509,6830
Pekanbaru,Merauke,16352,6837
Sandakan,Hanoi,11097,6848
Rangpur,Denpasar,10230,6856
Bukittinggi,Merauke,16341,6876
Palu,Haiphong,11573,6888
Gorontalo,Naypyidaw,11642,6893
Tawau,Hanoi,11114,6903
Sandakan,Haiphong,11161,6906
Rajshahi,Kuching,11931,6924
Tawau,Haiphong,11178,6961
Rangpur,Mataram,10515,6980
Rajshahi,Denpasar,10454,6983
Manado,Chiang Mai,11751,7003
Kupang,Qui Nhon,11308,7014
Rajshahi,Mataram,10739,7107
Manado,Rach Gia,12002,7112
Gorontalo,Qui Nhon,11910,7137
Rangpur,Bandjarmasin,11686,7142
Kupang,Hanoi,11472,7183
Manado,Naypyidaw,12110,7234
Kupang,Haiphong,11536,7241
Rajshahi,Bandjarmasin,11910,7269
Rangpur,Ujungpandang,12324,7284
Gorontalo,Hanoi,12075,7306
Gorontalo,Haiphong,12139,7363
Rajshahi,Ujungpandang,12547,7411
Manado,Qui Nhon,12362,7472
Rangpur,Balikpapan,12241,7543
Manado,Hanoi,12543,7646
Rangpur,Samarinda,12375,7650
Rajshahi,Balikpapan,12464,7670
Manado,Haiphong,12606,7704
Rajshahi,Samarinda,12599,7777
Rangpur,Kota Kinabalu,12744,7799
Rajshahi,Kota Kinabalu,12967,7926
Rangpur,Sandakan,13100,8126
Rangpur,Palu,13489,8135
Rangpur,Tawau,13140,8184
Rajshahi,Sandakan,13323,8253
Rajshahi,Palu,13712,8262
Rajshahi,Tawau,13363,8311
Rangpur,Kupang,13629,8346
Rajshahi,Kupang,13853,8473
Rangpur,Gorontalo,14059,8608
Rajshahi,Gorontalo,14283,8736
Rangpur,Manado,14525,8950
Rajshahi,Manado,14749,9077
