"Mymensingh,Bangladesh","Olongapo,Philippines"
"Mymensingh,Bangladesh","Quezon City,Philippines"
"Mymensingh,Bangladesh","Pasay City,Philippines"
"Mymensingh,Bangladesh","Iligan,Philippines"
"Mymensingh,Bangladesh","Legazpi,Philippines"
"Mymensingh,Bangladesh","Bacolod,Philippines"
"Mymensingh,Bangladesh","Naga,Philippines"
"Mymensingh,Bangladesh","Angeles,Philippines"
"Mymensingh,Bangladesh","Batangas,Philippines"
"Mymensingh,Bangladesh","Cagayan de Oro,Philippines"
"Mymensingh,Bangladesh","Zamboanga,Philippines"
"Mymensingh,Bangladesh","Baguio City,Philippines"
"Mymensingh,Bangladesh","General Santos,Philippines"
"Mymensingh,Bangladesh","Cebu,Philippines"
"Mymensingh,Bangladesh","Iloilo,Philippines"
"Mymensingh,Bangladesh","Davao,Philippines"
"Mymensingh,Bangladesh","Manila,Philippines"
"Comilla,Bangladesh","Olongapo,Philippines"
"Comilla,Bangladesh","Quezon City,Philippines"
"Comilla,Bangladesh","Pasay City,Philippines"
"Comilla,Bangladesh","Iligan,Philippines"
"Comilla,Bangladesh","Legazpi,Philippines"
"Comilla,Bangladesh","Bacolod,Philippines"
"Comilla,Bangladesh","Naga,Philippines"
"Comilla,Bangladesh","Angeles,Philippines"
"Comilla,Bangladesh","Batangas,Philippines"
"Comilla,Bangladesh","Cagayan de Oro,Philippines"
"Comilla,Bangladesh","Zamboanga,Philippines"
"Comilla,Bangladesh","Baguio City,Philippines"
"Comilla,Bangladesh","General Santos,Philippines"
"Comilla,Bangladesh","Cebu,Philippines"
"Comilla,Bangladesh","Iloilo,Philippines"
"Comilla,Bangladesh","Davao,Philippines"
"Comilla,Bangladesh","Manila,Philippines"
"Rangpur,Bangladesh","Olongapo,Philippines"
"Rangpur,Bangladesh","Quezon City,Philippines"
"Rangpur,Bangladesh","Pasay City,Philippines"
"Rangpur,Bangladesh","Iligan,Philippines"
"Rangpur,Bangladesh","Legazpi,Philippines"
"Rangpur,Bangladesh","Bacolod,Philippines"
"Rangpur,Bangladesh","Naga,Philippines"
"Rangpur,Bangladesh","Angeles,Philippines"
"Rangpur,Bangladesh","Batangas,Philippines"
"Rangpur,Bangladesh","Cagayan de Oro,Philippines"
"Rangpur,Bangladesh","Zamboanga,Philippines"
"Rangpur,Bangladesh","Baguio City,Philippines"
"Rangpur,Bangladesh","General Santos,Philippines"
"Rangpur,Bangladesh","Cebu,Philippines"
"Rangpur,Bangladesh","Iloilo,Philippines"
"Rangpur,Bangladesh","Davao,Philippines"
"Rangpur,Bangladesh","Manila,Philippines"
"Khulna,Bangladesh","Olongapo,Philippines"
"Khulna,Bangladesh","Quezon City,Philippines"
"Khulna,Bangladesh","Pasay City,Philippines"
"Khulna,Bangladesh","Iligan,Philippines"
"Khulna,Bangladesh","Legazpi,Philippines"
"Khulna,Bangladesh","Bacolod,Philippines"
"Khulna,Bangladesh","Naga,Philippines"
"Khulna,Bangladesh","Angeles,Philippines"
"Khulna,Bangladesh","Batangas,Philippines"
"Khulna,Bangladesh","Cagayan de Oro,Philippines"
"Khulna,Bangladesh","Zamboanga,Philippines"
"Khulna,Bangladesh","Baguio City,Philippines"
"Khulna,Bangladesh","General Santos,Philippines"
"Khulna,Bangladesh","Cebu,Philippines"
"Khulna,Bangladesh","Iloilo,Philippines"
"Khulna,Bangladesh","Davao,Philippines"
"Khulna,Bangladesh","Manila,Philippines"
"Rajshahi,Bangladesh","Olongapo,Philippines"
"Rajshahi,Bangladesh","Quezon City,Philippines"
"Rajshahi,Bangladesh","Pasay City,Philippines"
"Rajshahi,Bangladesh","Iligan,Philippines"
"Rajshahi,Bangladesh","Legazpi,Philippines"
"Rajshahi,Bangladesh","Bacolod,Philippines"
"Rajshahi,Bangladesh","Naga,Philippines"
"Rajshahi,Bangladesh","Angeles,Philippines"
"Rajshahi,Bangladesh","Batangas,Philippines"
"Rajshahi,Bangladesh","Cagayan de Oro,Philippines"
"Rajshahi,Bangladesh","Zamboanga,Philippines"
"Rajshahi,Bangladesh","Baguio City,Philippines"
"Rajshahi,Bangladesh","General Santos,Philippines"
"Rajshahi,Bangladesh","Cebu,Philippines"
"Rajshahi,Bangladesh","Iloilo,Philippines"
"Rajshahi,Bangladesh","Davao,Philippines"
"Rajshahi,Bangladesh","Manila,Philippines"
"Dhaka,Bangladesh","Olongapo,Philippines"
"Dhaka,Bangladesh","Quezon City,Philippines"
"Dhaka,Bangladesh","Pasay City,Philippines"
"Dhaka,Bangladesh","Iligan,Philippines"
"Dhaka,Bangladesh","Legazpi,Philippines"
"Dhaka,Bangladesh","Bacolod,Philippines"
"Dhaka,Bangladesh","Naga,Philippines"
"Dhaka,Bangladesh","Angeles,Philippines"
"Dhaka,Bangladesh","Batangas,Philippines"
"Dhaka,Bangladesh","Cagayan de Oro,Philippines"
"Dhaka,Bangladesh","Zamboanga,Philippines"
"Dhaka,Bangladesh","Baguio City,Philippines"
"Dhaka,Bangladesh","General Santos,Philippines"
"Dhaka,Bangladesh","Cebu,Philippines"
"Dhaka,Bangladesh","Iloilo,Philippines"
"Dhaka,Bangladesh","Davao,Philippines"
"Dhaka,Bangladesh","Manila,Philippines"
"Chittagong,Bangladesh","Olongapo,Philippines"
"Chittagong,Bangladesh","Quezon City,Philippines"
"Chittagong,Bangladesh","Pasay City,Philippines"
"Chittagong,Bangladesh","Iligan,Philippines"
"Chittagong,Bangladesh","Legazpi,Philippines"
"Chittagong,Bangladesh","Bacolod,Philippines"
"Chittagong,Bangladesh","Naga,Philippines"
"Chittagong,Bangladesh","Angeles,Philippines"
"Chittagong,Bangladesh","Batangas,Philippines"
"Chittagong,Bangladesh","Cagayan de Oro,Philippines"
"Chittagong,Bangladesh","Zamboanga,Philippines"
"Chittagong,Bangladesh","Baguio City,Philippines"
"Chittagong,Bangladesh","General Santos,Philippines"
"Chittagong,Bangladesh","Cebu,Philippines"
"Chittagong,Bangladesh","Iloilo,Philippines"
"Chittagong,Bangladesh","Davao,Philippines"
"Chittagong,Bangladesh","Manila,Philippines"
"Binjai,Indonesia","Olongapo,Philippines"
"Binjai,Indonesia","Quezon City,Philippines"
"Binjai,Indonesia","Pasay City,Philippines"
"Binjai,Indonesia","Iligan,Philippines"
"Binjai,Indonesia","Legazpi,Philippines"
"Binjai,Indonesia","Bacolod,Philippines"
"Binjai,Indonesia","Naga,Philippines"
"Binjai,Indonesia","Angeles,Philippines"
"Binjai,Indonesia","Batangas,Philippines"
"Binjai,Indonesia","Cagayan de Oro,Philippines"
"Binjai,Indonesia","Zamboanga,Philippines"
"Binjai,Indonesia","Baguio City,Philippines"
"Binjai,Indonesia","General Santos,Philippines"
"Binjai,Indonesia","Cebu,Philippines"
"Binjai,Indonesia","Iloilo,Philippines"
"Binjai,Indonesia","Davao,Philippines"
"Binjai,Indonesia","Manila,Philippines"
"Bukittinggi,Indonesia","Olongapo,Philippines"
"Bukittinggi,Indonesia","Quezon City,Philippines"
"Bukittinggi,Indonesia","Pasay City,Philippines"
"Bukittinggi,Indonesia","Iligan,Philippines"
"Bukittinggi,Indonesia","Legazpi,Philippines"
"Bukittinggi,Indonesia","Bacolod,Philippines"
"Bukittinggi,Indonesia","Naga,Philippines"
"Bukittinggi,Indonesia","Angeles,Philippines"
"Bukittinggi,Indonesia","Batangas,Philippines"
"Bukittinggi,Indonesia","Cagayan de Oro,Philippines"
"Bukittinggi,Indonesia","Zamboanga,Philippines"
"Bukittinggi,Indonesia","Baguio City,Philippines"
"Bukittinggi,Indonesia","General Santos,Philippines"
"Bukittinggi,Indonesia","Cebu,Philippines"
"Bukittinggi,Indonesia","Iloilo,Philippines"
"Bukittinggi,Indonesia","Davao,Philippines"
"Bukittinggi,Indonesia","Manila,Philippines"
"Mataram,Indonesia","Olongapo,Philippines"
"Mataram,Indonesia","Quezon City,Philippines"
"Mataram,Indonesia","Pasay City,Philippines"
"Mataram,Indonesia","Iligan,Philippines"
"Mataram,Indonesia","Legazpi,Philippines"
"Mataram,Indonesia","Bacolod,Philippines"
"Mataram,Indonesia","Naga,Philippines"
"Mataram,Indonesia","Angeles,Philippines"
"Mataram,Indonesia","Batangas,Philippines"
"Mataram,Indonesia","Cagayan de Oro,Philippines"
"Mataram,Indonesia","Zamboanga,Philippines"
"Mataram,Indonesia","Baguio City,Philippines"
"Mataram,Indonesia","General Santos,Philippines"
"Mataram,Indonesia","Cebu,Philippines"
"Mataram,Indonesia","Iloilo,Philippines"
"Mataram,Indonesia","Davao,Philippines"
"Mataram,Indonesia","Manila,Philippines"
"Sukabumi,Indonesia","Olongapo,Philippines"
"Sukabumi,Indonesia","Quezon City,Philippines"
"Sukabumi,Indonesia","Pasay City,Philippines"
"Sukabumi,Indonesia","Iligan,Philippines"
"Sukabumi,Indonesia","Legazpi,Philippines"
"Sukabumi,Indonesia","Bacolod,Philippines"
"Sukabumi,Indonesia","Naga,Philippines"
"Sukabumi,Indonesia","Angeles,Philippines"
"Sukabumi,Indonesia","Batangas,Philippines"
"Sukabumi,Indonesia","Cagayan de Oro,Philippines"
"Sukabumi,Indonesia","Zamboanga,Philippines"
"Sukabumi,Indonesia","Baguio City,Philippines"
"Sukabumi,Indonesia","General Santos,Philippines"
"Sukabumi,Indonesia","Cebu,Philippines"
"Sukabumi,Indonesia","Iloilo,Philippines"
"Sukabumi,Indonesia","Davao,Philippines"
"Sukabumi,Indonesia","Manila,Philippines"
"Cilacap,Indonesia","Olongapo,Philippines"
"Cilacap,Indonesia","Quezon City,Philippines"
"Cilacap,Indonesia","Pasay City,Philippines"
"Cilacap,Indonesia","Iligan,Philippines"
"Cilacap,Indonesia","Legazpi,Philippines"
"Cilacap,Indonesia","Bacolod,Philippines"
"Cilacap,Indonesia","Naga,Philippines"
"Cilacap,Indonesia","Angeles,Philippines"
"Cilacap,Indonesia","Batangas,Philippines"
"Cilacap,Indonesia","Cagayan de Oro,Philippines"
"Cilacap,Indonesia","Zamboanga,Philippines"
"Cilacap,Indonesia","Baguio City,Philippines"
"Cilacap,Indonesia","General Santos,Philippines"
"Cilacap,Indonesia","Cebu,Philippines"
"Cilacap,Indonesia","Iloilo,Philippines"
"Cilacap,Indonesia","Davao,Philippines"
"Cilacap,Indonesia","Manila,Philippines"
"Pakalongan,Indonesia","Olongapo,Philippines"
"Pakalongan,Indonesia","Quezon City,Philippines"
"Pakalongan,Indonesia","Pasay City,Philippines"
"Pakalongan,Indonesia","Iligan,Philippines"
"Pakalongan,Indonesia","Legazpi,Philippines"
"Pakalongan,Indonesia","Bacolod,Philippines"
"Pakalongan,Indonesia","Naga,Philippines"
"Pakalongan,Indonesia","Angeles,Philippines"
"Pakalongan,Indonesia","Batangas,Philippines"
"Pakalongan,Indonesia","Cagayan de Oro,Philippines"
"Pakalongan,Indonesia","Zamboanga,Philippines"
"Pakalongan,Indonesia","Baguio City,Philippines"
"Pakalongan,Indonesia","General Santos,Philippines"
"Pakalongan,Indonesia","Cebu,Philippines"
"Pakalongan,Indonesia","Iloilo,Philippines"
"Pakalongan,Indonesia","Davao,Philippines"
"Pakalongan,Indonesia","Manila,Philippines"
"Bekasi,Indonesia","Olongapo,Philippines"
"Bekasi,Indonesia","Quezon City,Philippines"
"Bekasi,Indonesia","Pasay City,Philippines"
"Bekasi,Indonesia","Iligan,Philippines"
"Bekasi,Indonesia","Legazpi,Philippines"
"Bekasi,Indonesia","Bacolod,Philippines"
"Bekasi,Indonesia","Naga,Philippines"
"Bekasi,Indonesia","Angeles,Philippines"
"Bekasi,Indonesia","Batangas,Philippines"
"Bekasi,Indonesia","Cagayan de Oro,Philippines"
"Bekasi,Indonesia","Zamboanga,Philippines"
"Bekasi,Indonesia","Baguio City,Philippines"
"Bekasi,Indonesia","General Santos,Philippines"
"Bekasi,Indonesia","Cebu,Philippines"
"Bekasi,Indonesia","Iloilo,Philippines"
"Bekasi,Indonesia","Davao,Philippines"
"Bekasi,Indonesia","Manila,Philippines"
"Tanjungkarang-Telubketung,Indonesia","Olongapo,Philippines"
"Tanjungkarang-Telubketung,Indonesia","Quezon City,Philippines"
"Tanjungkarang-Telubketung,Indonesia","Pasay City,Philippines"
"Tanjungkarang-Telubketung,Indonesia","Iligan,Philippines"
"Tanjungkarang-Telubketung,Indonesia","Legazpi,Philippines"
"Tanjungkarang-Telubketung,Indonesia","Bacolod,Philippines"
"Tanjungkarang-Telubketung,Indonesia","Naga,Philippines"
"Tanjungkarang-Telubketung,Indonesia","Angeles,Philippines"
"Tanjungkarang-Telubketung,Indonesia","Batangas,Philippines"
"Tanjungkarang-Telubketung,Indonesia","Cagayan de Oro,Philippines"
"Tanjungkarang-Telubketung,Indonesia","Zamboanga,Philippines"
"Tanjungkarang-Telubketung,Indonesia","Baguio City,Philippines"
"Tanjungkarang-Telubketung,Indonesia","General Santos,Philippines"
"Tanjungkarang-Telubketung,Indonesia","Cebu,Philippines"
"Tanjungkarang-Telubketung,Indonesia","Iloilo,Philippines"
"Tanjungkarang-Telubketung,Indonesia","Davao,Philippines"
"Tanjungkarang-Telubketung,Indonesia","Manila,Philippines"
"Pasuruan,Indonesia","Olongapo,Philippines"
"Pasuruan,Indonesia","Quezon City,Philippines"
"Pasuruan,Indonesia","Pasay City,Philippines"
"Pasuruan,Indonesia","Iligan,Philippines"
"Pasuruan,Indonesia","Legazpi,Philippines"
"Pasuruan,Indonesia","Bacolod,Philippines"
"Pasuruan,Indonesia","Naga,Philippines"
"Pasuruan,Indonesia","Angeles,Philippines"
"Pasuruan,Indonesia","Batangas,Philippines"
"Pasuruan,Indonesia","Cagayan de Oro,Philippines"
"Pasuruan,Indonesia","Zamboanga,Philippines"
"Pasuruan,Indonesia","Baguio City,Philippines"
"Pasuruan,Indonesia","General Santos,Philippines"
"Pasuruan,Indonesia","Cebu,Philippines"
"Pasuruan,Indonesia","Iloilo,Philippines"
"Pasuruan,Indonesia","Davao,Philippines"
"Pasuruan,Indonesia","Manila,Philippines"
"Denpasar,Indonesia","Olongapo,Philippines"
"Denpasar,Indonesia","Quezon City,Philippines"
"Denpasar,Indonesia","Pasay City,Philippines"
"Denpasar,Indonesia","Iligan,Philippines"
"Denpasar,Indonesia","Legazpi,Philippines"
"Denpasar,Indonesia","Bacolod,Philippines"
"Denpasar,Indonesia","Naga,Philippines"
"Denpasar,Indonesia","Angeles,Philippines"
"Denpasar,Indonesia","Batangas,Philippines"
"Denpasar,Indonesia","Cagayan de Oro,Philippines"
"Denpasar,Indonesia","Zamboanga,Philippines"
"Denpasar,Indonesia","Baguio City,Philippines"
"Denpasar,Indonesia","General Santos,Philippines"
"Denpasar,Indonesia","Cebu,Philippines"
"Denpasar,Indonesia","Iloilo,Philippines"
"Denpasar,Indonesia","Davao,Philippines"
"Denpasar,Indonesia","Manila,Philippines"
"Pematangsiantar,Indonesia","Olongapo,Philippines"
"Pematangsiantar,Indonesia","Quezon City,Philippines"
"Pematangsiantar,Indonesia","Pasay City,Philippines"
"Pematangsiantar,Indonesia","Iligan,Philippines"
"Pematangsiantar,Indonesia","Legazpi,Philippines"
"Pematangsiantar,Indonesia","Bacolod,Philippines"
"Pematangsiantar,Indonesia","Naga,Philippines"
"Pematangsiantar,Indonesia","Angeles,Philippines"
"Pematangsiantar,Indonesia","Batangas,Philippines"
"Pematangsiantar,Indonesia","Cagayan de Oro,Philippines"
"Pematangsiantar,Indonesia","Zamboanga,Philippines"
"Pematangsiantar,Indonesia","Baguio City,Philippines"
"Pematangsiantar,Indonesia","General Santos,Philippines"
"Pematangsiantar,Indonesia","Cebu,Philippines"
"Pematangsiantar,Indonesia","Iloilo,Philippines"
"Pematangsiantar,Indonesia","Davao,Philippines"
"Pematangsiantar,Indonesia","Manila,Philippines"
"Pekanbaru,Indonesia","Olongapo,Philippines"
"Pekanbaru,Indonesia","Quezon City,Philippines"
"Pekanbaru,Indonesia","Pasay City,Philippines"
"Pekanbaru,Indonesia","Iligan,Philippines"
"Pekanbaru,Indonesia","Legazpi,Philippines"
"Pekanbaru,Indonesia","Bacolod,Philippines"
"Pekanbaru,Indonesia","Naga,Philippines"
"Pekanbaru,Indonesia","Angeles,Philippines"
"Pekanbaru,Indonesia","Batangas,Philippines"
"Pekanbaru,Indonesia","Cagayan de Oro,Philippines"
"Pekanbaru,Indonesia","Zamboanga,Philippines"
"Pekanbaru,Indonesia","Baguio City,Philippines"
"Pekanbaru,Indonesia","General Santos,Philippines"
"Pekanbaru,Indonesia","Cebu,Philippines"
"Pekanbaru,Indonesia","Iloilo,Philippines"
"Pekanbaru,Indonesia","Davao,Philippines"
"Pekanbaru,Indonesia","Manila,Philippines"
"Manado,Indonesia","Olongapo,Philippines"
"Manado,Indonesia","Quezon City,Philippines"
"Manado,Indonesia","Pasay City,Philippines"
"Manado,Indonesia","Iligan,Philippines"
"Manado,Indonesia","Legazpi,Philippines"
"Manado,Indonesia","Bacolod,Philippines"
"Manado,Indonesia","Naga,Philippines"
"Manado,Indonesia","Angeles,Philippines"
"Manado,Indonesia","Batangas,Philippines"
"Manado,Indonesia","Cagayan de Oro,Philippines"
"Manado,Indonesia","Zamboanga,Philippines"
"Manado,Indonesia","Baguio City,Philippines"
"Manado,Indonesia","General Santos,Philippines"
"Manado,Indonesia","Cebu,Philippines"
"Manado,Indonesia","Iloilo,Philippines"
"Manado,Indonesia","Davao,Philippines"
"Manado,Indonesia","Manila,Philippines"
"Yogyakarta,Indonesia","Olongapo,Philippines"
"Yogyakarta,Indonesia","Quezon City,Philippines"
"Yogyakarta,Indonesia","Pasay City,Philippines"
"Yogyakarta,Indonesia","Iligan,Philippines"
"Yogyakarta,Indonesia","Legazpi,Philippines"
"Yogyakarta,Indonesia","Bacolod,Philippines"
"Yogyakarta,Indonesia","Naga,Philippines"
"Yogyakarta,Indonesia","Angeles,Philippines"
"Yogyakarta,Indonesia","Batangas,Philippines"
"Yogyakarta,Indonesia","Cagayan de Oro,Philippines"
"Yogyakarta,Indonesia","Zamboanga,Philippines"
"Yogyakarta,Indonesia","Baguio City,Philippines"
"Yogyakarta,Indonesia","General Santos,Philippines"
"Yogyakarta,Indonesia","Cebu,Philippines"
"Yogyakarta,Indonesia","Iloilo,Philippines"
"Yogyakarta,Indonesia","Davao,Philippines"
"Yogyakarta,Indonesia","Manila,Philippines"
"Palu,Indonesia","Olongapo,Philippines"
"Palu,Indonesia","Quezon City,Philippines"
"Palu,Indonesia","Pasay City,Philippines"
"Palu,Indonesia","Iligan,Philippines"
"Palu,Indonesia","Legazpi,Philippines"
"Palu,Indonesia","Bacolod,Philippines"
"Palu,Indonesia","Naga,Philippines"
"Palu,Indonesia","Angeles,Philippines"
"Palu,Indonesia","Batangas,Philippines"
"Palu,Indonesia","Cagayan de Oro,Philippines"
"Palu,Indonesia","Zamboanga,Philippines"
"Palu,Indonesia","Baguio City,Philippines"
"Palu,Indonesia","General Santos,Philippines"
"Palu,Indonesia","Cebu,Philippines"
"Palu,Indonesia","Iloilo,Philippines"
"Palu,Indonesia","Davao,Philippines"
"Palu,Indonesia","Manila,Philippines"
"Samarinda,Indonesia","Olongapo,Philippines"
"Samarinda,Indonesia","Quezon City,Philippines"
"Samarinda,Indonesia","Pasay City,Philippines"
"Samarinda,Indonesia","Iligan,Philippines"
"Samarinda,Indonesia","Legazpi,Philippines"
"Samarinda,Indonesia","Bacolod,Philippines"
"Samarinda,Indonesia","Naga,Philippines"
"Samarinda,Indonesia","Angeles,Philippines"
"Samarinda,Indonesia","Batangas,Philippines"
"Samarinda,Indonesia","Cagayan de Oro,Philippines"
"Samarinda,Indonesia","Zamboanga,Philippines"
"Samarinda,Indonesia","Baguio City,Philippines"
"Samarinda,Indonesia","General Santos,Philippines"
"Samarinda,Indonesia","Cebu,Philippines"
"Samarinda,Indonesia","Iloilo,Philippines"
"Samarinda,Indonesia","Davao,Philippines"
"Samarinda,Indonesia","Manila,Philippines"
"Cirebon,Indonesia","Olongapo,Philippines"
"Cirebon,Indonesia","Quezon City,Philippines"
"Cirebon,Indonesia","Pasay City,Philippines"
"Cirebon,Indonesia","Iligan,Philippines"
"Cirebon,Indonesia","Legazpi,Philippines"
"Cirebon,Indonesia","Bacolod,Philippines"
"Cirebon,Indonesia","Naga,Philippines"
"Cirebon,Indonesia","Angeles,Philippines"
"Cirebon,Indonesia","Batangas,Philippines"
"Cirebon,Indonesia","Cagayan de Oro,Philippines"
"Cirebon,Indonesia","Zamboanga,Philippines"
"Cirebon,Indonesia","Baguio City,Philippines"
"Cirebon,Indonesia","General Santos,Philippines"
"Cirebon,Indonesia","Cebu,Philippines"
"Cirebon,Indonesia","Iloilo,Philippines"
"Cirebon,Indonesia","Davao,Philippines"
"Cirebon,Indonesia","Manila,Philippines"
"Tasikmalaya,Indonesia","Olongapo,Philippines"
"Tasikmalaya,Indonesia","Quezon City,Philippines"
"Tasikmalaya,Indonesia","Pasay City,Philippines"
"Tasikmalaya,Indonesia","Iligan,Philippines"
"Tasikmalaya,Indonesia","Legazpi,Philippines"
"Tasikmalaya,Indonesia","Bacolod,Philippines"
"Tasikmalaya,Indonesia","Naga,Philippines"
"Tasikmalaya,Indonesia","Angeles,Philippines"
"Tasikmalaya,Indonesia","Batangas,Philippines"
"Tasikmalaya,Indonesia","Cagayan de Oro,Philippines"
"Tasikmalaya,Indonesia","Zamboanga,Philippines"
"Tasikmalaya,Indonesia","Baguio City,Philippines"
"Tasikmalaya,Indonesia","General Santos,Philippines"
"Tasikmalaya,Indonesia","Cebu,Philippines"
"Tasikmalaya,Indonesia","Iloilo,Philippines"
"Tasikmalaya,Indonesia","Davao,Philippines"
"Tasikmalaya,Indonesia","Manila,Philippines"
"Bogor,Indonesia","Olongapo,Philippines"
"Bogor,Indonesia","Quezon City,Philippines"
"Bogor,Indonesia","Pasay City,Philippines"
"Bogor,Indonesia","Iligan,Philippines"
"Bogor,Indonesia","Legazpi,Philippines"
"Bogor,Indonesia","Bacolod,Philippines"
"Bogor,Indonesia","Naga,Philippines"
"Bogor,Indonesia","Angeles,Philippines"
"Bogor,Indonesia","Batangas,Philippines"
"Bogor,Indonesia","Cagayan de Oro,Philippines"
"Bogor,Indonesia","Zamboanga,Philippines"
"Bogor,Indonesia","Baguio City,Philippines"
"Bogor,Indonesia","General Santos,Philippines"
"Bogor,Indonesia","Cebu,Philippines"
"Bogor,Indonesia","Iloilo,Philippines"
"Bogor,Indonesia","Davao,Philippines"
"Bogor,Indonesia","Manila,Philippines"
"Bengkulu,Indonesia","Olongapo,Philippines"
"Bengkulu,Indonesia","Quezon City,Philippines"
"Bengkulu,Indonesia","Pasay City,Philippines"
"Bengkulu,Indonesia","Iligan,Philippines"
"Bengkulu,Indonesia","Legazpi,Philippines"
"Bengkulu,Indonesia","Bacolod,Philippines"
"Bengkulu,Indonesia","Naga,Philippines"
"Bengkulu,Indonesia","Angeles,Philippines"
"Bengkulu,Indonesia","Batangas,Philippines"
"Bengkulu,Indonesia","Cagayan de Oro,Philippines"
"Bengkulu,Indonesia","Zamboanga,Philippines"
"Bengkulu,Indonesia","Baguio City,Philippines"
"Bengkulu,Indonesia","General Santos,Philippines"
"Bengkulu,Indonesia","Cebu,Philippines"
"Bengkulu,Indonesia","Iloilo,Philippines"
"Bengkulu,Indonesia","Davao,Philippines"
"Bengkulu,Indonesia","Manila,Philippines"
"Pontianak,Indonesia","Olongapo,Philippines"
"Pontianak,Indonesia","Quezon City,Philippines"
"Pontianak,Indonesia","Pasay City,Philippines"
"Pontianak,Indonesia","Iligan,Philippines"
"Pontianak,Indonesia","Legazpi,Philippines"
"Pontianak,Indonesia","Bacolod,Philippines"
"Pontianak,Indonesia","Naga,Philippines"
"Pontianak,Indonesia","Angeles,Philippines"
"Pontianak,Indonesia","Batangas,Philippines"
"Pontianak,Indonesia","Cagayan de Oro,Philippines"
"Pontianak,Indonesia","Zamboanga,Philippines"
"Pontianak,Indonesia","Baguio City,Philippines"
"Pontianak,Indonesia","General Santos,Philippines"
"Pontianak,Indonesia","Cebu,Philippines"
"Pontianak,Indonesia","Iloilo,Philippines"
"Pontianak,Indonesia","Davao,Philippines"
"Pontianak,Indonesia","Manila,Philippines"
"Jember,Indonesia","Olongapo,Philippines"
"Jember,Indonesia","Quezon City,Philippines"
"Jember,Indonesia","Pasay City,Philippines"
"Jember,Indonesia","Iligan,Philippines"
"Jember,Indonesia","Legazpi,Philippines"
"Jember,Indonesia","Bacolod,Philippines"
"Jember,Indonesia","Naga,Philippines"
"Jember,Indonesia","Angeles,Philippines"
"Jember,Indonesia","Batangas,Philippines"
"Jember,Indonesia","Cagayan de Oro,Philippines"
"Jember,Indonesia","Zamboanga,Philippines"
"Jember,Indonesia","Baguio City,Philippines"
"Jember,Indonesia","General Santos,Philippines"
"Jember,Indonesia","Cebu,Philippines"
"Jember,Indonesia","Iloilo,Philippines"
"Jember,Indonesia","Davao,Philippines"
"Jember,Indonesia","Manila,Philippines"
"Jambi,Indonesia","Olongapo,Philippines"
"Jambi,Indonesia","Quezon City,Philippines"
"Jambi,Indonesia","Pasay City,Philippines"
"Jambi,Indonesia","Iligan,Philippines"
"Jambi,Indonesia","Legazpi,Philippines"
"Jambi,Indonesia","Bacolod,Philippines"
"Jambi,Indonesia","Naga,Philippines"
"Jambi,Indonesia","Angeles,Philippines"
"Jambi,Indonesia","Batangas,Philippines"
"Jambi,Indonesia","Cagayan de Oro,Philippines"
"Jambi,Indonesia","Zamboanga,Philippines"
"Jambi,Indonesia","Baguio City,Philippines"
"Jambi,Indonesia","General Santos,Philippines"
"Jambi,Indonesia","Cebu,Philippines"
"Jambi,Indonesia","Iloilo,Philippines"
"Jambi,Indonesia","Davao,Philippines"
"Jambi,Indonesia","Manila,Philippines"
"Banda Aceh,Indonesia","Olongapo,Philippines"
"Banda Aceh,Indonesia","Quezon City,Philippines"
"Banda Aceh,Indonesia","Pasay City,Philippines"
"Banda Aceh,Indonesia","Iligan,Philippines"
"Banda Aceh,Indonesia","Legazpi,Philippines"
"Banda Aceh,Indonesia","Bacolod,Philippines"
"Banda Aceh,Indonesia","Naga,Philippines"
"Banda Aceh,Indonesia","Angeles,Philippines"
"Banda Aceh,Indonesia","Batangas,Philippines"
"Banda Aceh,Indonesia","Cagayan de Oro,Philippines"
"Banda Aceh,Indonesia","Zamboanga,Philippines"
"Banda Aceh,Indonesia","Baguio City,Philippines"
"Banda Aceh,Indonesia","General Santos,Philippines"
"Banda Aceh,Indonesia","Cebu,Philippines"
"Banda Aceh,Indonesia","Iloilo,Philippines"
"Banda Aceh,Indonesia","Davao,Philippines"
"Banda Aceh,Indonesia","Manila,Philippines"
"Balikpapan,Indonesia","Olongapo,Philippines"
"Balikpapan,Indonesia","Quezon City,Philippines"
"Balikpapan,Indonesia","Pasay City,Philippines"
"Balikpapan,Indonesia","Iligan,Philippines"
"Balikpapan,Indonesia","Legazpi,Philippines"
"Balikpapan,Indonesia","Bacolod,Philippines"
"Balikpapan,Indonesia","Naga,Philippines"
"Balikpapan,Indonesia","Angeles,Philippines"
"Balikpapan,Indonesia","Batangas,Philippines"
"Balikpapan,Indonesia","Cagayan de Oro,Philippines"
"Balikpapan,Indonesia","Zamboanga,Philippines"
"Balikpapan,Indonesia","Baguio City,Philippines"
"Balikpapan,Indonesia","General Santos,Philippines"
"Balikpapan,Indonesia","Cebu,Philippines"
"Balikpapan,Indonesia","Iloilo,Philippines"
"Balikpapan,Indonesia","Davao,Philippines"
"Balikpapan,Indonesia","Manila,Philippines"
"Surakarta,Indonesia","Olongapo,Philippines"
"Surakarta,Indonesia","Quezon City,Philippines"
"Surakarta,Indonesia","Pasay City,Philippines"
"Surakarta,Indonesia","Iligan,Philippines"
"Surakarta,Indonesia","Legazpi,Philippines"
"Surakarta,Indonesia","Bacolod,Philippines"
"Surakarta,Indonesia","Naga,Philippines"
"Surakarta,Indonesia","Angeles,Philippines"
"Surakarta,Indonesia","Batangas,Philippines"
"Surakarta,Indonesia","Cagayan de Oro,Philippines"
"Surakarta,Indonesia","Zamboanga,Philippines"
"Surakarta,Indonesia","Baguio City,Philippines"
"Surakarta,Indonesia","General Santos,Philippines"
"Surakarta,Indonesia","Cebu,Philippines"
"Surakarta,Indonesia","Iloilo,Philippines"
"Surakarta,Indonesia","Davao,Philippines"
"Surakarta,Indonesia","Manila,Philippines"
"Bandar Lampung,Indonesia","Olongapo,Philippines"
"Bandar Lampung,Indonesia","Quezon City,Philippines"
"Bandar Lampung,Indonesia","Pasay City,Philippines"
"Bandar Lampung,Indonesia","Iligan,Philippines"
"Bandar Lampung,Indonesia","Legazpi,Philippines"
"Bandar Lampung,Indonesia","Bacolod,Philippines"
"Bandar Lampung,Indonesia","Naga,Philippines"
"Bandar Lampung,Indonesia","Angeles,Philippines"
"Bandar Lampung,Indonesia","Batangas,Philippines"
"Bandar Lampung,Indonesia","Cagayan de Oro,Philippines"
"Bandar Lampung,Indonesia","Zamboanga,Philippines"
"Bandar Lampung,Indonesia","Baguio City,Philippines"
"Bandar Lampung,Indonesia","General Santos,Philippines"
"Bandar Lampung,Indonesia","Cebu,Philippines"
"Bandar Lampung,Indonesia","Iloilo,Philippines"
"Bandar Lampung,Indonesia","Davao,Philippines"
"Bandar Lampung,Indonesia","Manila,Philippines"
"Malang,Indonesia","Olongapo,Philippines"
"Malang,Indonesia","Quezon City,Philippines"
"Malang,Indonesia","Pasay City,Philippines"
"Malang,Indonesia","Iligan,Philippines"
"Malang,Indonesia","Legazpi,Philippines"
"Malang,Indonesia","Bacolod,Philippines"
"Malang,Indonesia","Naga,Philippines"
"Malang,Indonesia","Angeles,Philippines"
"Malang,Indonesia","Batangas,Philippines"
"Malang,Indonesia","Cagayan de Oro,Philippines"
"Malang,Indonesia","Zamboanga,Philippines"
"Malang,Indonesia","Baguio City,Philippines"
"Malang,Indonesia","General Santos,Philippines"
"Malang,Indonesia","Cebu,Philippines"
"Malang,Indonesia","Iloilo,Philippines"
"Malang,Indonesia","Davao,Philippines"
"Malang,Indonesia","Manila,Philippines"
###########Locations that failed
"Naga,Philippines"
"Batangas,Philippines"
"General Santos,Philippines"
"Olongapo,Philippines"
"Iloilo,Philippines"
"Baguio City,Philippines"
"Zamboanga,Philippines"
"Iligan,Philippines"
"Angeles,Philippines"
"Quezon City,Philippines"
"Bacolod,Philippines"
"Pasay City,Philippines"
"Cagayan de Oro,Philippines"
"Davao,Philippines"
"Cebu,Philippines"
"Legazpi,Philippines"
"Manila,Philippines"
