"San Carlos,Philippines","Cadiz,Philippines",187,128
"San Carlos,Philippines","Pagadian,Philippines",708,386
"San Carlos,Philippines","Ozamis,Philippines",725,381
"San Carlos,Philippines","Tarlac,Philippines",1373,918
"San Carlos,Philippines","Cabanatuan,Philippines",1408,946
"San Carlos,Philippines","Olongapo,Philippines",1376,941
"San Carlos,Philippines","Dagupan,Philippines",1441,1002
"San Carlos,Philippines","San Pablo,Philippines",1208,735
"San Carlos,Philippines","Quezon City,Philippines",1264,794
"San Carlos,Philippines","Pasay City,Philippines",1225,777
"San Carlos,Philippines","Iligan,Philippines",834,430
"San Carlos,Philippines","Ormac,Philippines",567,229
"San Carlos,Philippines","Tacloban,Philippines",636,288
"San Carlos,Philippines","Butuan,Philippines",896,452
"San Carlos,Philippines","Tagum,Philippines",1140,682
"San Carlos,Philippines","Surigao,Philippines",881,447
"San Carlos,Philippines","Gingoog,Philippines",796,371
"San Carlos,Philippines","Legazpi,Philippines",987,496
"San Carlos,Philippines","Tuguegarao,Philippines",1841,1267
"San Carlos,Philippines","Vigan,Philippines",1679,1189
"San Carlos,Philippines","Bacolod,Philippines",111,77
"San Carlos,Philippines","Roxas,Philippines",362,236
"San Carlos,Philippines","Puerto Princesa,Philippines",2473,1293
"San Carlos,Philippines","Naga,Philippines",1014,481
"San Carlos,Philippines","Angeles,Philippines",1327,870
"San Carlos,Philippines","Batangas,Philippines",1164,705
"San Carlos,Philippines","Cotabato,Philippines",1024,646
"San Carlos,Philippines","Calbayog,Philippines",842,459
"San Carlos,Philippines","Cagayan de Oro,Philippines",888,422
"San Carlos,Philippines","Zamboanga,Philippines",953,569
"San Carlos,Philippines","Laoag,Philippines",1779,1267
"San Carlos,Philippines","Baguio City,Philippines",1466,1031
"San Carlos,Philippines","General Santos,Philippines",1135,734
"San Carlos,Philippines","Cebu,Philippines",327,176
"San Carlos,Philippines","Iloilo,Philippines",330,207
"San Carlos,Philippines","Davao,Philippines",1160,748
"San Carlos,Philippines","Manila,Philippines",1250,786
"Cadiz,Philippines","Pagadian,Philippines",862,496
"Cadiz,Philippines","Ozamis,Philippines",879,490
"Cadiz,Philippines","Tarlac,Philippines",1266,831
"Cadiz,Philippines","Cabanatuan,Philippines",1300,859
"Cadiz,Philippines","Olongapo,Philippines",1269,854
"Cadiz,Philippines","Dagupan,Philippines",1333,915
"Cadiz,Philippines","San Pablo,Philippines",1100,648
"Cadiz,Philippines","Quezon City,Philippines",1157,707
"Cadiz,Philippines","Pasay City,Philippines",1118,690
"Cadiz,Philippines","Iligan,Philippines",989,539
"Cadiz,Philippines","Ormac,Philippines",542,237
"Cadiz,Philippines","Tacloban,Philippines",611,296
"Cadiz,Philippines","Butuan,Philippines",994,567
"Cadiz,Philippines","Tagum,Philippines",1218,784
"Cadiz,Philippines","Surigao,Philippines",856,455
"Cadiz,Philippines","Gingoog,Philippines",981,499
"Cadiz,Philippines","Legazpi,Philippines",962,504
"Cadiz,Philippines","Tuguegarao,Philippines",1733,1180
"Cadiz,Philippines","Vigan,Philippines",1572,1102
"Cadiz,Philippines","Bacolod,Philippines",99,63
"Cadiz,Philippines","Roxas,Philippines",255,149
"Cadiz,Philippines","Puerto Princesa,Philippines",2366,1206
"Cadiz,Philippines","Naga,Philippines",989,489
"Cadiz,Philippines","Angeles,Philippines",1220,783
"Cadiz,Philippines","Batangas,Philippines",1056,618
"Cadiz,Philippines","Cotabato,Philippines",1178,756
"Cadiz,Philippines","Calbayog,Philippines",817,467
"Cadiz,Philippines","Cagayan de Oro,Philippines",1073,550
"Cadiz,Philippines","Zamboanga,Philippines",1107,678
"Cadiz,Philippines","Laoag,Philippines",1672,1180
"Cadiz,Philippines","Baguio City,Philippines",1359,944
"Cadiz,Philippines","General Santos,Philippines",1289,844
"Cadiz,Philippines","Cebu,Philippines",421,157
"Cadiz,Philippines","Iloilo,Philippines",223,120
"Cadiz,Philippines","Davao,Philippines",1314,858
"Cadiz,Philippines","Manila,Philippines",1142,699
"Pagadian,Philippines","Ozamis,Philippines",115,87
"Pagadian,Philippines","Tarlac,Philippines",2042,1283
"Pagadian,Philippines","Cabanatuan,Philippines",2077,1310
"Pagadian,Philippines","Olongapo,Philippines",2046,1305
"Pagadian,Philippines","Dagupan,Philippines",2110,1366
"Pagadian,Philippines","San Pablo,Philippines",1877,1099
"Pagadian,Philippines","Quezon City,Philippines",1934,1158
"Pagadian,Philippines","Pasay City,Philippines",1895,1141
"Pagadian,Philippines","Iligan,Philippines",196,135
"Pagadian,Philippines","Ormac,Philippines",997,730
"Pagadian,Philippines","Tacloban,Philippines",1001,747
"Pagadian,Philippines","Butuan,Philippines",542,397
"Pagadian,Philippines","Tagum,Philippines",581,436
"Pagadian,Philippines","Surigao,Philippines",695,520
"Pagadian,Philippines","Gingoog,Philippines",447,318
"Pagadian,Philippines","Legazpi,Philippines",1509,846
"Pagadian,Philippines","Tuguegarao,Philippines",2510,1631
"Pagadian,Philippines","Vigan,Philippines",2348,1553
"Pagadian,Philippines","Bacolod,Philippines",767,432
"Pagadian,Philippines","Roxas,Philippines",1031,600
"Pagadian,Philippines","Puerto Princesa,Philippines",3142,1657
"Pagadian,Philippines","Naga,Philippines",1536,831
"Pagadian,Philippines","Angeles,Philippines",1997,1234
"Pagadian,Philippines","Batangas,Philippines",1833,1069
"Pagadian,Philippines","Cotabato,Philippines",348,277
"Pagadian,Philippines","Calbayog,Philippines",1203,910
"Pagadian,Philippines","Cagayan de Oro,Philippines",324,227
"Pagadian,Philippines","Zamboanga,Philippines",326,267
"Pagadian,Philippines","Laoag,Philippines",2449,1631
"Pagadian,Philippines","Baguio City,Philippines",2135,1395
"Pagadian,Philippines","General Santos,Philippines",460,365
"Pagadian,Philippines","Cebu,Philippines",851,440
"Pagadian,Philippines","Iloilo,Philippines",999,572
"Pagadian,Philippines","Davao,Philippines",484,380
"Pagadian,Philippines","Manila,Philippines",1919,1150
"Ozamis,Philippines","Tarlac,Philippines",2062,1280
"Ozamis,Philippines","Cabanatuan,Philippines",2096,1307
"Ozamis,Philippines","Olongapo,Philippines",2065,1302
"Ozamis,Philippines","Dagupan,Philippines",2129,1363
"Ozamis,Philippines","San Pablo,Philippines",1896,1096
"Ozamis,Philippines","Quezon City,Philippines",1953,1155
"Ozamis,Philippines","Pasay City,Philippines",1914,1138
"Ozamis,Philippines","Iligan,Philippines",145,66
"Ozamis,Philippines","Ormac,Philippines",946,661
"Ozamis,Philippines","Tacloban,Philippines",950,678
"Ozamis,Philippines","Butuan,Philippines",491,328
"Ozamis,Philippines","Tagum,Philippines",547,397
"Ozamis,Philippines","Surigao,Philippines",644,451
"Ozamis,Philippines","Gingoog,Philippines",396,249
"Ozamis,Philippines","Legazpi,Philippines",1481,1057
"Ozamis,Philippines","Tuguegarao,Philippines",2529,1628
"Ozamis,Philippines","Vigan,Philippines",2368,1551
"Ozamis,Philippines","Bacolod,Philippines",786,429
"Ozamis,Philippines","Roxas,Philippines",1051,597
"Ozamis,Philippines","Puerto Princesa,Philippines",3162,1654
"Ozamis,Philippines","Naga,Philippines",1555,828
"Ozamis,Philippines","Angeles,Philippines",2016,1231
"Ozamis,Philippines","Batangas,Philippines",1852,1066
"Ozamis,Philippines","Cotabato,Philippines",425,303
"Ozamis,Philippines","Calbayog,Philippines",1152,841
"Ozamis,Philippines","Cagayan de Oro,Philippines",273,158
"Ozamis,Philippines","Zamboanga,Philippines",442,354
"Ozamis,Philippines","Laoag,Philippines",2468,1628
"Ozamis,Philippines","Baguio City,Philippines",2155,1392
"Ozamis,Philippines","General Santos,Philippines",537,391
"Ozamis,Philippines","Cebu,Philippines",870,437
"Ozamis,Philippines","Iloilo,Philippines",1019,569
"Ozamis,Philippines","Davao,Philippines",485,346
"Ozamis,Philippines","Manila,Philippines",1938,1147
"Tarlac,Philippines","Cabanatuan,Philippines",123,88
"Tarlac,Philippines","Olongapo,Philippines",112,114
"Tarlac,Philippines","Dagupan,Philippines",135,88
"Tarlac,Philippines","San Pablo,Philippines",253,222
"Tarlac,Philippines","Quezon City,Philippines",126,128
"Tarlac,Philippines","Pasay City,Philippines",157,146
"Tarlac,Philippines","Iligan,Philippines",2098,1618
"Tarlac,Philippines","Ormac,Philippines",1418,1111
"Tarlac,Philippines","Tacloban,Philippines",1299,1015
"Tarlac,Philippines","Butuan,Philippines",1758,1357
"Tarlac,Philippines","Tagum,Philippines",1982,1573
"Tarlac,Philippines","Surigao,Philippines",1620,1244
"Tarlac,Philippines","Gingoog,Philippines",1851,1437
"Tarlac,Philippines","Legazpi,Philippines",788,630
"Tarlac,Philippines","Tuguegarao,Philippines",547,385
"Tarlac,Philippines","Vigan,Philippines",390,309
"Tarlac,Philippines","Bacolod,Philippines",1273,853
"Tarlac,Philippines","Roxas,Philippines",1057,716
"Tarlac,Philippines","Puerto Princesa,Philippines",1630,903
"Tarlac,Philippines","Naga,Philippines",661,544
"Tarlac,Philippines","Angeles,Philippines",73,56
"Tarlac,Philippines","Batangas,Philippines",218,217
"Tarlac,Philippines","Cotabato,Philippines",2235,1750
"Tarlac,Philippines","Calbayog,Philippines",1096,842
"Tarlac,Philippines","Cagayan de Oro,Philippines",1997,1535
"Tarlac,Philippines","Zamboanga,Philippines",2281,1468
"Tarlac,Philippines","Laoag,Philippines",490,387
"Tarlac,Philippines","Baguio City,Philippines",177,151
"Tarlac,Philippines","General Santos,Philippines",2244,1766
"Tarlac,Philippines","Cebu,Philippines",1396,959
"Tarlac,Philippines","Iloilo,Philippines",1155,794
"Tarlac,Philippines","Davao,Philippines",2102,1650
"Tarlac,Philippines","Manila,Philippines",138,132
"Cabanatuan,Philippines","Olongapo,Philippines",149,144
"Cabanatuan,Philippines","Dagupan,Philippines",163,133
"Cabanatuan,Philippines","San Pablo,Philippines",290,252
"Cabanatuan,Philippines","Quezon City,Philippines",163,158
"Cabanatuan,Philippines","Pasay City,Philippines",195,176
"Cabanatuan,Philippines","Iligan,Philippines",2135,1648
"Cabanatuan,Philippines","Ormac,Philippines",1455,1141
"Cabanatuan,Philippines","Tacloban,Philippines",1337,1045
"Cabanatuan,Philippines","Butuan,Philippines",1795,1387
"Cabanatuan,Philippines","Tagum,Philippines",2020,1603
"Cabanatuan,Philippines","Surigao,Philippines",1657,1274
"Cabanatuan,Philippines","Gingoog,Philippines",1889,1467
"Cabanatuan,Philippines","Legazpi,Philippines",826,660
"Cabanatuan,Philippines","Tuguegarao,Philippines",474,337
"Cabanatuan,Philippines","Vigan,Philippines",402,320
"Cabanatuan,Philippines","Bacolod,Philippines",1310,883
"Cabanatuan,Philippines","Roxas,Philippines",1094,746
"Cabanatuan,Philippines","Puerto Princesa,Philippines",1667,933
"Cabanatuan,Philippines","Naga,Philippines",698,574
"Cabanatuan,Philippines","Angeles,Philippines",111,86
"Cabanatuan,Philippines","Batangas,Philippines",255,247
"Cabanatuan,Philippines","Cotabato,Philippines",2273,1780
"Cabanatuan,Philippines","Calbayog,Philippines",1133,872
"Cabanatuan,Philippines","Cagayan de Oro,Philippines",2034,1564
"Cabanatuan,Philippines","Zamboanga,Philippines",2318,1498
"Cabanatuan,Philippines","Laoag,Philippines",502,398
"Cabanatuan,Philippines","Baguio City,Philippines",189,162
"Cabanatuan,Philippines","General Santos,Philippines",2281,1796
"Cabanatuan,Philippines","Cebu,Philippines",1433,989
"Cabanatuan,Philippines","Iloilo,Philippines",1192,824
"Cabanatuan,Philippines","Davao,Philippines",2139,1680
"Cabanatuan,Philippines","Manila,Philippines",175,162
"Olongapo,Philippines","Dagupan,Philippines",180,197
"Olongapo,Philippines","San Pablo,Philippines",256,243
"Olongapo,Philippines","Quezon City,Philippines",128,148
"Olongapo,Philippines","Pasay City,Philippines",160,166
"Olongapo,Philippines","Iligan,Philippines",2101,1638
"Olongapo,Philippines","Ormac,Philippines",1421,1131
"Olongapo,Philippines","Tacloban,Philippines",1302,1035
"Olongapo,Philippines","Butuan,Philippines",1760,1377
"Olongapo,Philippines","Tagum,Philippines",1985,1594
"Olongapo,Philippines","Surigao,Philippines",1623,1264
"Olongapo,Philippines","Gingoog,Philippines",1854,1457
"Olongapo,Philippines","Legazpi,Philippines",791,650
"Olongapo,Philippines","Tuguegarao,Philippines",579,462
"Olongapo,Philippines","Vigan,Philippines",418,384
"Olongapo,Philippines","Bacolod,Philippines",1275,873
"Olongapo,Philippines","Roxas,Philippines",1060,737
"Olongapo,Philippines","Puerto Princesa,Philippines",1632,923
"Olongapo,Philippines","Naga,Philippines",664,564
"Olongapo,Philippines","Angeles,Philippines",73,72
"Olongapo,Philippines","Batangas,Philippines",220,238
"Olongapo,Philippines","Cotabato,Philippines",2238,1770
"Olongapo,Philippines","Calbayog,Philippines",1098,862
"Olongapo,Philippines","Cagayan de Oro,Philippines",1999,1555
"Olongapo,Philippines","Zamboanga,Philippines",2283,1489
"Olongapo,Philippines","Laoag,Philippines",518,462
"Olongapo,Philippines","Baguio City,Philippines",205,226
"Olongapo,Philippines","General Santos,Philippines",2246,1786
"Olongapo,Philippines","Cebu,Philippines",1399,979
"Olongapo,Philippines","Iloilo,Philippines",1157,814
"Olongapo,Philippines","Davao,Philippines",2105,1670
"Olongapo,Philippines","Manila,Philippines",140,153
"Dagupan,Philippines","San Pablo,Philippines",322,306
"Dagupan,Philippines","Quezon City,Philippines",194,212
"Dagupan,Philippines","Pasay City,Philippines",226,229
"Dagupan,Philippines","Iligan,Philippines",2167,1701
"Dagupan,Philippines","Ormac,Philippines",1487,1195
"Dagupan,Philippines","Tacloban,Philippines",1368,1098
"Dagupan,Philippines","Butuan,Philippines",1826,1440
"Dagupan,Philippines","Tagum,Philippines",2051,1657
"Dagupan,Philippines","Surigao,Philippines",1689,1327
"Dagupan,Philippines","Gingoog,Philippines",1920,1521
"Dagupan,Philippines","Legazpi,Philippines",857,713
"Dagupan,Philippines","Tuguegarao,Philippines",547,388
"Dagupan,Philippines","Vigan,Philippines",297,210
"Dagupan,Philippines","Bacolod,Philippines",1341,937
"Dagupan,Philippines","Roxas,Philippines",1126,800
"Dagupan,Philippines","Puerto Princesa,Philippines",1698,987
"Dagupan,Philippines","Naga,Philippines",730,627
"Dagupan,Philippines","Angeles,Philippines",142,140
"Dagupan,Philippines","Batangas,Philippines",286,301
"Dagupan,Philippines","Cotabato,Philippines",2304,1834
"Dagupan,Philippines","Calbayog,Philippines",1164,925
"Dagupan,Philippines","Cagayan de Oro,Philippines",2065,1618
"Dagupan,Philippines","Zamboanga,Philippines",2349,1552
"Dagupan,Philippines","Laoag,Philippines",397,287
"Dagupan,Philippines","Baguio City,Philippines",118,74
"Dagupan,Philippines","General Santos,Philippines",2312,1850
"Dagupan,Philippines","Cebu,Philippines",1465,1043
"Dagupan,Philippines","Iloilo,Philippines",1223,878
"Dagupan,Philippines","Davao,Philippines",2171,1733
"Dagupan,Philippines","Manila,Philippines",206,216
"San Pablo,Philippines","Quezon City,Philippines",135,92
"San Pablo,Philippines","Pasay City,Philippines",96,75
"San Pablo,Philippines","Iligan,Philippines",1852,1371
"San Pablo,Philippines","Ormac,Philippines",1172,865
"San Pablo,Philippines","Tacloban,Philippines",1053,768
"San Pablo,Philippines","Butuan,Philippines",1511,1110
"San Pablo,Philippines","Tagum,Philippines",1736,1327
"San Pablo,Philippines","Surigao,Philippines",1374,997
"San Pablo,Philippines","Gingoog,Philippines",1605,1191
"San Pablo,Philippines","Legazpi,Philippines",542,383
"San Pablo,Philippines","Tuguegarao,Philippines",711,565
"San Pablo,Philippines","Vigan,Philippines",550,487
"San Pablo,Philippines","Bacolod,Philippines",1109,665
"San Pablo,Philippines","Roxas,Philippines",894,529
"San Pablo,Philippines","Puerto Princesa,Philippines",1479,733
"San Pablo,Philippines","Naga,Philippines",415,297
"San Pablo,Philippines","Angeles,Philippines",198,168
"San Pablo,Philippines","Batangas,Philippines",50,29
"San Pablo,Philippines","Cotabato,Philippines",1989,1504
"San Pablo,Philippines","Calbayog,Philippines",849,595
"San Pablo,Philippines","Cagayan de Oro,Philippines",1750,1288
"San Pablo,Philippines","Zamboanga,Philippines",2117,1281
"San Pablo,Philippines","Laoag,Philippines",650,565
"San Pablo,Philippines","Baguio City,Philippines",337,329
"San Pablo,Philippines","General Santos,Philippines",1997,1520
"San Pablo,Philippines","Cebu,Philippines",1150,713
"San Pablo,Philippines","Iloilo,Philippines",991,606
"San Pablo,Philippines","Davao,Philippines",1856,1403
"San Pablo,Philippines","Manila,Philippines",120,84
"Quezon City,Philippines","Pasay City,Philippines",45,19
"Quezon City,Philippines","Iligan,Philippines",1986,1491
"Quezon City,Philippines","Ormac,Philippines",1306,984
"Quezon City,Philippines","Tacloban,Philippines",1187,888
"Quezon City,Philippines","Butuan,Philippines",1646,1230
"Quezon City,Philippines","Tagum,Philippines",1870,1446
"Quezon City,Philippines","Surigao,Philippines",1508,1117
"Quezon City,Philippines","Gingoog,Philippines",1739,1310
"Quezon City,Philippines","Legazpi,Philippines",676,503
"Quezon City,Philippines","Tuguegarao,Philippines",590,476
"Quezon City,Philippines","Vigan,Philippines",429,398
"Quezon City,Philippines","Bacolod,Philippines",1161,726
"Quezon City,Philippines","Roxas,Philippines",945,590
"Quezon City,Philippines","Puerto Princesa,Philippines",1518,776
"Quezon City,Philippines","Naga,Philippines",549,417
"Quezon City,Philippines","Angeles,Philippines",77,78
"Quezon City,Philippines","Batangas,Philippines",106,90
"Quezon City,Philippines","Cotabato,Philippines",2123,1623
"Quezon City,Philippines","Calbayog,Philippines",983,715
"Quezon City,Philippines","Cagayan de Oro,Philippines",1885,1408
"Quezon City,Philippines","Zamboanga,Philippines",2169,1341
"Quezon City,Philippines","Laoag,Philippines",529,476
"Quezon City,Philippines","Baguio City,Philippines",216,240
"Quezon City,Philippines","General Santos,Philippines",2132,1639
"Quezon City,Philippines","Cebu,Philippines",1284,832
"Quezon City,Philippines","Iloilo,Philippines",1043,667
"Quezon City,Philippines","Davao,Philippines",1990,1523
"Quezon City,Philippines","Manila,Philippines",34,12
"Pasay City,Philippines","Iligan,Philippines",1958,1477
"Pasay City,Philippines","Ormac,Philippines",1278,970
"Pasay City,Philippines","Tacloban,Philippines",1160,874
"Pasay City,Philippines","Butuan,Philippines",1618,1216
"Pasay City,Philippines","Tagum,Philippines",1843,1432
"Pasay City,Philippines","Surigao,Philippines",1480,1103
"Pasay City,Philippines","Gingoog,Philippines",1712,1296
"Pasay City,Philippines","Legazpi,Philippines",649,489
"Pasay City,Philippines","Tuguegarao,Philippines",631,487
"Pasay City,Philippines","Vigan,Philippines",469,410
"Pasay City,Philippines","Bacolod,Philippines",1133,712
"Pasay City,Philippines","Roxas,Philippines",917,576
"Pasay City,Philippines","Puerto Princesa,Philippines",1490,762
"Pasay City,Philippines","Naga,Philippines",521,403
"Pasay City,Philippines","Angeles,Philippines",118,90
"Pasay City,Philippines","Batangas,Philippines",78,77
"Pasay City,Philippines","Cotabato,Philippines",2096,1609
"Pasay City,Philippines","Calbayog,Philippines",956,701
"Pasay City,Philippines","Cagayan de Oro,Philippines",1857,1394
"Pasay City,Philippines","Zamboanga,Philippines",2141,1328
"Pasay City,Philippines","Laoag,Philippines",569,487
"Pasay City,Philippines","Baguio City,Philippines",256,251
"Pasay City,Philippines","General Santos,Philippines",2104,1625
"Pasay City,Philippines","Cebu,Philippines",1256,818
"Pasay City,Philippines","Iloilo,Philippines",1015,653
"Pasay City,Philippines","Davao,Philippines",1962,1509
"Pasay City,Philippines","Manila,Philippines",32,8
"Iligan,Philippines","Ormac,Philippines",802,594
"Iligan,Philippines","Tacloban,Philippines",807,611
"Iligan,Philippines","Butuan,Philippines",348,261
"Iligan,Philippines","Tagum,Philippines",447,344
"Iligan,Philippines","Surigao,Philippines",501,385
"Iligan,Philippines","Gingoog,Philippines",252,182
"Iligan,Philippines","Legazpi,Philippines",1337,990
"Iligan,Philippines","Tuguegarao,Philippines",2563,1959
"Iligan,Philippines","Vigan,Philippines",2401,1881
"Iligan,Philippines","Bacolod,Philippines",892,478
"Iligan,Philippines","Roxas,Philippines",1157,646
"Iligan,Philippines","Puerto Princesa,Philippines",3268,1703
"Iligan,Philippines","Naga,Philippines",1459,1081
"Iligan,Philippines","Angeles,Philippines",2049,1562
"Iligan,Philippines","Batangas,Philippines",1883,1396
"Iligan,Philippines","Cotabato,Philippines",385,271
"Iligan,Philippines","Calbayog,Philippines",1009,774
"Iligan,Philippines","Cagayan de Oro,Philippines",129,92
"Iligan,Philippines","Zamboanga,Philippines",518,403
"Iligan,Philippines","Laoag,Philippines",2501,1959
"Iligan,Philippines","Baguio City,Philippines",2188,1723
"Iligan,Philippines","General Santos,Philippines",519,376
"Iligan,Philippines","Cebu,Philippines",976,486
"Iligan,Philippines","Iloilo,Philippines",1125,618
"Iligan,Philippines","Davao,Philippines",385,293
"Iligan,Philippines","Manila,Philippines",1972,1478
"Ormac,Philippines","Tacloban,Philippines",121,96
"Ormac,Philippines","Butuan,Philippines",460,333
"Ormac,Philippines","Tagum,Philippines",685,550
"Ormac,Philippines","Surigao,Philippines",323,220
"Ormac,Philippines","Gingoog,Philippines",554,413
"Ormac,Philippines","Legazpi,Philippines",655,484
"Ormac,Philippines","Tuguegarao,Philippines",1881,1452
"Ormac,Philippines","Vigan,Philippines",1719,1374
"Ormac,Philippines","Bacolod,Philippines",561,259
"Ormac,Philippines","Roxas,Philippines",717,345
"Ormac,Philippines","Puerto Princesa,Philippines",2620,1595
"Ormac,Philippines","Naga,Philippines",777,574
"Ormac,Philippines","Angeles,Philippines",1367,1055
"Ormac,Philippines","Batangas,Philippines",1201,889
"Ormac,Philippines","Cotabato,Philippines",938,726
"Ormac,Philippines","Calbayog,Philippines",327,268
"Ormac,Philippines","Cagayan de Oro,Philippines",700,511
"Ormac,Philippines","Zamboanga,Philippines",1316,997
"Ormac,Philippines","Laoag,Philippines",1819,1452
"Ormac,Philippines","Baguio City,Philippines",1506,1216
"Ormac,Philippines","General Santos,Philippines",946,742
"Ormac,Philippines","Cebu,Philippines",308,171
"Ormac,Philippines","Iloilo,Philippines",685,317
"Ormac,Philippines","Davao,Philippines",805,626
"Ormac,Philippines","Manila,Philippines",1290,971
"Tacloban,Philippines","Butuan,Philippines",463,350
"Tacloban,Philippines","Tagum,Philippines",687,567
"Tacloban,Philippines","Surigao,Philippines",325,237
"Tacloban,Philippines","Gingoog,Philippines",556,431
"Tacloban,Philippines","Legazpi,Philippines",537,387
"Tacloban,Philippines","Tuguegarao,Philippines",1763,1356
"Tacloban,Philippines","Vigan,Philippines",1601,1278
"Tacloban,Philippines","Bacolod,Philippines",628,318
"Tacloban,Philippines","Roxas,Philippines",784,404
"Tacloban,Philippines","Puerto Princesa,Philippines",2502,1499
"Tacloban,Philippines","Naga,Philippines",659,478
"Tacloban,Philippines","Angeles,Philippines",1249,959
"Tacloban,Philippines","Batangas,Philippines",1083,793
"Tacloban,Philippines","Cotabato,Philippines",940,743
"Tacloban,Philippines","Calbayog,Philippines",209,171
"Tacloban,Philippines","Cagayan de Oro,Philippines",702,528
"Tacloban,Philippines","Zamboanga,Philippines",1319,1015
"Tacloban,Philippines","Laoag,Philippines",1701,1356
"Tacloban,Philippines","Baguio City,Philippines",1388,1120
"Tacloban,Philippines","General Santos,Philippines",949,760
"Tacloban,Philippines","Cebu,Philippines",375,229
"Tacloban,Philippines","Iloilo,Philippines",752,375
"Tacloban,Philippines","Davao,Philippines",807,643
"Tacloban,Philippines","Manila,Philippines",1172,875
"Butuan,Philippines","Tagum,Philippines",252,231
"Butuan,Philippines","Surigao,Philippines",162,123
"Butuan,Philippines","Gingoog,Philippines",100,80
"Butuan,Philippines","Legazpi,Philippines",998,729
"Butuan,Philippines","Tuguegarao,Philippines",2224,1697
"Butuan,Philippines","Vigan,Philippines",2062,1620
"Butuan,Philippines","Bacolod,Philippines",1003,529
"Butuan,Philippines","Roxas,Philippines",1173,676
"Butuan,Philippines","Puerto Princesa,Philippines",2963,1840
"Butuan,Philippines","Naga,Philippines",1120,820
"Butuan,Philippines","Angeles,Philippines",1710,1300
"Butuan,Philippines","Batangas,Philippines",1544,1135
"Butuan,Philippines","Cotabato,Philippines",505,407
"Butuan,Philippines","Calbayog,Philippines",670,513
"Butuan,Philippines","Cagayan de Oro,Philippines",245,178
"Butuan,Philippines","Zamboanga,Philippines",862,664
"Butuan,Philippines","Laoag,Philippines",2162,1698
"Butuan,Philippines","Baguio City,Philippines",1849,1461
"Butuan,Philippines","General Santos,Philippines",513,423
"Butuan,Philippines","Cebu,Philippines",764,501
"Butuan,Philippines","Iloilo,Philippines",1141,647
"Butuan,Philippines","Davao,Philippines",372,307
"Butuan,Philippines","Manila,Philippines",1633,1216
"Tagum,Philippines","Surigao,Philippines",389,340
"Tagum,Philippines","Gingoog,Philippines",348,311
"Tagum,Philippines","Legazpi,Philippines",1225,945
"Tagum,Philippines","Tuguegarao,Philippines",2450,1914
"Tagum,Philippines","Vigan,Philippines",2289,1836
"Tagum,Philippines","Bacolod,Philippines",1244,806
"Tagum,Philippines","Roxas,Philippines",1400,892
"Tagum,Philippines","Puerto Princesa,Philippines",3190,2057
"Tagum,Philippines","Naga,Philippines",1347,1036
"Tagum,Philippines","Angeles,Philippines",1937,1517
"Tagum,Philippines","Batangas,Philippines",1771,1351
"Tagum,Philippines","Cotabato,Philippines",254,176
"Tagum,Philippines","Calbayog,Philippines",897,729
"Tagum,Philippines","Cagayan de Oro,Philippines",366,277
"Tagum,Philippines","Zamboanga,Philippines",902,703
"Tagum,Philippines","Laoag,Philippines",2389,1914
"Tagum,Philippines","Baguio City,Philippines",2076,1678
"Tagum,Philippines","General Santos,Philippines",262,193
"Tagum,Philippines","Cebu,Philippines",990,718
"Tagum,Philippines","Iloilo,Philippines",1368,864
"Tagum,Philippines","Davao,Philippines",120,76
"Tagum,Philippines","Manila,Philippines",1859,1433
"Surigao,Philippines","Gingoog,Philippines",255,204
"Surigao,Philippines","Legazpi,Philippines",860,616
"Surigao,Philippines","Tuguegarao,Philippines",2085,1584
"Surigao,Philippines","Vigan,Philippines",1923,1507
"Surigao,Philippines","Bacolod,Philippines",878,477
"Surigao,Philippines","Roxas,Philippines",1034,563
"Surigao,Philippines","Puerto Princesa,Philippines",2824,1727
"Surigao,Philippines","Naga,Philippines",981,706
"Surigao,Philippines","Angeles,Philippines",1572,1187
"Surigao,Philippines","Batangas,Philippines",1406,1022
"Surigao,Philippines","Cotabato,Philippines",639,516
"Surigao,Philippines","Calbayog,Philippines",531,400
"Surigao,Philippines","Cagayan de Oro,Philippines",401,301
"Surigao,Philippines","Zamboanga,Philippines",1018,788
"Surigao,Philippines","Laoag,Philippines",2024,1585
"Surigao,Philippines","Baguio City,Philippines",1710,1348
"Surigao,Philippines","General Santos,Philippines",648,533
"Surigao,Philippines","Cebu,Philippines",625,388
"Surigao,Philippines","Iloilo,Philippines",1002,534
"Surigao,Philippines","Davao,Philippines",506,416
"Surigao,Philippines","Manila,Philippines",1494,1103
"Gingoog,Philippines","Legazpi,Philippines",1090,809
"Gingoog,Philippines","Tuguegarao,Philippines",2315,1777
"Gingoog,Philippines","Vigan,Philippines",2154,1700
"Gingoog,Philippines","Bacolod,Philippines",904,449
"Gingoog,Philippines","Roxas,Philippines",1156,608
"Gingoog,Philippines","Puerto Princesa,Philippines",3054,1921
"Gingoog,Philippines","Naga,Philippines",1211,900
"Gingoog,Philippines","Angeles,Philippines",1802,1380
"Gingoog,Philippines","Batangas,Philippines",1636,1215
"Gingoog,Philippines","Cotabato,Philippines",440,347
"Gingoog,Philippines","Calbayog,Philippines",762,593
"Gingoog,Philippines","Cagayan de Oro,Philippines",151,99
"Gingoog,Philippines","Zamboanga,Philippines",768,585
"Gingoog,Philippines","Laoag,Philippines",2254,1778
"Gingoog,Philippines","Baguio City,Philippines",1941,1542
"Gingoog,Philippines","General Santos,Philippines",590,474
"Gingoog,Philippines","Cebu,Philippines",728,349
"Gingoog,Philippines","Iloilo,Philippines",1124,579
"Gingoog,Philippines","Davao,Philippines",418,326
"Gingoog,Philippines","Manila,Philippines",1724,1296
"Legazpi,Philippines","Tuguegarao,Philippines",1252,971
"Legazpi,Philippines","Vigan,Philippines",1091,893
"Legazpi,Philippines","Bacolod,Philippines",982,526
"Legazpi,Philippines","Roxas,Philippines",1138,612
"Legazpi,Philippines","Puerto Princesa,Philippines",1992,1114
"Legazpi,Philippines","Naga,Philippines",149,93
"Legazpi,Philippines","Angeles,Philippines",739,574
"Legazpi,Philippines","Batangas,Philippines",573,408
"Legazpi,Philippines","Cotabato,Philippines",1472,1123
"Legazpi,Philippines","Calbayog,Philippines",332,214
"Legazpi,Philippines","Cagayan de Oro,Philippines",1234,907
"Legazpi,Philippines","Zamboanga,Philippines",1755,1030
"Legazpi,Philippines","Laoag,Philippines",1191,971
"Legazpi,Philippines","Baguio City,Philippines",878,735
"Legazpi,Philippines","General Santos,Philippines",1481,1139
"Legazpi,Philippines","Cebu,Philippines",728,437
"Legazpi,Philippines","Iloilo,Philippines",1106,583
"Legazpi,Philippines","Davao,Philippines",1339,1022
"Legazpi,Philippines","Manila,Philippines",661,490
"Tuguegarao,Philippines","Vigan,Philippines",439,276
"Tuguegarao,Philippines","Bacolod,Philippines",1734,1200
"Tuguegarao,Philippines","Roxas,Philippines",1518,1064
"Tuguegarao,Philippines","Puerto Princesa,Philippines",2091,1250
"Tuguegarao,Philippines","Naga,Philippines",1122,891
"Tuguegarao,Philippines","Angeles,Philippines",534,403
"Tuguegarao,Philippines","Batangas,Philippines",678,565
"Tuguegarao,Philippines","Cotabato,Philippines",2696,2097
"Tuguegarao,Philippines","Calbayog,Philippines",1556,1189
"Tuguegarao,Philippines","Cagayan de Oro,Philippines",2458,1882
"Tuguegarao,Philippines","Zamboanga,Philippines",2742,1816
"Tuguegarao,Philippines","Laoag,Philippines",350,303
"Tuguegarao,Philippines","Baguio City,Philippines",464,317
"Tuguegarao,Philippines","General Santos,Philippines",2704,2113
"Tuguegarao,Philippines","Cebu,Philippines",1857,1306
"Tuguegarao,Philippines","Iloilo,Philippines",1616,1141
"Tuguegarao,Philippines","Davao,Philippines",2563,1997
"Tuguegarao,Philippines","Manila,Philippines",599,479
"Vigan,Philippines","Bacolod,Philippines",1573,1123
"Vigan,Philippines","Roxas,Philippines",1358,987
"Vigan,Philippines","Puerto Princesa,Philippines",1930,1173
"Vigan,Philippines","Naga,Philippines",962,814
"Vigan,Philippines","Angeles,Philippines",374,326
"Vigan,Philippines","Batangas,Philippines",518,488
"Vigan,Philippines","Cotabato,Philippines",2536,2020
"Vigan,Philippines","Calbayog,Philippines",1396,1112
"Vigan,Philippines","Cagayan de Oro,Philippines",2297,1805
"Vigan,Philippines","Zamboanga,Philippines",2581,1739
"Vigan,Philippines","Laoag,Philippines",111,82
"Vigan,Philippines","Baguio City,Philippines",284,194
"Vigan,Philippines","General Santos,Philippines",2544,2037
"Vigan,Philippines","Cebu,Philippines",1697,1230
"Vigan,Philippines","Iloilo,Philippines",1456,1064
"Vigan,Philippines","Davao,Philippines",2403,1920
"Vigan,Philippines","Manila,Philippines",439,403
"Bacolod,Philippines","Roxas,Philippines",268,169
"Bacolod,Philippines","Puerto Princesa,Philippines",2379,1226
"Bacolod,Philippines","Naga,Philippines",1009,511
"Bacolod,Philippines","Angeles,Philippines",1234,803
"Bacolod,Philippines","Batangas,Philippines",1070,638
"Bacolod,Philippines","Cotabato,Philippines",1083,694
"Bacolod,Philippines","Calbayog,Philippines",836,489
"Bacolod,Philippines","Cagayan de Oro,Philippines",997,500
"Bacolod,Philippines","Zamboanga,Philippines",1012,617
"Bacolod,Philippines","Laoag,Philippines",1686,1200
"Bacolod,Philippines","Baguio City,Philippines",1372,964
"Bacolod,Philippines","General Santos,Philippines",1195,782
"Bacolod,Philippines","Cebu,Philippines",441,179
"Bacolod,Philippines","Iloilo,Philippines",236,141
"Bacolod,Philippines","Davao,Philippines",1219,796
"Bacolod,Philippines","Manila,Philippines",1156,719
"Roxas,Philippines","Puerto Princesa,Philippines",2165,1089
"Roxas,Philippines","Naga,Philippines",1166,597
"Roxas,Philippines","Angeles,Philippines",1019,666
"Roxas,Philippines","Batangas,Philippines",856,502
"Roxas,Philippines","Cotabato,Philippines",1348,862
"Roxas,Philippines","Calbayog,Philippines",994,576
"Roxas,Philippines","Cagayan de Oro,Philippines",1250,658
"Roxas,Philippines","Zamboanga,Philippines",1278,785
"Roxas,Philippines","Laoag,Philippines",1471,1064
"Roxas,Philippines","Baguio City,Philippines",1158,827
"Roxas,Philippines","General Santos,Philippines",1460,950
"Roxas,Philippines","Cebu,Philippines",598,265
"Roxas,Philippines","Iloilo,Philippines",152,110
"Roxas,Philippines","Davao,Philippines",1485,964
"Roxas,Philippines","Manila,Philippines",942,582
"Puerto Princesa,Philippines","Naga,Philippines",1871,1024
"Puerto Princesa,Philippines","Angeles,Philippines",1591,847
"Puerto Princesa,Philippines","Batangas,Philippines",1435,704
"Puerto Princesa,Philippines","Cotabato,Philippines",3445,2230
"Puerto Princesa,Philippines","Calbayog,Philippines",2305,1322
"Puerto Princesa,Philippines","Cagayan de Oro,Philippines",3207,2014
"Puerto Princesa,Philippines","Zamboanga,Philippines",3354,1436
"Puerto Princesa,Philippines","Laoag,Philippines",2043,1245
"Puerto Princesa,Philippines","Baguio City,Philippines",1730,1009
"Puerto Princesa,Philippines","General Santos,Philippines",3453,2246
"Puerto Princesa,Philippines","Cebu,Philippines",2606,1439
"Puerto Princesa,Philippines","Iloilo,Philippines",2260,1167
"Puerto Princesa,Philippines","Davao,Philippines",3312,2130
"Puerto Princesa,Philippines","Manila,Philippines",1514,763
"Naga,Philippines","Angeles,Philippines",609,488
"Naga,Philippines","Batangas,Philippines",443,322
"Naga,Philippines","Cotabato,Philippines",1595,1212
"Naga,Philippines","Calbayog,Philippines",455,304
"Naga,Philippines","Cagayan de Oro,Philippines",1357,997
"Naga,Philippines","Zamboanga,Philippines",1783,1014
"Naga,Philippines","Laoag,Philippines",1061,885
"Naga,Philippines","Baguio City,Philippines",748,649
"Naga,Philippines","General Santos,Philippines",1604,1229
"Naga,Philippines","Cebu,Philippines",756,422
"Naga,Philippines","Iloilo,Philippines",1133,567
"Naga,Philippines","Davao,Philippines",1462,1112
"Naga,Philippines","Manila,Philippines",532,404
"Angeles,Philippines","Batangas,Philippines",171,168
"Angeles,Philippines","Cotabato,Philippines",2189,1700
"Angeles,Philippines","Calbayog,Philippines",1049,792
"Angeles,Philippines","Cagayan de Oro,Philippines",1951,1485
"Angeles,Philippines","Zamboanga,Philippines",2235,1419
"Angeles,Philippines","Laoag,Philippines",480,404
"Angeles,Philippines","Baguio City,Philippines",166,168
"Angeles,Philippines","General Santos,Philippines",2197,1717
"Angeles,Philippines","Cebu,Philippines",1350,910
"Angeles,Philippines","Iloilo,Philippines",1109,744
"Angeles,Philippines","Davao,Philippines",2056,1600
"Angeles,Philippines","Manila,Philippines",92,83
"Batangas,Philippines","Cotabato,Philippines",2023,1524
"Batangas,Philippines","Calbayog,Philippines",883,616
"Batangas,Philippines","Cagayan de Oro,Philippines",1785,1309
"Batangas,Philippines","Zamboanga,Philippines",2070,1252
"Batangas,Philippines","Laoag,Philippines",624,564
"Batangas,Philippines","Baguio City,Philippines",311,328
"Batangas,Philippines","General Santos,Philippines",2031,1541
"Batangas,Philippines","Cebu,Philippines",1184,734
"Batangas,Philippines","Iloilo,Philippines",944,578
"Batangas,Philippines","Davao,Philippines",1890,1424
"Batangas,Philippines","Manila,Philippines",95,83
"Cotabato,Philippines","Calbayog,Philippines",1151,906
"Cotabato,Philippines","Cagayan de Oro,Philippines",311,238
"Cotabato,Philippines","Zamboanga,Philippines",670,544
"Cotabato,Philippines","Laoag,Philippines",2643,2091
"Cotabato,Philippines","Baguio City,Philippines",2330,1854
"Cotabato,Philippines","General Santos,Philippines",201,162
"Cotabato,Philippines","Cebu,Philippines",1163,699
"Cotabato,Philippines","Iloilo,Philippines",1312,831
"Cotabato,Philippines","Davao,Philippines",140,103
"Cotabato,Philippines","Manila,Philippines",2114,1609
"Calbayog,Philippines","Cagayan de Oro,Philippines",905,691
"Calbayog,Philippines","Zamboanga,Philippines",1522,1178
"Calbayog,Philippines","Laoag,Philippines",1496,1183
"Calbayog,Philippines","Baguio City,Philippines",1183,947
"Calbayog,Philippines","General Santos,Philippines",1152,923
"Calbayog,Philippines","Cebu,Philippines",581,401
"Calbayog,Philippines","Iloilo,Philippines",958,547
"Calbayog,Philippines","Davao,Philippines",1010,806
"Calbayog,Philippines","Manila,Philippines",967,702
"Cagayan de Oro,Philippines","Zamboanga,Philippines",645,494
"Cagayan de Oro,Philippines","Laoag,Philippines",2400,1875
"Cagayan de Oro,Philippines","Baguio City,Philippines",2086,1639
"Cagayan de Oro,Philippines","General Santos,Philippines",461,361
"Cagayan de Oro,Philippines","Cebu,Philippines",821,400
"Cagayan de Oro,Philippines","Iloilo,Philippines",1217,630
"Cagayan de Oro,Philippines","Davao,Philippines",314,260
"Cagayan de Oro,Philippines","Manila,Philippines",1870,1394
"Zamboanga,Philippines","Laoag,Philippines",2690,1816
"Zamboanga,Philippines","Baguio City,Philippines",2377,1580
"Zamboanga,Philippines","General Santos,Philippines",779,633
"Zamboanga,Philippines","Cebu,Philippines",1092,625
"Zamboanga,Philippines","Iloilo,Philippines",1241,756
"Zamboanga,Philippines","Davao,Philippines",804,647
"Zamboanga,Philippines","Manila,Philippines",2160,1335
"Laoag,Philippines","Baguio City,Philippines",386,272
"Laoag,Philippines","General Santos,Philippines",2646,2114
"Laoag,Philippines","Cebu,Philippines",1798,1307
"Laoag,Philippines","Iloilo,Philippines",1557,1142
"Laoag,Philippines","Davao,Philippines",2504,1998
"Laoag,Philippines","Manila,Philippines",540,481
"Baguio City,Philippines","General Santos,Philippines",2337,1878
"Baguio City,Philippines","Cebu,Philippines",1489,1071
"Baguio City,Philippines","Iloilo,Philippines",1248,906
"Baguio City,Philippines","Davao,Philippines",2195,1762
"Baguio City,Philippines","Manila,Philippines",231,244
"General Santos,Philippines","Cebu,Philippines",1252,911
"General Santos,Philippines","Iloilo,Philippines",1427,920
"General Santos,Philippines","Davao,Philippines",193,148
"General Santos,Philippines","Manila,Philippines",2121,1626
"Cebu,Philippines","Iloilo,Philippines",564,236
"Cebu,Philippines","Davao,Philippines",1102,794
"Cebu,Philippines","Manila,Philippines",1266,819
"Iloilo,Philippines","Davao,Philippines",1449,935
"Iloilo,Philippines","Manila,Philippines",1037,659
"Davao,Philippines","Manila,Philippines",1983,1513
