Mae Hong Son,Phangnga,1385,1644
Mae Hong Son,Ranong,1253,1466
Mae Hong Son,Krabi,1374,1665
Mae Hong Son,Phatthalung,1435,1734
Mae Hong Son,Satun,1553,1868
Mae Hong Son,Lamphun,331,266
Mae Hong Son,Kamphaeng Phet,541,535
Mae Hong Son,Phichit,644,654
Mae Hong Son,Phetchabun,711,733
Mae Hong Son,Supham Buri,756,805
Mae Hong Son,Ang Thong,729,783
Mae Hong Son,Chainat,674,707
Mae Hong Son,Nakhon Nayok,830,881
Mae Hong Son,Sing Buri,700,747
Mae Hong Son,Nakhon Pathom,834,892
Mae Hong Son,Prachuap Khiri Khan,1014,1174
Mae Hong Son,Samut Sakhon,832,928
Mae Hong Son,Samut Songkhram,860,964
Mae Hong Son,Yasothon,996,1070
Mae Hong Son,Chachoengsao,848,927
Mae Hong Son,Trat,1034,1183
Mae Hong Son,Kalasin,900,965
Mae Hong Son,Maha Sarakham,907,961
Mae Hong Son,Roi Et,935,1001
Mae Hong Son,Pattani,1604,1939
Mae Hong Son,Chumphon,1145,1349
Mae Hong Son,Thung Song,1367,1647
Mae Hong Son,Trang,1432,1723
Mae Hong Son,Yala,1611,1955
Mae Hong Son,Chiang Rai,463,412
Mae Hong Son,Lampang,386,337
Mae Hong Son,Nan,582,519
Mae Hong Son,Phayao,497,436
Mae Hong Son,Phrae,469,436
Mae Hong Son,Phitsanulok,578,576
Mae Hong Son,Sukhothai,550,536
Mae Hong Son,Uttaradit,504,475
Mae Hong Son,Kanchanaburi,827,879
Mae Hong Son,Mae Sot,429,410
Mae Hong Son,Tak,500,467
Mae Hong Son,Uthai Thani,662,692
Mae Hong Son,Lop Buri,725,774
Mae Hong Son,Prachin Buri,889,941
Mae Hong Son,Ayutthaya,753,817
Mae Hong Son,Pathum Thani,782,852
Mae Hong Son,Saraburi,776,825
Mae Hong Son,Nonthaburi,797,880
Mae Hong Son,Phetchaburi,927,1051
Mae Hong Son,Hua Hin,946,1082
Mae Hong Son,Ratchaburi,879,938
Mae Hong Son,Samut Prakan,820,911
Mae Hong Son,Sisaket,1065,1135
Mae Hong Son,Si Racha,875,983
Mae Hong Son,Chon Buri,853,954
Mae Hong Son,Chanthaburi,976,1113
Mae Hong Son,Aranyaprathet,987,1051
Mae Hong Son,Rayong,916,1047
Mae Hong Son,Buriram,985,1080
Mae Hong Son,Chaiyaphum,834,864
Mae Hong Son,Bua Yai,900,931
Mae Hong Son,Surin,1020,1121
Mae Hong Son,Loei,728,712
Mae Hong Son,Nong Khai,885,877
Mae Hong Son,Sakhon Nakhon,996,1010
Mae Hong Son,Udon Thani,855,844
Mae Hong Son,Nakhon Phanom,1054,1086
Mae Hong Son,Narathiwat,1674,2024
Mae Hong Son,Khon Kaen,835,877
Mae Hong Son,Phuket,1486,1723
Mae Hong Son,Nakhon Si Thammarat,1409,1684
Mae Hong Son,Songkhla,1537,1851
Mae Hong Son,Hat Yai,1516,1827
Mae Hong Son,Nakhon Sawan,626,648
Mae Hong Son,Ubon Ratchathani,1075,1172
Mae Hong Son,Surat Thani,1293,1534
Mae Hong Son,Chiang Mai,315,252
Mae Hong Son,Nakhon Ratchasima,883,945
Mae Hong Son,Bangkok,805,889
Phangnga,Ranong,212,230
Phangnga,Krabi,71,78
Phangnga,Phatthalung,231,260
Phangnga,Satun,314,345
Phangnga,Lamphun,1067,1414
Phangnga,Kamphaeng Phet,844,1110
Phangnga,Phichit,832,1080
Phangnga,Phetchabun,843,1096
Phangnga,Supham Buri,650,840
Phangnga,Ang Thong,665,862
Phangnga,Chainat,722,935
Phangnga,Nakhon Nayok,680,866
Phangnga,Sing Buri,688,898
Phangnga,Nakhon Pathom,571,729
Phangnga,Prachuap Khiri Khan,377,476
Phangnga,Samut Sakhon,556,720
Phangnga,Samut Songkhram,530,684
Phangnga,Yasothon,1013,1291
Phangnga,Chachoengsao,652,834
Phangnga,Trat,834,1064
Phangnga,Kalasin,987,1277
Phangnga,Maha Sarakham,935,1213
Phangnga,Roi Et,980,1270
Phangnga,Pattani,397,464
Phangnga,Chumphon,248,301
Phangnga,Thung Song,163,194
Phangnga,Trang,180,200
Phangnga,Yala,404,480
Phangnga,Chiang Rai,1206,1542
Phangnga,Lampang,1024,1356
Phangnga,Nan,1103,1420
Phangnga,Phayao,1166,1478
Phangnga,Phrae,998,1304
Phangnga,Phitsanulok,864,1128
Phangnga,Sukhothai,898,1177
Phangnga,Uttaradit,940,1235
Phangnga,Kanchanaburi,634,788
Phangnga,Mae Sot,952,1228
Phangnga,Tak,890,1174
Phangnga,Uthai Thani,740,976
Phangnga,Lop Buri,700,900
Phangnga,Prachin Buri,735,926
Phangnga,Ayutthaya,647,837
Phangnga,Pathum Thani,617,791
Phangnga,Saraburi,668,869
Phangnga,Nonthaburi,599,774
Phangnga,Phetchaburi,509,631
Phangnga,Hua Hin,455,566
Phangnga,Ratchaburi,534,685
Phangnga,Samut Prakan,596,766
Phangnga,Sisaket,1015,1297
Phangnga,Si Racha,672,858
Phangnga,Chon Buri,644,830
Phangnga,Chanthaburi,776,994
Phangnga,Aranyaprathet,785,1001
Phangnga,Rayong,715,925
Phangnga,Buriram,886,1149
Phangnga,Chaiyaphum,842,1093
Phangnga,Bua Yai,859,1111
Phangnga,Surin,920,1190
Phangnga,Loei,1024,1299
Phangnga,Nong Khai,1085,1385
Phangnga,Sakhon Nakhon,1107,1405
Phangnga,Udon Thani,1039,1333
Phangnga,Nakhon Phanom,1179,1493
Phangnga,Narathiwat,466,549
Phangnga,Khon Kaen,936,1206
Phangnga,Phuket,109,82
Phangnga,Nakhon Si Thammarat,205,230
Phangnga,Songkhla,329,376
Phangnga,Hat Yai,309,352
Phangnga,Nakhon Sawan,758,994
Phangnga,Ubon Ratchathani,1075,1371
Phangnga,Surat Thani,126,153
Phangnga,Chiang Mai,1093,1437
Phangnga,Nakhon Ratchasima,782,1015
Phangnga,Bangkok,594,761
Ranong,Krabi,279,302
Ranong,Phatthalung,344,418
Ranong,Satun,462,552
Ranong,Lamphun,944,1235
Ranong,Kamphaeng Phet,720,931
Ranong,Phichit,708,901
Ranong,Phetchabun,719,916
Ranong,Supham Buri,527,661
Ranong,Ang Thong,541,683
Ranong,Chainat,598,756
Ranong,Nakhon Nayok,557,687
Ranong,Sing Buri,565,719
Ranong,Nakhon Pathom,447,550
Ranong,Prachuap Khiri Khan,253,297
Ranong,Samut Sakhon,432,541
Ranong,Samut Songkhram,407,505
Ranong,Yasothon,889,1112
Ranong,Chachoengsao,528,655
Ranong,Trat,710,885
Ranong,Kalasin,863,1098
Ranong,Maha Sarakham,811,1034
Ranong,Roi Et,857,1091
Ranong,Pattani,513,623
Ranong,Chumphon,126,125
Ranong,Thung Song,275,331
Ranong,Trang,341,407
Ranong,Yala,520,639
Ranong,Chiang Rai,1082,1363
Ranong,Lampang,901,1177
Ranong,Nan,979,1241
Ranong,Phayao,1042,1299
Ranong,Phrae,874,1125
Ranong,Phitsanulok,741,948
Ranong,Sukhothai,774,998
Ranong,Uttaradit,816,1056
Ranong,Kanchanaburi,510,609
Ranong,Mae Sot,829,1049
Ranong,Tak,766,995
Ranong,Uthai Thani,616,797
Ranong,Lop Buri,577,721
Ranong,Prachin Buri,611,747
Ranong,Ayutthaya,523,658
Ranong,Pathum Thani,493,612
Ranong,Saraburi,544,690
Ranong,Nonthaburi,475,595
Ranong,Phetchaburi,385,452
Ranong,Hua Hin,331,387
Ranong,Ratchaburi,410,506
Ranong,Samut Prakan,472,586
Ranong,Sisaket,891,1118
Ranong,Si Racha,549,679
Ranong,Chon Buri,520,651
Ranong,Chanthaburi,653,815
Ranong,Aranyaprathet,661,822
Ranong,Rayong,591,746
Ranong,Buriram,762,970
Ranong,Chaiyaphum,718,914
Ranong,Bua Yai,735,932
Ranong,Surin,797,1010
Ranong,Loei,900,1120
Ranong,Nong Khai,961,1205
Ranong,Sakhon Nakhon,983,1226
Ranong,Udon Thani,915,1153
Ranong,Nakhon Phanom,1056,1314
Ranong,Narathiwat,582,708
Ranong,Khon Kaen,812,1027
Ranong,Phuket,310,301
Ranong,Nakhon Si Thammarat,317,368
Ranong,Songkhla,445,535
Ranong,Hat Yai,425,511
Ranong,Nakhon Sawan,634,815
Ranong,Ubon Ratchathani,951,1192
Ranong,Surat Thani,202,218
Ranong,Chiang Mai,969,1258
Ranong,Nakhon Ratchasima,658,836
Ranong,Bangkok,470,582
Krabi,Phatthalung,166,186
Krabi,Satun,249,271
Krabi,Lamphun,1062,1434
Krabi,Kamphaeng Phet,839,1130
Krabi,Phichit,827,1100
Krabi,Phetchabun,838,1116
Krabi,Supham Buri,646,860
Krabi,Ang Thong,660,882
Krabi,Chainat,717,955
Krabi,Nakhon Nayok,676,887
Krabi,Sing Buri,684,918
Krabi,Nakhon Pathom,566,749
Krabi,Prachuap Khiri Khan,372,496
Krabi,Samut Sakhon,551,740
Krabi,Samut Songkhram,525,704
Krabi,Yasothon,1008,1311
Krabi,Chachoengsao,647,855
Krabi,Trat,829,1084
Krabi,Kalasin,982,1297
Krabi,Maha Sarakham,930,1233
Krabi,Roi Et,976,1291
Krabi,Pattani,332,390
Krabi,Chumphon,243,321
Krabi,Thung Song,110,109
Krabi,Trang,115,126
Krabi,Yala,339,406
Krabi,Chiang Rai,1201,1562
Krabi,Lampang,1019,1377
Krabi,Nan,1098,1441
Krabi,Phayao,1161,1498
Krabi,Phrae,993,1325
Krabi,Phitsanulok,860,1148
Krabi,Sukhothai,893,1198
Krabi,Uttaradit,935,1255
Krabi,Kanchanaburi,629,809
Krabi,Mae Sot,948,1248
Krabi,Tak,885,1195
Krabi,Uthai Thani,735,997
Krabi,Lop Buri,696,921
Krabi,Prachin Buri,730,947
Krabi,Ayutthaya,642,858
Krabi,Pathum Thani,612,811
Krabi,Saraburi,663,889
Krabi,Nonthaburi,594,795
Krabi,Phetchaburi,504,651
Krabi,Hua Hin,450,586
Krabi,Ratchaburi,529,705
Krabi,Samut Prakan,591,786
Krabi,Sisaket,1010,1318
Krabi,Si Racha,668,878
Krabi,Chon Buri,639,851
Krabi,Chanthaburi,772,1014
Krabi,Aranyaprathet,780,1021
Krabi,Rayong,710,945
Krabi,Buriram,881,1169
Krabi,Chaiyaphum,837,1113
Krabi,Bua Yai,854,1131
Krabi,Surin,915,1210
Krabi,Loei,1019,1320
Krabi,Nong Khai,1080,1405
Krabi,Sakhon Nakhon,1102,1425
Krabi,Udon Thani,1034,1353
Krabi,Nakhon Phanom,1175,1514
Krabi,Narathiwat,401,474
Krabi,Khon Kaen,931,1227
Krabi,Phuket,172,157
Krabi,Nakhon Si Thammarat,154,153
Krabi,Songkhla,264,302
Krabi,Hat Yai,244,277
Krabi,Nakhon Sawan,753,1014
Krabi,Ubon Ratchathani,1070,1392
Krabi,Surat Thani,115,154
Krabi,Chiang Mai,1088,1458
Krabi,Nakhon Ratchasima,777,1035
Krabi,Bangkok,589,781
Phatthalung,Satun,130,137
Phatthalung,Lamphun,1123,1504
Phatthalung,Kamphaeng Phet,900,1200
Phatthalung,Phichit,888,1169
Phatthalung,Phetchabun,899,1185
Phatthalung,Supham Buri,706,930
Phatthalung,Ang Thong,721,951
Phatthalung,Chainat,778,1024
Phatthalung,Nakhon Nayok,736,956
Phatthalung,Sing Buri,745,987
Phatthalung,Nakhon Pathom,627,818
Phatthalung,Prachuap Khiri Khan,433,565
Phatthalung,Samut Sakhon,612,809
Phatthalung,Samut Songkhram,586,774
Phatthalung,Yasothon,1069,1380
Phatthalung,Chachoengsao,708,924
Phatthalung,Trat,890,1153
Phatthalung,Kalasin,1043,1367
Phatthalung,Maha Sarakham,991,1302
Phatthalung,Roi Et,1036,1360
Phatthalung,Pattani,181,209
Phatthalung,Chumphon,304,391
Phatthalung,Thung Song,77,91
Phatthalung,Trang,59,58
Phatthalung,Yala,187,225
Phatthalung,Chiang Rai,1262,1631
Phatthalung,Lampang,1080,1446
Phatthalung,Nan,1159,1510
Phatthalung,Phayao,1222,1567
Phatthalung,Phrae,1054,1394
Phatthalung,Phitsanulok,921,1217
Phatthalung,Sukhothai,954,1267
Phatthalung,Uttaradit,996,1325
Phatthalung,Kanchanaburi,690,878
Phatthalung,Mae Sot,1009,1318
Phatthalung,Tak,946,1264
Phatthalung,Uthai Thani,796,1066
Phatthalung,Lop Buri,757,990
Phatthalung,Prachin Buri,791,1016
Phatthalung,Ayutthaya,703,927
Phatthalung,Pathum Thani,673,881
Phatthalung,Saraburi,724,958
Phatthalung,Nonthaburi,655,864
Phatthalung,Phetchaburi,565,720
Phatthalung,Hua Hin,511,656
Phatthalung,Ratchaburi,590,774
Phatthalung,Samut Prakan,652,855
Phatthalung,Sisaket,1071,1387
Phatthalung,Si Racha,728,948
Phatthalung,Chon Buri,700,920
Phatthalung,Chanthaburi,832,1083
Phatthalung,Aranyaprathet,841,1090
Phatthalung,Rayong,771,1014
Phatthalung,Buriram,942,1239
Phatthalung,Chaiyaphum,898,1182
Phatthalung,Bua Yai,915,1200
Phatthalung,Surin,976,1279
Phatthalung,Loei,1080,1389
Phatthalung,Nong Khai,1141,1474
Phatthalung,Sakhon Nakhon,1163,1495
Phatthalung,Udon Thani,1095,1422
Phatthalung,Nakhon Phanom,1235,1583
Phatthalung,Narathiwat,250,293
Phatthalung,Khon Kaen,992,1296
Phatthalung,Phuket,333,339
Phatthalung,Nakhon Si Thammarat,99,110
Phatthalung,Songkhla,113,121
Phatthalung,Hat Yai,93,96
Phatthalung,Nakhon Sawan,814,1083
Phatthalung,Ubon Ratchathani,1131,1461
Phatthalung,Surat Thani,177,224
Phatthalung,Chiang Mai,1149,1527
Phatthalung,Nakhon Ratchasima,838,1105
Phatthalung,Bangkok,650,851
Satun,Lamphun,1232,1627
Satun,Kamphaeng Phet,1009,1323
Satun,Phichit,997,1293
Satun,Phetchabun,1007,1309
Satun,Supham Buri,815,1053
Satun,Ang Thong,830,1075
Satun,Chainat,886,1148
Satun,Nakhon Nayok,845,1079
Satun,Sing Buri,853,1111
Satun,Nakhon Pathom,735,942
Satun,Prachuap Khiri Khan,541,689
Satun,Samut Sakhon,721,933
Satun,Samut Songkhram,695,897
Satun,Yasothon,1177,1504
Satun,Chachoengsao,816,1047
Satun,Trat,998,1277
Satun,Kalasin,1152,1490
Satun,Maha Sarakham,1100,1426
Satun,Roi Et,1145,1483
Satun,Pattani,189,210
Satun,Chumphon,412,514
Satun,Thung Song,185,215
Satun,Trang,141,140
Satun,Yala,195,226
Satun,Chiang Rai,1370,1755
Satun,Lampang,1189,1569
Satun,Nan,1268,1633
Satun,Phayao,1330,1691
Satun,Phrae,1162,1517
Satun,Phitsanulok,1029,1341
Satun,Sukhothai,1063,1390
Satun,Uttaradit,1104,1448
Satun,Kanchanaburi,799,1001
Satun,Mae Sot,1117,1441
Satun,Tak,1055,1387
Satun,Uthai Thani,904,1189
Satun,Lop Buri,865,1113
Satun,Prachin Buri,900,1139
Satun,Ayutthaya,812,1050
Satun,Pathum Thani,781,1004
Satun,Saraburi,833,1082
Satun,Nonthaburi,763,987
Satun,Phetchaburi,673,844
Satun,Hua Hin,619,779
Satun,Ratchaburi,698,898
Satun,Samut Prakan,760,979
Satun,Sisaket,1179,1510
Satun,Si Racha,837,1071
Satun,Chon Buri,808,1043
Satun,Chanthaburi,941,1207
Satun,Aranyaprathet,950,1214
Satun,Rayong,879,1138
Satun,Buriram,1050,1362
Satun,Chaiyaphum,1006,1306
Satun,Bua Yai,1023,1324
Satun,Surin,1085,1403
Satun,Loei,1188,1512
Satun,Nong Khai,1250,1598
Satun,Sakhon Nakhon,1272,1618
Satun,Udon Thani,1204,1546
Satun,Nakhon Phanom,1344,1706
Satun,Narathiwat,258,295
Satun,Khon Kaen,1101,1419
Satun,Phuket,412,421
Satun,Nakhon Si Thammarat,208,233
Satun,Songkhla,121,122
Satun,Hat Yai,100,98
Satun,Nakhon Sawan,922,1207
Satun,Ubon Ratchathani,1239,1584
Satun,Surat Thani,286,348
Satun,Chiang Mai,1257,1650
Satun,Nakhon Ratchasima,947,1228
Satun,Bangkok,759,974
Lamphun,Kamphaeng Phet,233,317
Lamphun,Phichit,325,393
Lamphun,Phetchabun,392,472
Lamphun,Supham Buri,447,586
Lamphun,Ang Thong,420,565
Lamphun,Chainat,365,489
Lamphun,Nakhon Nayok,521,663
Lamphun,Sing Buri,391,529
Lamphun,Nakhon Pathom,525,674
Lamphun,Prachuap Khiri Khan,705,956
Lamphun,Samut Sakhon,523,710
Lamphun,Samut Songkhram,551,746
Lamphun,Yasothon,677,808
Lamphun,Chachoengsao,539,709
Lamphun,Trat,725,965
Lamphun,Kalasin,581,703
Lamphun,Maha Sarakham,588,700
Lamphun,Roi Et,616,740
Lamphun,Pattani,1295,1721
Lamphun,Chumphon,836,1131
Lamphun,Thung Song,1058,1429
Lamphun,Trang,1123,1504
Lamphun,Yala,1302,1737
Lamphun,Chiang Rai,207,209
Lamphun,Lampang,67,75
Lamphun,Nan,263,292
Lamphun,Phayao,242,233
Lamphun,Phrae,150,174
Lamphun,Phitsanulok,259,315
Lamphun,Sukhothai,231,274
Lamphun,Uttaradit,185,213
Lamphun,Kanchanaburi,518,661
Lamphun,Mae Sot,258,313
Lamphun,Tak,180,247
Lamphun,Uthai Thani,354,474
Lamphun,Lop Buri,416,556
Lamphun,Prachin Buri,580,723
Lamphun,Ayutthaya,444,599
Lamphun,Pathum Thani,473,634
Lamphun,Saraburi,467,607
Lamphun,Nonthaburi,488,662
Lamphun,Phetchaburi,619,833
Lamphun,Hua Hin,637,864
Lamphun,Ratchaburi,570,720
Lamphun,Samut Prakan,511,693
Lamphun,Sisaket,746,874
Lamphun,Si Racha,566,765
Lamphun,Chon Buri,544,736
Lamphun,Chanthaburi,668,895
Lamphun,Aranyaprathet,678,833
Lamphun,Rayong,607,828
Lamphun,Buriram,668,811
Lamphun,Chaiyaphum,516,603
Lamphun,Bua Yai,581,670
Lamphun,Surin,703,851
Lamphun,Loei,409,450
Lamphun,Nong Khai,566,615
Lamphun,Sakhon Nakhon,677,748
Lamphun,Udon Thani,536,583
Lamphun,Nakhon Phanom,735,824
Lamphun,Narathiwat,1365,1806
Lamphun,Khon Kaen,516,615
Lamphun,Phuket,1177,1505
Lamphun,Nakhon Si Thammarat,1100,1466
Lamphun,Songkhla,1228,1633
Lamphun,Hat Yai,1207,1609
Lamphun,Nakhon Sawan,317,430
Lamphun,Ubon Ratchathani,756,910
Lamphun,Surat Thani,984,1316
Lamphun,Chiang Mai,31,18
Lamphun,Nakhon Ratchasima,566,675
Lamphun,Bangkok,496,670
Kamphaeng Phet,Phichit,108,118
Kamphaeng Phet,Phetchabun,206,218
Kamphaeng Phet,Supham Buri,221,276
Kamphaeng Phet,Ang Thong,194,254
Kamphaeng Phet,Chainat,139,178
Kamphaeng Phet,Nakhon Nayok,295,353
Kamphaeng Phet,Sing Buri,165,218
Kamphaeng Phet,Nakhon Pathom,299,363
Kamphaeng Phet,Prachuap Khiri Khan,479,645
Kamphaeng Phet,Samut Sakhon,297,399
Kamphaeng Phet,Samut Songkhram,325,435
Kamphaeng Phet,Yasothon,534,622
Kamphaeng Phet,Chachoengsao,313,399
Kamphaeng Phet,Trat,499,654
Kamphaeng Phet,Kalasin,438,517
Kamphaeng Phet,Maha Sarakham,445,514
Kamphaeng Phet,Roi Et,473,554
Kamphaeng Phet,Pattani,1069,1410
Kamphaeng Phet,Chumphon,610,820
Kamphaeng Phet,Thung Song,832,1118
Kamphaeng Phet,Trang,897,1194
Kamphaeng Phet,Yala,1076,1426
Kamphaeng Phet,Chiang Rai,386,479
Kamphaeng Phet,Lampang,188,252
Kamphaeng Phet,Nan,321,356
Kamphaeng Phet,Phayao,364,443
Kamphaeng Phet,Phrae,216,239
Kamphaeng Phet,Phitsanulok,103,111
Kamphaeng Phet,Sukhothai,73,81
Kamphaeng Phet,Uttaradit,159,165
Kamphaeng Phet,Kanchanaburi,292,350
Kamphaeng Phet,Mae Sot,117,124
Kamphaeng Phet,Tak,54,70
Kamphaeng Phet,Uthai Thani,127,163
Kamphaeng Phet,Lop Buri,190,245
Kamphaeng Phet,Prachin Buri,354,412
Kamphaeng Phet,Ayutthaya,218,288
Kamphaeng Phet,Pathum Thani,247,323
Kamphaeng Phet,Saraburi,241,296
Kamphaeng Phet,Nonthaburi,262,351
Kamphaeng Phet,Phetchaburi,392,522
Kamphaeng Phet,Hua Hin,411,553
Kamphaeng Phet,Ratchaburi,344,410
Kamphaeng Phet,Samut Prakan,285,382
Kamphaeng Phet,Sisaket,578,639
Kamphaeng Phet,Si Racha,340,454
Kamphaeng Phet,Chon Buri,318,426
Kamphaeng Phet,Chanthaburi,441,584
Kamphaeng Phet,Aranyaprathet,452,522
Kamphaeng Phet,Rayong,381,518
Kamphaeng Phet,Buriram,450,551
Kamphaeng Phet,Chaiyaphum,321,353
Kamphaeng Phet,Bua Yai,385,414
Kamphaeng Phet,Surin,485,592
Kamphaeng Phet,Loei,304,336
Kamphaeng Phet,Nong Khai,461,501
Kamphaeng Phet,Sakhon Nakhon,558,645
Kamphaeng Phet,Udon Thani,431,469
Kamphaeng Phet,Nakhon Phanom,630,710
Kamphaeng Phet,Narathiwat,1139,1495
Kamphaeng Phet,Khon Kaen,373,429
Kamphaeng Phet,Phuket,951,1194
Kamphaeng Phet,Nakhon Si Thammarat,874,1155
Kamphaeng Phet,Songkhla,1002,1322
Kamphaeng Phet,Hat Yai,981,1298
Kamphaeng Phet,Nakhon Sawan,91,119
Kamphaeng Phet,Ubon Ratchathani,613,724
Kamphaeng Phet,Surat Thani,758,1005
Kamphaeng Phet,Chiang Mai,257,333
Kamphaeng Phet,Nakhon Ratchasima,348,416
Kamphaeng Phet,Bangkok,270,360
Phichit,Phetchabun,118,106
Phichit,Supham Buri,211,245
Phichit,Ang Thong,184,223
Phichit,Chainat,129,147
Phichit,Nakhon Nayok,285,321
Phichit,Sing Buri,155,187
Phichit,Nakhon Pathom,289,332
Phichit,Prachuap Khiri Khan,469,614
Phichit,Samut Sakhon,287,368
Phichit,Samut Songkhram,314,404
Phichit,Yasothon,475,512
Phichit,Chachoengsao,303,367
Phichit,Trat,489,623
Phichit,Kalasin,388,439
Phichit,Maha Sarakham,365,394
Phichit,Roi Et,410,451
Phichit,Pattani,1059,1379
Phichit,Chumphon,600,789
Phichit,Thung Song,822,1087
Phichit,Trang,887,1162
Phichit,Yala,1066,1395
Phichit,Chiang Rai,418,496
Phichit,Lampang,257,322
Phichit,Nan,315,375
Phichit,Phayao,378,432
Phichit,Phrae,210,259
Phichit,Phitsanulok,88,93
Phichit,Sukhothai,121,143
Phichit,Uttaradit,152,190
Phichit,Kanchanaburi,285,325
Phichit,Mae Sot,225,245
Phichit,Tak,162,191
Phichit,Uthai Thani,117,132
Phichit,Lop Buri,180,214
Phichit,Prachin Buri,344,381
Phichit,Ayutthaya,208,257
Phichit,Pathum Thani,237,292
Phichit,Saraburi,230,252
Phichit,Nonthaburi,252,320
Phichit,Phetchaburi,382,491
Phichit,Hua Hin,401,522
Phichit,Ratchaburi,334,378
Phichit,Samut Prakan,275,351
Phichit,Sisaket,495,530
Phichit,Si Racha,330,423
Phichit,Chon Buri,308,394
Phichit,Chanthaburi,431,553
Phichit,Aranyaprathet,442,491
Phichit,Rayong,371,487
Phichit,Buriram,391,453
Phichit,Chaiyaphum,238,244
Phichit,Bua Yai,302,306
Phichit,Surin,425,493
Phichit,Loei,258,286
Phichit,Nong Khai,416,450
Phichit,Sakhon Nakhon,508,567
Phichit,Udon Thani,385,418
Phichit,Nakhon Phanom,581,655
Phichit,Narathiwat,1129,1464
Phichit,Khon Kaen,324,352
Phichit,Phuket,941,1163
Phichit,Nakhon Si Thammarat,864,1124
Phichit,Songkhla,992,1291
Phichit,Hat Yai,971,1267
Phichit,Nakhon Sawan,77,86
Phichit,Ubon Ratchathani,555,614
Phichit,Surat Thani,748,974
Phichit,Chiang Mai,344,419
Phichit,Nakhon Ratchasima,288,317
Phichit,Bangkok,260,328
Phetchabun,Supham Buri,247,303
Phetchabun,Ang Thong,206,252
Phetchabun,Chainat,170,201
Phetchabun,Nakhon Nayok,239,282
Phetchabun,Sing Buri,178,216
Phetchabun,Nakhon Pathom,310,379
Phetchabun,Prachuap Khiri Khan,480,617
Phetchabun,Samut Sakhon,299,371
Phetchabun,Samut Songkhram,326,407
Phetchabun,Yasothon,386,448
Phetchabun,Chachoengsao,300,336
Phetchabun,Trat,496,625
Phetchabun,Kalasin,290,342
Phetchabun,Maha Sarakham,297,339
Phetchabun,Roi Et,325,379
Phetchabun,Pattani,1071,1382
Phetchabun,Chumphon,612,792
Phetchabun,Thung Song,833,1090
Phetchabun,Trang,899,1166
Phetchabun,Yala,1078,1398
Phetchabun,Chiang Rai,482,581
Phetchabun,Lampang,322,407
Phetchabun,Nan,380,460
Phetchabun,Phayao,442,517
Phetchabun,Phrae,274,344
Phetchabun,Phitsanulok,154,182
Phetchabun,Sukhothai,198,239
Phetchabun,Uttaradit,216,275
Phetchabun,Kanchanaburi,325,397
Phetchabun,Mae Sot,323,346
Phetchabun,Tak,260,292
Phetchabun,Uthai Thani,172,202
Phetchabun,Lop Buri,178,216
Phetchabun,Prachin Buri,298,341
Phetchabun,Ayutthaya,230,286
Phetchabun,Pathum Thani,249,306
Phetchabun,Saraburi,182,224
Phetchabun,Nonthaburi,264,327
Phetchabun,Phetchaburi,394,494
Phetchabun,Hua Hin,413,525
Phetchabun,Ratchaburi,350,423
Phetchabun,Samut Prakan,282,354
Phetchabun,Sisaket,435,473
Phetchabun,Si Racha,337,425
Phetchabun,Chon Buri,315,397
Phetchabun,Chanthaburi,438,556
Phetchabun,Aranyaprathet,395,452
Phetchabun,Rayong,378,489
Phetchabun,Buriram,335,409
Phetchabun,Chaiyaphum,179,187
Phetchabun,Bua Yai,242,248
Phetchabun,Surin,369,450
Phetchabun,Loei,196,208
Phetchabun,Nong Khai,332,361
Phetchabun,Sakhon Nakhon,410,470
Phetchabun,Udon Thani,292,309
Phetchabun,Nakhon Phanom,482,559
Phetchabun,Narathiwat,1140,1467
Phetchabun,Khon Kaen,225,255
Phetchabun,Phuket,953,1166
Phetchabun,Nakhon Si Thammarat,875,1127
Phetchabun,Songkhla,1003,1294
Phetchabun,Hat Yai,983,1270
Phetchabun,Nakhon Sawan,162,183
Phetchabun,Ubon Ratchathani,465,550
Phetchabun,Surat Thani,760,977
Phetchabun,Chiang Mai,408,504
Phetchabun,Nakhon Ratchasima,232,274
Phetchabun,Bangkok,272,336
Supham Buri,Ang Thong,46,44
Supham Buri,Chainat,81,96
Supham Buri,Nakhon Nayok,144,137
Supham Buri,Sing Buri,72,70
Supham Buri,Nakhon Pathom,89,89
Supham Buri,Prachuap Khiri Khan,294,348
Supham Buri,Samut Sakhon,107,125
Supham Buri,Samut Songkhram,134,161
Supham Buri,Yasothon,451,525
Supham Buri,Chachoengsao,157,156
Supham Buri,Trat,341,419
Supham Buri,Kalasin,425,511
Supham Buri,Maha Sarakham,373,447
Supham Buri,Roi Et,419,505
Supham Buri,Pattani,885,1113
Supham Buri,Chumphon,426,522
Supham Buri,Thung Song,647,821
Supham Buri,Trang,713,896
Supham Buri,Yala,892,1128
Supham Buri,Chiang Rai,580,705
Supham Buri,Lampang,399,519
Supham Buri,Nan,478,583
Supham Buri,Phayao,540,640
Supham Buri,Phrae,372,467
Supham Buri,Phitsanulok,239,290
Supham Buri,Sukhothai,273,340
Supham Buri,Uttaradit,314,398
Supham Buri,Kanchanaburi,91,102
Supham Buri,Mae Sot,327,391
Supham Buri,Tak,265,337
Supham Buri,Uthai Thani,114,125
Supham Buri,Lop Buri,88,81
Supham Buri,Prachin Buri,203,197
Supham Buri,Ayutthaya,67,72
Supham Buri,Pathum Thani,72,80
Supham Buri,Saraburi,109,105
Supham Buri,Nonthaburi,77,92
Supham Buri,Phetchaburi,208,224
Supham Buri,Hua Hin,227,255
Supham Buri,Ratchaburi,134,135
Supham Buri,Samut Prakan,116,134
Supham Buri,Sisaket,453,532
Supham Buri,Si Racha,183,219
Supham Buri,Chon Buri,159,186
Supham Buri,Chanthaburi,284,349
Supham Buri,Aranyaprathet,292,350
Supham Buri,Rayong,224,283
Supham Buri,Buriram,324,383
Supham Buri,Chaiyaphum,280,327
Supham Buri,Bua Yai,297,345
Supham Buri,Surin,359,424
Supham Buri,Loei,415,491
Supham Buri,Nong Khai,523,619
Supham Buri,Sakhon Nakhon,545,639
Supham Buri,Udon Thani,477,567
Supham Buri,Nakhon Phanom,618,728
Supham Buri,Narathiwat,954,1197
Supham Buri,Khon Kaen,375,440
Supham Buri,Phuket,767,897
Supham Buri,Nakhon Si Thammarat,689,857
Supham Buri,Songkhla,817,1025
Supham Buri,Hat Yai,797,1000
Supham Buri,Nakhon Sawan,132,156
Supham Buri,Ubon Ratchathani,513,605
Supham Buri,Surat Thani,573,708
Supham Buri,Chiang Mai,467,600
Supham Buri,Nakhon Ratchasima,220,249
Supham Buri,Bangkok,89,101
Ang Thong,Chainat,69,93
Ang Thong,Nakhon Nayok,114,107
Ang Thong,Sing Buri,36,42
Ang Thong,Nakhon Pathom,124,139
Ang Thong,Prachuap Khiri Khan,298,396
Ang Thong,Samut Sakhon,117,150
Ang Thong,Samut Songkhram,144,186
Ang Thong,Yasothon,409,476
Ang Thong,Chachoengsao,132,150
Ang Thong,Trat,318,405
Ang Thong,Kalasin,383,463
Ang Thong,Maha Sarakham,331,398
Ang Thong,Roi Et,377,456
Ang Thong,Pattani,889,1161
Ang Thong,Chumphon,430,571
Ang Thong,Thung Song,651,869
Ang Thong,Trang,716,945
Ang Thong,Yala,896,1177
Ang Thong,Chiang Rai,553,686
Ang Thong,Lampang,372,501
Ang Thong,Nan,451,565
Ang Thong,Phayao,513,622
Ang Thong,Phrae,345,448
Ang Thong,Phitsanulok,212,272
Ang Thong,Sukhothai,246,321
Ang Thong,Uttaradit,287,379
Ang Thong,Kanchanaburi,125,152
Ang Thong,Mae Sot,300,372
Ang Thong,Tak,237,319
Ang Thong,Uthai Thani,87,121
Ang Thong,Lop Buri,48,44
Ang Thong,Prachin Buri,173,167
Ang Thong,Ayutthaya,37,39
Ang Thong,Pathum Thani,66,74
Ang Thong,Saraburi,67,57
Ang Thong,Nonthaburi,81,102
Ang Thong,Phetchaburi,212,273
Ang Thong,Hua Hin,231,304
Ang Thong,Ratchaburi,169,185
Ang Thong,Samut Prakan,105,133
Ang Thong,Sisaket,411,483
Ang Thong,Si Racha,159,205
Ang Thong,Chon Buri,137,177
Ang Thong,Chanthaburi,261,335
Ang Thong,Aranyaprathet,270,277
Ang Thong,Rayong,201,269
Ang Thong,Buriram,282,335
Ang Thong,Chaiyaphum,238,278
Ang Thong,Bua Yai,255,296
Ang Thong,Surin,317,375
Ang Thong,Loei,377,455
Ang Thong,Nong Khai,481,570
Ang Thong,Sakhon Nakhon,503,591
Ang Thong,Udon Thani,435,518
Ang Thong,Nakhon Phanom,576,679
Ang Thong,Narathiwat,958,1246
Ang Thong,Khon Kaen,333,392
Ang Thong,Phuket,771,945
Ang Thong,Nakhon Si Thammarat,693,906
Ang Thong,Songkhla,821,1073
Ang Thong,Hat Yai,801,1049
Ang Thong,Nakhon Sawan,105,138
Ang Thong,Ubon Ratchathani,471,557
Ang Thong,Surat Thani,577,756
Ang Thong,Chiang Mai,440,581
Ang Thong,Nakhon Ratchasima,178,201
Ang Thong,Bangkok,90,111
Chainat,Nakhon Nayok,176,192
Chainat,Sing Buri,46,58
Chainat,Nakhon Pathom,164,187
Chainat,Prachuap Khiri Khan,359,461
Chainat,Samut Sakhon,177,215
Chainat,Samut Songkhram,205,251
Chainat,Yasothon,446,509
Chainat,Chachoengsao,194,238
Chainat,Trat,380,494
Chainat,Kalasin,408,473
Chainat,Maha Sarakham,356,409
Chainat,Roi Et,401,466
Chainat,Pattani,949,1226
Chainat,Chumphon,490,636
Chainat,Thung Song,712,934
Chainat,Trang,777,1010
Chainat,Yala,956,1242
Chainat,Chiang Rai,503,609
Chainat,Lampang,321,424
Chainat,Nan,400,488
Chainat,Phayao,463,545
Chainat,Phrae,295,372
Chainat,Phitsanulok,161,195
Chainat,Sukhothai,195,245
Chainat,Uttaradit,237,303
Chainat,Kanchanaburi,162,184
Chainat,Mae Sot,250,296
Chainat,Tak,187,242
Chainat,Uthai Thani,37,29
Chainat,Lop Buri,71,85
Chainat,Prachin Buri,235,252
Chainat,Ayutthaya,99,128
Chainat,Pathum Thani,128,163
Chainat,Saraburi,122,136
Chainat,Nonthaburi,143,191
Chainat,Phetchaburi,272,338
Chainat,Hua Hin,291,369
Chainat,Ratchaburi,209,233
Chainat,Samut Prakan,166,222
Chainat,Sisaket,459,539
Chainat,Si Racha,221,294
Chainat,Chon Buri,199,265
Chainat,Chanthaburi,322,424
Chainat,Aranyaprathet,333,362
Chainat,Rayong,262,358
Chainat,Buriram,330,391
Chainat,Chaiyaphum,241,273
Chainat,Bua Yai,277,300
Chainat,Surin,365,431
Chainat,Loei,346,404
Chainat,Nong Khai,482,557
Chainat,Sakhon Nakhon,528,601
Chainat,Udon Thani,440,514
Chainat,Nakhon Phanom,600,689
Chainat,Narathiwat,1019,1311
Chainat,Khon Kaen,345,396
Chainat,Phuket,831,1010
Chainat,Nakhon Si Thammarat,754,971
Chainat,Songkhla,882,1138
Chainat,Hat Yai,861,1114
Chainat,Nakhon Sawan,55,61
Chainat,Ubon Ratchathani,519,613
Chainat,Surat Thani,638,821
Chainat,Chiang Mai,390,505
Chainat,Nakhon Ratchasima,228,255
Chainat,Bangkok,151,199
Nakhon Nayok,Sing Buri,139,146
Nakhon Nayok,Nakhon Pathom,149,158
Nakhon Nayok,Prachuap Khiri Khan,311,395
Nakhon Nayok,Samut Sakhon,129,149
Nakhon Nayok,Samut Songkhram,157,185
Nakhon Nayok,Yasothon,396,469
Nakhon Nayok,Chachoengsao,80,74
Nakhon Nayok,Trat,294,334
Nakhon Nayok,Kalasin,371,455
Nakhon Nayok,Maha Sarakham,319,391
Nakhon Nayok,Roi Et,364,448
Nakhon Nayok,Pattani,902,1160
Nakhon Nayok,Chumphon,443,570
Nakhon Nayok,Thung Song,664,868
Nakhon Nayok,Trang,729,943
Nakhon Nayok,Yala,908,1176
Nakhon Nayok,Chiang Rai,653,772
Nakhon Nayok,Lampang,474,605
Nakhon Nayok,Nan,551,651
Nakhon Nayok,Phayao,613,708
Nakhon Nayok,Phrae,445,535
Nakhon Nayok,Phitsanulok,315,376
Nakhon Nayok,Sukhothai,348,425
Nakhon Nayok,Uttaradit,387,466
Nakhon Nayok,Kanchanaburi,218,242
Nakhon Nayok,Mae Sot,403,476
Nakhon Nayok,Tak,340,423
Nakhon Nayok,Uthai Thani,190,225
Nakhon Nayok,Lop Buri,107,105
Nakhon Nayok,Prachin Buri,63,61
Nakhon Nayok,Ayutthaya,96,82
Nakhon Nayok,Pathum Thani,95,88
Nakhon Nayok,Saraburi,60,58
Nakhon Nayok,Nonthaburi,105,102
Nakhon Nayok,Phetchaburi,225,272
Nakhon Nayok,Hua Hin,244,303
Nakhon Nayok,Ratchaburi,189,201
Nakhon Nayok,Samut Prakan,109,120
Nakhon Nayok,Sisaket,398,475
Nakhon Nayok,Si Racha,149,149
Nakhon Nayok,Chon Buri,128,119
Nakhon Nayok,Chanthaburi,237,265
Nakhon Nayok,Aranyaprathet,161,171
Nakhon Nayok,Rayong,190,213
Nakhon Nayok,Buriram,269,327
Nakhon Nayok,Chaiyaphum,225,271
Nakhon Nayok,Bua Yai,242,289
Nakhon Nayok,Surin,304,368
Nakhon Nayok,Loei,416,488
Nakhon Nayok,Nong Khai,469,563
Nakhon Nayok,Sakhon Nakhon,491,583
Nakhon Nayok,Udon Thani,423,511
Nakhon Nayok,Nakhon Phanom,563,671
Nakhon Nayok,Narathiwat,971,1245
Nakhon Nayok,Khon Kaen,320,384
Nakhon Nayok,Phuket,783,944
Nakhon Nayok,Nakhon Si Thammarat,706,905
Nakhon Nayok,Songkhla,834,1072
Nakhon Nayok,Hat Yai,814,1048
Nakhon Nayok,Nakhon Sawan,208,242
Nakhon Nayok,Ubon Ratchathani,459,549
Nakhon Nayok,Surat Thani,590,755
Nakhon Nayok,Chiang Mai,543,686
Nakhon Nayok,Nakhon Ratchasima,166,193
Nakhon Nayok,Bangkok,105,111
Sing Buri,Nakhon Pathom,153,169
Sing Buri,Prachuap Khiri Khan,326,433
Sing Buri,Samut Sakhon,144,187
Sing Buri,Samut Songkhram,172,223
Sing Buri,Yasothon,430,503
Sing Buri,Chachoengsao,160,186
Sing Buri,Trat,346,442
Sing Buri,Kalasin,395,450
Sing Buri,Maha Sarakham,343,386
Sing Buri,Roi Et,388,443
Sing Buri,Pattani,916,1198
Sing Buri,Chumphon,457,607
Sing Buri,Thung Song,679,906
Sing Buri,Trang,744,981
Sing Buri,Yala,923,1214
Sing Buri,Chiang Rai,529,648
Sing Buri,Lampang,347,463
Sing Buri,Nan,426,527
Sing Buri,Phayao,489,584
Sing Buri,Phrae,321,411
Sing Buri,Phitsanulok,187,234
Sing Buri,Sukhothai,221,284
Sing Buri,Uttaradit,263,342
Sing Buri,Kanchanaburi,153,174
Sing Buri,Mae Sot,275,335
Sing Buri,Tak,213,281
Sing Buri,Uthai Thani,63,83
Sing Buri,Lop Buri,37,33
Sing Buri,Prachin Buri,201,200
Sing Buri,Ayutthaya,65,75
Sing Buri,Pathum Thani,94,111
Sing Buri,Saraburi,88,84
Sing Buri,Nonthaburi,109,138
Sing Buri,Phetchaburi,239,310
Sing Buri,Hua Hin,258,340
Sing Buri,Ratchaburi,198,216
Sing Buri,Samut Prakan,132,170
Sing Buri,Sisaket,432,510
Sing Buri,Si Racha,187,242
Sing Buri,Chon Buri,165,213
Sing Buri,Chanthaburi,288,372
Sing Buri,Aranyaprathet,299,310
Sing Buri,Rayong,228,305
Sing Buri,Buriram,303,362
Sing Buri,Chaiyaphum,228,250
Sing Buri,Bua Yai,265,277
Sing Buri,Surin,338,402
Sing Buri,Loei,353,418
Sing Buri,Nong Khai,473,543
Sing Buri,Sakhon Nakhon,515,578
Sing Buri,Udon Thani,427,491
Sing Buri,Nakhon Phanom,587,666
Sing Buri,Narathiwat,986,1282
Sing Buri,Khon Kaen,332,373
Sing Buri,Phuket,798,982
Sing Buri,Nakhon Si Thammarat,721,943
Sing Buri,Songkhla,849,1110
Sing Buri,Hat Yai,828,1085
Sing Buri,Nakhon Sawan,81,100
Sing Buri,Ubon Ratchathani,492,584
Sing Buri,Surat Thani,605,793
Sing Buri,Chiang Mai,416,544
Sing Buri,Nakhon Ratchasima,199,228
Sing Buri,Bangkok,117,147
Nakhon Pathom,Prachuap Khiri Khan,205,258
Nakhon Pathom,Samut Sakhon,57,58
Nakhon Pathom,Samut Songkhram,61,64
Nakhon Pathom,Yasothon,474,576
Nakhon Pathom,Chachoengsao,127,147
Nakhon Pathom,Trat,310,382
Nakhon Pathom,Kalasin,449,562
Nakhon Pathom,Maha Sarakham,397,498
Nakhon Pathom,Roi Et,442,555
Nakhon Pathom,Pattani,795,1023
Nakhon Pathom,Chumphon,336,432
Nakhon Pathom,Thung Song,558,731
Nakhon Pathom,Trang,623,806
Nakhon Pathom,Yala,802,1039
Nakhon Pathom,Chiang Rai,663,799
Nakhon Pathom,Lampang,482,614
Nakhon Pathom,Nan,560,678
Nakhon Pathom,Phayao,623,735
Nakhon Pathom,Phrae,455,561
Nakhon Pathom,Phitsanulok,322,385
Nakhon Pathom,Sukhothai,355,434
Nakhon Pathom,Uttaradit,397,492
Nakhon Pathom,Kanchanaburi,96,89
Nakhon Pathom,Mae Sot,410,485
Nakhon Pathom,Tak,347,432
Nakhon Pathom,Uthai Thani,185,199
Nakhon Pathom,Lop Buri,162,185
Nakhon Pathom,Prachin Buri,210,238
Nakhon Pathom,Ayutthaya,109,122
Nakhon Pathom,Pathum Thani,77,81
Nakhon Pathom,Saraburi,130,154
Nakhon Pathom,Nonthaburi,60,67
Nakhon Pathom,Phetchaburi,118,135
Nakhon Pathom,Hua Hin,137,166
Nakhon Pathom,Ratchaburi,44,46
Nakhon Pathom,Samut Prakan,83,90
Nakhon Pathom,Sisaket,477,582
Nakhon Pathom,Si Racha,151,182
Nakhon Pathom,Chon Buri,127,149
Nakhon Pathom,Chanthaburi,252,312
Nakhon Pathom,Aranyaprathet,260,313
Nakhon Pathom,Rayong,192,245
Nakhon Pathom,Buriram,347,434
Nakhon Pathom,Chaiyaphum,303,378
Nakhon Pathom,Bua Yai,320,396
Nakhon Pathom,Surin,382,474
Nakhon Pathom,Loei,486,584
Nakhon Pathom,Nong Khai,547,670
Nakhon Pathom,Sakhon Nakhon,569,690
Nakhon Pathom,Udon Thani,501,617
Nakhon Pathom,Nakhon Phanom,641,778
Nakhon Pathom,Narathiwat,865,1108
Nakhon Pathom,Khon Kaen,398,491
Nakhon Pathom,Phuket,677,807
Nakhon Pathom,Nakhon Si Thammarat,600,768
Nakhon Pathom,Songkhla,728,935
Nakhon Pathom,Hat Yai,707,911
Nakhon Pathom,Nakhon Sawan,215,251
Nakhon Pathom,Ubon Ratchathani,537,656
Nakhon Pathom,Surat Thani,484,618
Nakhon Pathom,Chiang Mai,550,695
Nakhon Pathom,Nakhon Ratchasima,244,300
Nakhon Pathom,Bangkok,53,56
Prachuap Khiri Khan,Samut Sakhon,189,248
Prachuap Khiri Khan,Samut Songkhram,163,212
Prachuap Khiri Khan,Yasothon,645,819
Prachuap Khiri Khan,Chachoengsao,284,363
Prachuap Khiri Khan,Trat,466,592
Prachuap Khiri Khan,Kalasin,619,806
Prachuap Khiri Khan,Maha Sarakham,567,741
Prachuap Khiri Khan,Roi Et,613,799
Prachuap Khiri Khan,Pattani,598,769
Prachuap Khiri Khan,Chumphon,139,179
Prachuap Khiri Khan,Thung Song,361,477
Prachuap Khiri Khan,Trang,426,552
Prachuap Khiri Khan,Yala,605,785
Prachuap Khiri Khan,Chiang Rai,838,1070
Prachuap Khiri Khan,Lampang,657,885
Prachuap Khiri Khan,Nan,736,949
Prachuap Khiri Khan,Phayao,798,1006
Prachuap Khiri Khan,Phrae,630,833
Prachuap Khiri Khan,Phitsanulok,497,656
Prachuap Khiri Khan,Sukhothai,531,706
Prachuap Khiri Khan,Uttaradit,572,764
Prachuap Khiri Khan,Kanchanaburi,266,317
Prachuap Khiri Khan,Mae Sot,585,757
Prachuap Khiri Khan,Tak,522,703
Prachuap Khiri Khan,Uthai Thani,372,505
Prachuap Khiri Khan,Lop Buri,333,429
Prachuap Khiri Khan,Prachin Buri,367,455
Prachuap Khiri Khan,Ayutthaya,279,366
Prachuap Khiri Khan,Pathum Thani,249,319
Prachuap Khiri Khan,Saraburi,300,397
Prachuap Khiri Khan,Nonthaburi,231,303
Prachuap Khiri Khan,Phetchaburi,141,159
Prachuap Khiri Khan,Hua Hin,87,94
Prachuap Khiri Khan,Ratchaburi,166,213
Prachuap Khiri Khan,Samut Prakan,228,294
Prachuap Khiri Khan,Sisaket,647,826
Prachuap Khiri Khan,Si Racha,305,387
Prachuap Khiri Khan,Chon Buri,276,359
Prachuap Khiri Khan,Chanthaburi,409,522
Prachuap Khiri Khan,Aranyaprathet,418,529
Prachuap Khiri Khan,Rayong,347,453
Prachuap Khiri Khan,Buriram,518,677
Prachuap Khiri Khan,Chaiyaphum,474,621
Prachuap Khiri Khan,Bua Yai,491,639
Prachuap Khiri Khan,Surin,553,718
Prachuap Khiri Khan,Loei,656,828
Prachuap Khiri Khan,Nong Khai,717,913
Prachuap Khiri Khan,Sakhon Nakhon,739,934
Prachuap Khiri Khan,Udon Thani,671,861
Prachuap Khiri Khan,Nakhon Phanom,812,1022
Prachuap Khiri Khan,Narathiwat,668,854
Prachuap Khiri Khan,Khon Kaen,569,735
Prachuap Khiri Khan,Phuket,480,553
Prachuap Khiri Khan,Nakhon Si Thammarat,403,514
Prachuap Khiri Khan,Songkhla,531,681
Prachuap Khiri Khan,Hat Yai,510,657
Prachuap Khiri Khan,Nakhon Sawan,390,522
Prachuap Khiri Khan,Ubon Ratchathani,707,900
Prachuap Khiri Khan,Surat Thani,287,364
Prachuap Khiri Khan,Chiang Mai,725,966
Prachuap Khiri Khan,Nakhon Ratchasima,414,543
Prachuap Khiri Khan,Bangkok,226,290
Samut Sakhon,Samut Songkhram,32,36
Samut Sakhon,Yasothon,464,574
Samut Sakhon,Chachoengsao,103,118
Samut Sakhon,Trat,285,347
Samut Sakhon,Kalasin,438,560
Samut Sakhon,Maha Sarakham,386,496
Samut Sakhon,Roi Et,432,554
Samut Sakhon,Pattani,776,1011
Samut Sakhon,Chumphon,317,421
Samut Sakhon,Thung Song,539,719
Samut Sakhon,Trang,604,795
Samut Sakhon,Yala,783,1027
Samut Sakhon,Chiang Rai,657,825
Samut Sakhon,Lampang,476,640
Samut Sakhon,Nan,554,704
Samut Sakhon,Phayao,617,761
Samut Sakhon,Phrae,449,587
Samut Sakhon,Phitsanulok,316,411
Samut Sakhon,Sukhothai,349,460
Samut Sakhon,Uttaradit,391,518
Samut Sakhon,Kanchanaburi,148,144
Samut Sakhon,Mae Sot,404,511
Samut Sakhon,Tak,341,458
Samut Sakhon,Uthai Thani,191,260
Samut Sakhon,Lop Buri,152,183
Samut Sakhon,Prachin Buri,186,209
Samut Sakhon,Ayutthaya,98,120
Samut Sakhon,Pathum Thani,68,74
Samut Sakhon,Saraburi,119,152
Samut Sakhon,Nonthaburi,50,58
Samut Sakhon,Phetchaburi,100,123
Samut Sakhon,Hua Hin,118,154
Samut Sakhon,Ratchaburi,64,80
Samut Sakhon,Samut Prakan,47,49
Samut Sakhon,Sisaket,466,581
Samut Sakhon,Si Racha,124,141
Samut Sakhon,Chon Buri,95,114
Samut Sakhon,Chanthaburi,228,277
Samut Sakhon,Aranyaprathet,236,284
Samut Sakhon,Rayong,166,208
Samut Sakhon,Buriram,337,432
Samut Sakhon,Chaiyaphum,293,376
Samut Sakhon,Bua Yai,310,394
Samut Sakhon,Surin,372,473
Samut Sakhon,Loei,475,582
Samut Sakhon,Nong Khai,536,668
Samut Sakhon,Sakhon Nakhon,558,688
Samut Sakhon,Udon Thani,490,616
Samut Sakhon,Nakhon Phanom,631,777
Samut Sakhon,Narathiwat,846,1096
Samut Sakhon,Khon Kaen,387,489
Samut Sakhon,Phuket,658,796
Samut Sakhon,Nakhon Si Thammarat,581,756
Samut Sakhon,Songkhla,709,923
Samut Sakhon,Hat Yai,688,899
Samut Sakhon,Nakhon Sawan,209,277
Samut Sakhon,Ubon Ratchathani,526,654
Samut Sakhon,Surat Thani,465,606
Samut Sakhon,Chiang Mai,544,721
Samut Sakhon,Nakhon Ratchasima,233,298
Samut Sakhon,Bangkok,45,44
Samut Songkhram,Yasothon,491,609
Samut Songkhram,Chachoengsao,130,153
Samut Songkhram,Trat,312,382
Samut Songkhram,Kalasin,465,596
Samut Songkhram,Maha Sarakham,413,531
Samut Songkhram,Roi Et,459,589
Samut Songkhram,Pattani,754,978
Samut Songkhram,Chumphon,295,388
Samut Songkhram,Thung Song,516,686
Samut Songkhram,Trang,581,762
Samut Songkhram,Yala,761,994
Samut Songkhram,Chiang Rai,684,860
Samut Songkhram,Lampang,503,675
Samut Songkhram,Nan,581,739
Samut Songkhram,Phayao,644,796
Samut Songkhram,Phrae,476,623
Samut Songkhram,Phitsanulok,343,446
Samut Songkhram,Sukhothai,376,496
Samut Songkhram,Uttaradit,418,554
Samut Songkhram,Kanchanaburi,135,129
Samut Songkhram,Mae Sot,431,547
Samut Songkhram,Tak,368,493
Samut Songkhram,Uthai Thani,218,295
Samut Songkhram,Lop Buri,179,219
Samut Songkhram,Prachin Buri,213,245
Samut Songkhram,Ayutthaya,125,156
Samut Songkhram,Pathum Thani,95,109
Samut Songkhram,Saraburi,146,187
Samut Songkhram,Nonthaburi,77,93
Samut Songkhram,Phetchaburi,77,90
Samut Songkhram,Hua Hin,96,121
Samut Songkhram,Ratchaburi,42,47
Samut Songkhram,Samut Prakan,74,84
Samut Songkhram,Sisaket,493,616
Samut Songkhram,Si Racha,151,177
Samut Songkhram,Chon Buri,122,149
Samut Songkhram,Chanthaburi,255,312
Samut Songkhram,Aranyaprathet,263,319
Samut Songkhram,Rayong,193,243
Samut Songkhram,Buriram,364,467
Samut Songkhram,Chaiyaphum,320,411
Samut Songkhram,Bua Yai,337,429
Samut Songkhram,Surin,398,508
Samut Songkhram,Loei,502,618
Samut Songkhram,Nong Khai,563,703
Samut Songkhram,Sakhon Nakhon,585,724
Samut Songkhram,Udon Thani,517,651
Samut Songkhram,Nakhon Phanom,658,812
Samut Songkhram,Narathiwat,823,1063
Samut Songkhram,Khon Kaen,414,525
Samut Songkhram,Phuket,636,763
Samut Songkhram,Nakhon Si Thammarat,558,723
Samut Songkhram,Songkhla,686,890
Samut Songkhram,Hat Yai,666,866
Samut Songkhram,Nakhon Sawan,236,312
Samut Songkhram,Ubon Ratchathani,553,690
Samut Songkhram,Surat Thani,442,573
Samut Songkhram,Chiang Mai,571,756
Samut Songkhram,Nakhon Ratchasima,260,333
Samut Songkhram,Bangkok,72,80
Yasothon,Chachoengsao,439,511
Yasothon,Trat,498,569
Yasothon,Kalasin,116,117
Yasothon,Maha Sarakham,129,140
Yasothon,Roi Et,67,67
Yasothon,Pattani,1236,1580
Yasothon,Chumphon,777,990
Yasothon,Thung Song,999,1288
Yasothon,Trang,1064,1364
Yasothon,Yala,1243,1596
Yasothon,Chiang Rai,766,909
Yasothon,Lampang,606,735
Yasothon,Nan,664,788
Yasothon,Phayao,726,845
Yasothon,Phrae,558,672
Yasothon,Phitsanulok,438,510
Yasothon,Sukhothai,482,567
Yasothon,Uttaradit,500,603
Yasothon,Kanchanaburi,528,628
Yasothon,Mae Sot,619,716
Yasothon,Tak,543,651
Yasothon,Uthai Thani,469,555
Yasothon,Lop Buri,396,467
Yasothon,Prachin Buri,379,428
Yasothon,Ayutthaya,414,474
Yasothon,Pathum Thani,414,504
Yasothon,Saraburi,352,424
Yasothon,Nonthaburi,429,525
Yasothon,Phetchaburi,559,692
Yasothon,Hua Hin,578,723
Yasothon,Ratchaburi,516,621
Yasothon,Samut Prakan,447,552
Yasothon,Sisaket,90,103
Yasothon,Si Racha,500,579
Yasothon,Chon Buri,480,549
Yasothon,Chanthaburi,457,513
Yasothon,Aranyaprathet,324,364
Yasothon,Rayong,525,606
Yasothon,Buriram,149,176
Yasothon,Chaiyaphum,236,275
Yasothon,Bua Yai,195,214
Yasothon,Surin,122,138
Yasothon,Loei,340,396
Yasothon,Nong Khai,305,353
Yasothon,Sakhon Nakhon,175,178
Yasothon,Udon Thani,259,301
Yasothon,Nakhon Phanom,195,221
Yasothon,Narathiwat,1306,1665
Yasothon,Khon Kaen,171,185
Yasothon,Phuket,1118,1364
Yasothon,Nakhon Si Thammarat,1041,1325
Yasothon,Songkhla,1169,1492
Yasothon,Hat Yai,1148,1468
Yasothon,Nakhon Sawan,475,538
Yasothon,Ubon Ratchathani,80,100
Yasothon,Surat Thani,925,1175
Yasothon,Chiang Mai,692,832
Yasothon,Nakhon Ratchasima,242,275
Yasothon,Bangkok,438,534
Chachoengsao,Trat,231,260
Chachoengsao,Kalasin,426,495
Chachoengsao,Maha Sarakham,374,430
Chachoengsao,Roi Et,420,488
Chachoengsao,Pattani,876,1131
Chachoengsao,Chumphon,417,540
Chachoengsao,Thung Song,639,839
Chachoengsao,Trang,704,914
Chachoengsao,Yala,883,1147
Chachoengsao,Chiang Rai,676,833
Chachoengsao,Lampang,494,647
Chachoengsao,Nan,573,711
Chachoengsao,Phayao,636,769
Chachoengsao,Phrae,468,595
Chachoengsao,Phitsanulok,334,419
Chachoengsao,Sukhothai,368,468
Chachoengsao,Uttaradit,410,526
Chachoengsao,Kanchanaburi,221,216
Chachoengsao,Mae Sot,423,519
Chachoengsao,Tak,360,465
Chachoengsao,Uthai Thani,210,268
Chachoengsao,Lop Buri,171,162
Chachoengsao,Prachin Buri,98,98
Chachoengsao,Ayutthaya,116,122
Chachoengsao,Pathum Thani,102,87
Chachoengsao,Saraburi,124,114
Chachoengsao,Nonthaburi,86,97
Chachoengsao,Phetchaburi,199,243
Chachoengsao,Hua Hin,218,273
Chachoengsao,Ratchaburi,164,199
Chachoengsao,Samut Prakan,74,77
Chachoengsao,Sisaket,413,467
Chachoengsao,Si Racha,77,77
Chachoengsao,Chon Buri,57,46
Chachoengsao,Chanthaburi,174,190
Chachoengsao,Aranyaprathet,148,173
Chachoengsao,Rayong,119,140
Chachoengsao,Buriram,289,335
Chachoengsao,Chaiyaphum,293,340
Chachoengsao,Bua Yai,298,328
Chachoengsao,Surin,320,359
Chachoengsao,Loei,480,545
Chachoengsao,Nong Khai,524,602
Chachoengsao,Sakhon Nakhon,546,623
Chachoengsao,Udon Thani,478,550
Chachoengsao,Nakhon Phanom,618,711
Chachoengsao,Narathiwat,946,1215
Chachoengsao,Khon Kaen,375,424
Chachoengsao,Phuket,758,915
Chachoengsao,Nakhon Si Thammarat,681,876
Chachoengsao,Songkhla,809,1043
Chachoengsao,Hat Yai,788,1018
Chachoengsao,Nakhon Sawan,228,285
Chachoengsao,Ubon Ratchathani,474,541
Chachoengsao,Surat Thani,565,726
Chachoengsao,Chiang Mai,563,728
Chachoengsao,Nakhon Ratchasima,223,233
Chachoengsao,Bangkok,81,87
Trat,Kalasin,523,596
Trat,Maha Sarakham,471,532
Trat,Roi Et,483,548
Trat,Pattani,1063,1357
Trat,Chumphon,604,767
Trat,Thung Song,825,1065
Trat,Trang,891,1140
Trat,Yala,1070,1373
Trat,Chiang Rai,868,1090
Trat,Lampang,687,905
Trat,Nan,766,969
Trat,Phayao,829,1026
Trat,Phrae,661,853
Trat,Phitsanulok,527,676
Trat,Sukhothai,561,726
Trat,Uttaradit,602,784
Trat,Kanchanaburi,408,471
Trat,Mae Sot,615,777
Trat,Tak,553,723
Trat,Uthai Thani,402,525
Trat,Lop Buri,363,449
Trat,Prachin Buri,241,268
Trat,Ayutthaya,309,379
Trat,Pathum Thani,291,352
Trat,Saraburi,323,405
Trat,Nonthaburi,273,331
Trat,Phetchaburi,386,469
Trat,Hua Hin,405,500
Trat,Ratchaburi,351,425
Trat,Samut Prakan,260,304
Trat,Sisaket,474,527
Trat,Si Racha,217,237
Trat,Chon Buri,210,235
Trat,Chanthaburi,67,68
Trat,Aranyaprathet,183,210
Trat,Rayong,165,179
Trat,Buriram,349,394
Trat,Chaiyaphum,456,526
Trat,Bua Yai,439,488
Trat,Surin,380,419
Trat,Loei,651,756
Trat,Nong Khai,657,750
Trat,Sakhon Nakhon,641,722
Trat,Udon Thani,611,698
Trat,Nakhon Phanom,685,790
Trat,Narathiwat,1132,1442
Trat,Khon Kaen,508,572
Trat,Phuket,945,1141
Trat,Nakhon Si Thammarat,867,1102
Trat,Songkhla,995,1269
Trat,Hat Yai,975,1245
Trat,Nakhon Sawan,420,542
Trat,Ubon Ratchathani,534,600
Trat,Surat Thani,751,952
Trat,Chiang Mai,755,986
Trat,Nakhon Ratchasima,364,392
Trat,Bangkok,268,321
Kalasin,Maha Sarakham,76,78
Kalasin,Roi Et,55,49
Kalasin,Pattani,1216,1568
Kalasin,Chumphon,757,977
Kalasin,Thung Song,979,1276
Kalasin,Trang,1044,1351
Kalasin,Yala,1223,1584
Kalasin,Chiang Rai,674,805
Kalasin,Lampang,513,630
Kalasin,Nan,571,684
Kalasin,Phayao,634,741
Kalasin,Phrae,466,567
Kalasin,Phitsanulok,346,405
Kalasin,Sukhothai,390,463
Kalasin,Uttaradit,408,498
Kalasin,Kanchanaburi,508,616
Kalasin,Mae Sot,526,611
Kalasin,Tak,451,547
Kalasin,Uthai Thani,424,486
Kalasin,Lop Buri,375,431
Kalasin,Prachin Buri,359,416
Kalasin,Ayutthaya,394,462
Kalasin,Pathum Thani,394,491
Kalasin,Saraburi,332,412
Kalasin,Nonthaburi,409,513
Kalasin,Phetchaburi,539,680
Kalasin,Hua Hin,558,710
Kalasin,Ratchaburi,496,608
Kalasin,Samut Prakan,427,539
Kalasin,Sisaket,186,194
Kalasin,Si Racha,482,611
Kalasin,Chon Buri,460,582
Kalasin,Chanthaburi,486,539
Kalasin,Aranyaprathet,353,390
Kalasin,Rayong,512,591
Kalasin,Buriram,178,201
Kalasin,Chaiyaphum,175,204
Kalasin,Bua Yai,169,195
Kalasin,Surin,185,194
Kalasin,Loei,247,292
Kalasin,Nong Khai,208,215
Kalasin,Sakhon Nakhon,123,128
Kalasin,Udon Thani,162,163
Kalasin,Nakhon Phanom,196,216
Kalasin,Narathiwat,1286,1652
Kalasin,Khon Kaen,79,80
Kalasin,Phuket,1098,1352
Kalasin,Nakhon Si Thammarat,1021,1313
Kalasin,Songkhla,1149,1480
Kalasin,Hat Yai,1128,1455
Kalasin,Nakhon Sawan,414,467
Kalasin,Ubon Ratchathani,195,219
Kalasin,Surat Thani,905,1163
Kalasin,Chiang Mai,600,728
Kalasin,Nakhon Ratchasima,222,262
Kalasin,Bangkok,418,521
Maha Sarakham,Roi Et,67,71
Maha Sarakham,Pattani,1161,1502
Maha Sarakham,Chumphon,702,912
Maha Sarakham,Thung Song,923,1210
Maha Sarakham,Trang,988,1286
Maha Sarakham,Yala,1167,1518
Maha Sarakham,Chiang Rai,676,802
Maha Sarakham,Lampang,516,627
Maha Sarakham,Nan,574,680
Maha Sarakham,Phayao,637,738
Maha Sarakham,Phrae,469,564
Maha Sarakham,Phitsanulok,348,402
Maha Sarakham,Sukhothai,392,460
Maha Sarakham,Uttaradit,411,495
Maha Sarakham,Kanchanaburi,453,550
Maha Sarakham,Mae Sot,529,608
Maha Sarakham,Tak,453,543
Maha Sarakham,Uthai Thani,377,429
Maha Sarakham,Lop Buri,320,389
Maha Sarakham,Prachin Buri,303,350
Maha Sarakham,Ayutthaya,338,397
Maha Sarakham,Pathum Thani,339,426
Maha Sarakham,Saraburi,277,346
Maha Sarakham,Nonthaburi,353,447
Maha Sarakham,Phetchaburi,484,614
Maha Sarakham,Hua Hin,502,645
Maha Sarakham,Ratchaburi,440,543
Maha Sarakham,Samut Prakan,372,474
Maha Sarakham,Sisaket,187,191
Maha Sarakham,Si Racha,426,545
Maha Sarakham,Chon Buri,404,517
Maha Sarakham,Chanthaburi,432,474
Maha Sarakham,Aranyaprathet,298,325
Maha Sarakham,Rayong,456,526
Maha Sarakham,Buriram,123,136
Maha Sarakham,Chaiyaphum,128,147
Maha Sarakham,Bua Yai,114,129
Maha Sarakham,Surin,148,158
Maha Sarakham,Loei,250,288
Maha Sarakham,Nong Khai,231,264
Maha Sarakham,Sakhon Nakhon,194,205
Maha Sarakham,Udon Thani,185,212
Maha Sarakham,Nakhon Phanom,266,294
Maha Sarakham,Narathiwat,1230,1587
Maha Sarakham,Khon Kaen,82,85
Maha Sarakham,Phuket,1042,1287
Maha Sarakham,Nakhon Si Thammarat,965,1247
Maha Sarakham,Songkhla,1093,1414
Maha Sarakham,Hat Yai,1072,1390
Maha Sarakham,Nakhon Sawan,367,411
Maha Sarakham,Ubon Ratchathani,213,243
Maha Sarakham,Surat Thani,849,1097
Maha Sarakham,Chiang Mai,602,725
Maha Sarakham,Nakhon Ratchasima,166,197
Maha Sarakham,Bangkok,362,456
Roi Et,Pattani,1205,1560
Roi Et,Chumphon,746,969
Roi Et,Thung Song,968,1268
Roi Et,Trang,1033,1343
Roi Et,Yala,1212,1576
Roi Et,Chiang Rai,704,830
Roi Et,Lampang,544,655
Roi Et,Nan,602,708
Roi Et,Phayao,665,766
Roi Et,Phrae,497,592
Roi Et,Phitsanulok,376,430
Roi Et,Sukhothai,420,488
Roi Et,Uttaradit,438,523
Roi Et,Kanchanaburi,497,608
Roi Et,Mae Sot,557,636
Roi Et,Tak,481,571
Roi Et,Uthai Thani,422,486
Roi Et,Lop Buri,365,446
Roi Et,Prachin Buri,348,408
Roi Et,Ayutthaya,383,454
Roi Et,Pathum Thani,383,483
Roi Et,Saraburi,321,404
Roi Et,Nonthaburi,398,505
Roi Et,Phetchaburi,528,672
Roi Et,Hua Hin,547,702
Roi Et,Ratchaburi,485,600
Roi Et,Samut Prakan,416,531
Roi Et,Sisaket,132,146
Roi Et,Si Racha,471,603
Roi Et,Chon Buri,449,575
Roi Et,Chanthaburi,439,488
Roi Et,Aranyaprathet,306,339
Roi Et,Rayong,501,583
Roi Et,Buriram,131,150
Roi Et,Chaiyaphum,172,205
Roi Et,Bua Yai,158,187
Roi Et,Surin,131,145
Roi Et,Loei,278,316
Roi Et,Nong Khai,243,284
Roi Et,Sakhon Nakhon,163,162
Roi Et,Udon Thani,198,232
Roi Et,Nakhon Phanom,230,259
Roi Et,Narathiwat,1275,1644
Roi Et,Khon Kaen,110,113
Roi Et,Phuket,1087,1344
Roi Et,Nakhon Si Thammarat,1010,1305
Roi Et,Songkhla,1138,1472
Roi Et,Hat Yai,1117,1447
Roi Et,Nakhon Sawan,411,468
Roi Et,Ubon Ratchathani,147,169
Roi Et,Surat Thani,894,1155
Roi Et,Chiang Mai,630,753
Roi Et,Nakhon Ratchasima,211,254
Roi Et,Bangkok,406,513
Pattani,Chumphon,470,595
Pattani,Thung Song,243,295
Pattani,Trang,224,262
Pattani,Yala,42,31
Pattani,Chiang Rai,1428,1836
Pattani,Lampang,1246,1650
Pattani,Nan,1325,1714
Pattani,Phayao,1388,1771
Pattani,Phrae,1220,1598
Pattani,Phitsanulok,1086,1421
Pattani,Sukhothai,1120,1471
Pattani,Uttaradit,1162,1529
Pattani,Kanchanaburi,856,1082
Pattani,Mae Sot,1175,1522
Pattani,Tak,1112,1468
Pattani,Uthai Thani,962,1270
Pattani,Lop Buri,922,1194
Pattani,Prachin Buri,957,1220
Pattani,Ayutthaya,869,1131
Pattani,Pathum Thani,839,1085
Pattani,Saraburi,890,1163
Pattani,Nonthaburi,821,1068
Pattani,Phetchaburi,731,924
Pattani,Hua Hin,677,860
Pattani,Ratchaburi,756,978
Pattani,Samut Prakan,818,1059
Pattani,Sisaket,1237,1591
Pattani,Si Racha,894,1152
Pattani,Chon Buri,866,1124
Pattani,Chanthaburi,998,1287
Pattani,Aranyaprathet,1007,1295
Pattani,Rayong,937,1218
Pattani,Buriram,1108,1443
Pattani,Chaiyaphum,1064,1386
Pattani,Bua Yai,1081,1404
Pattani,Surin,1142,1483
Pattani,Loei,1246,1593
Pattani,Nong Khai,1307,1678
Pattani,Sakhon Nakhon,1329,1699
Pattani,Udon Thani,1261,1626
Pattani,Nakhon Phanom,1401,1787
Pattani,Narathiwat,83,87
Pattani,Khon Kaen,1158,1500
Pattani,Phuket,498,543
Pattani,Nakhon Si Thammarat,259,284
Pattani,Songkhla,105,113
Pattani,Hat Yai,112,116
Pattani,Nakhon Sawan,980,1287
Pattani,Ubon Ratchathani,1297,1665
Pattani,Surat Thani,343,428
Pattani,Chiang Mai,1315,1731
Pattani,Nakhon Ratchasima,1004,1309
Pattani,Bangkok,816,1055
Chumphon,Thung Song,235,299
Chumphon,Trang,300,375
Chumphon,Yala,479,607
Chumphon,Chiang Rai,973,1245
Chumphon,Lampang,791,1060
Chumphon,Nan,870,1124
Chumphon,Phayao,933,1181
Chumphon,Phrae,765,1008
Chumphon,Phitsanulok,631,831
Chumphon,Sukhothai,665,881
Chumphon,Uttaradit,707,938
Chumphon,Kanchanaburi,401,492
Chumphon,Mae Sot,719,931
Chumphon,Tak,657,878
Chumphon,Uthai Thani,507,680
Chumphon,Lop Buri,467,604
Chumphon,Prachin Buri,502,630
Chumphon,Ayutthaya,414,541
Chumphon,Pathum Thani,384,494
Chumphon,Saraburi,435,572
Chumphon,Nonthaburi,366,478
Chumphon,Phetchaburi,275,334
Chumphon,Hua Hin,222,269
Chumphon,Ratchaburi,301,388
Chumphon,Samut Prakan,362,469
Chumphon,Sisaket,782,1001
Chumphon,Si Racha,439,561
Chumphon,Chon Buri,410,534
Chumphon,Chanthaburi,543,697
Chumphon,Aranyaprathet,552,704
Chumphon,Rayong,482,628
Chumphon,Buriram,652,852
Chumphon,Chaiyaphum,608,796
Chumphon,Bua Yai,626,814
Chumphon,Surin,687,893
Chumphon,Loei,791,1003
Chumphon,Nong Khai,852,1088
Chumphon,Sakhon Nakhon,874,1108
Chumphon,Udon Thani,806,1036
Chumphon,Nakhon Phanom,946,1197
Chumphon,Narathiwat,542,676
Chumphon,Khon Kaen,703,909
Chumphon,Phuket,354,375
Chumphon,Nakhon Si Thammarat,276,336
Chumphon,Songkhla,405,503
Chumphon,Hat Yai,384,479
Chumphon,Nakhon Sawan,525,697
Chumphon,Ubon Ratchathani,842,1075
Chumphon,Surat Thani,161,186
Chumphon,Chiang Mai,860,1141
Chumphon,Nakhon Ratchasima,549,718
Chumphon,Bangkok,361,464
Thung Song,Trang,67,75
Thung Song,Yala,246,308
Thung Song,Chiang Rai,1194,1545
Thung Song,Lampang,1012,1360
Thung Song,Nan,1091,1424
Thung Song,Phayao,1154,1481
Thung Song,Phrae,986,1308
Thung Song,Phitsanulok,852,1131
Thung Song,Sukhothai,886,1181
Thung Song,Uttaradit,928,1238
Thung Song,Kanchanaburi,622,792
Thung Song,Mae Sot,941,1231
Thung Song,Tak,878,1178
Thung Song,Uthai Thani,728,980
Thung Song,Lop Buri,688,904
Thung Song,Prachin Buri,723,930
Thung Song,Ayutthaya,635,841
Thung Song,Pathum Thani,605,794
Thung Song,Saraburi,656,872
Thung Song,Nonthaburi,587,778
Thung Song,Phetchaburi,497,634
Thung Song,Hua Hin,443,569
Thung Song,Ratchaburi,522,688
Thung Song,Samut Prakan,584,769
Thung Song,Sisaket,1003,1301
Thung Song,Si Racha,660,861
Thung Song,Chon Buri,632,834
Thung Song,Chanthaburi,764,997
Thung Song,Aranyaprathet,773,1004
Thung Song,Rayong,703,928
Thung Song,Buriram,874,1152
Thung Song,Chaiyaphum,830,1096
Thung Song,Bua Yai,847,1114
Thung Song,Surin,908,1193
Thung Song,Loei,1012,1303
Thung Song,Nong Khai,1073,1388
Thung Song,Sakhon Nakhon,1095,1408
Thung Song,Udon Thani,1027,1336
Thung Song,Nakhon Phanom,1167,1497
Thung Song,Narathiwat,309,377
Thung Song,Khon Kaen,924,1210
Thung Song,Phuket,265,257
Thung Song,Nakhon Si Thammarat,56,57
Thung Song,Songkhla,172,204
Thung Song,Hat Yai,152,180
Thung Song,Nakhon Sawan,746,997
Thung Song,Ubon Ratchathani,1063,1375
Thung Song,Surat Thani,109,138
Thung Song,Chiang Mai,1081,1441
Thung Song,Nakhon Ratchasima,770,1018
Thung Song,Bangkok,582,764
Trang,Yala,233,278
Trang,Chiang Rai,1256,1617
Trang,Lampang,1075,1432
Trang,Nan,1153,1496
Trang,Phayao,1216,1553
Trang,Phrae,1048,1380
Trang,Phitsanulok,915,1203
Trang,Sukhothai,948,1253
Trang,Uttaradit,990,1311
Trang,Kanchanaburi,684,864
Trang,Mae Sot,1003,1304
Trang,Tak,940,1250
Trang,Uthai Thani,790,1052
Trang,Lop Buri,751,976
Trang,Prachin Buri,785,1002
Trang,Ayutthaya,697,913
Trang,Pathum Thani,667,866
Trang,Saraburi,718,944
Trang,Nonthaburi,649,850
Trang,Phetchaburi,559,706
Trang,Hua Hin,505,642
Trang,Ratchaburi,584,760
Trang,Samut Prakan,646,841
Trang,Sisaket,1065,1373
Trang,Si Racha,723,934
Trang,Chon Buri,694,906
Trang,Chanthaburi,827,1069
Trang,Aranyaprathet,835,1076
Trang,Rayong,765,1000
Trang,Buriram,936,1224
Trang,Chaiyaphum,892,1168
Trang,Bua Yai,909,1186
Trang,Surin,970,1265
Trang,Loei,1074,1375
Trang,Nong Khai,1135,1460
Trang,Sakhon Nakhon,1157,1481
Trang,Udon Thani,1089,1408
Trang,Nakhon Phanom,1230,1569
Trang,Narathiwat,296,347
Trang,Khon Kaen,986,1282
Trang,Phuket,281,279
Trang,Nakhon Si Thammarat,122,132
Trang,Songkhla,159,174
Trang,Hat Yai,139,150
Trang,Nakhon Sawan,808,1069
Trang,Ubon Ratchathani,1125,1447
Trang,Surat Thani,172,210
Trang,Chiang Mai,1143,1513
Trang,Nakhon Ratchasima,832,1090
Trang,Bangkok,644,837
Yala,Chiang Rai,1432,1851
Yala,Lampang,1251,1666
Yala,Nan,1330,1730
Yala,Phayao,1393,1787
Yala,Phrae,1225,1613
Yala,Phitsanulok,1091,1437
Yala,Sukhothai,1125,1486
Yala,Uttaradit,1167,1544
Yala,Kanchanaburi,861,1097
Yala,Mae Sot,1179,1537
Yala,Tak,1117,1484
Yala,Uthai Thani,966,1286
Yala,Lop Buri,927,1209
Yala,Prachin Buri,962,1235
Yala,Ayutthaya,874,1146
Yala,Pathum Thani,843,1100
Yala,Saraburi,895,1178
Yala,Nonthaburi,826,1084
Yala,Phetchaburi,735,940
Yala,Hua Hin,682,875
Yala,Ratchaburi,761,994
Yala,Samut Prakan,822,1075
Yala,Sisaket,1241,1607
Yala,Si Racha,899,1167
Yala,Chon Buri,870,1140
Yala,Chanthaburi,1003,1303
Yala,Aranyaprathet,1012,1310
Yala,Rayong,941,1234
Yala,Buriram,1112,1458
Yala,Chaiyaphum,1068,1402
Yala,Bua Yai,1085,1420
Yala,Surin,1147,1499
Yala,Loei,1250,1608
Yala,Nong Khai,1312,1694
Yala,Sakhon Nakhon,1334,1714
Yala,Udon Thani,1266,1642
Yala,Nakhon Phanom,1406,1802
Yala,Narathiwat,82,77
Yala,Khon Kaen,1163,1515
Yala,Phuket,502,559
Yala,Nakhon Si Thammarat,264,300
Yala,Songkhla,110,128
Yala,Hat Yai,117,132
Yala,Nakhon Sawan,984,1303
Yala,Ubon Ratchathani,1302,1680
Yala,Surat Thani,348,444
Yala,Chiang Mai,1319,1747
Yala,Nakhon Ratchasima,1009,1324
Yala,Bangkok,821,1070
Chiang Rai,Lampang,195,226
Chiang Rai,Nan,224,218
Chiang Rai,Phayao,120,102
Chiang Rai,Phrae,215,239
Chiang Rai,Phitsanulok,354,415
Chiang Rai,Sukhothai,366,403
Chiang Rai,Uttaradit,280,314
Chiang Rai,Kanchanaburi,657,788
Chiang Rai,Mae Sot,406,475
Chiang Rai,Tak,329,409
Chiang Rai,Uthai Thani,490,595
Chiang Rai,Lop Buri,553,677
Chiang Rai,Prachin Buri,717,844
Chiang Rai,Ayutthaya,580,719
Chiang Rai,Pathum Thani,609,755
Chiang Rai,Saraburi,603,710
Chiang Rai,Nonthaburi,624,782
Chiang Rai,Phetchaburi,755,954
Chiang Rai,Hua Hin,774,984
Chiang Rai,Ratchaburi,706,841
Chiang Rai,Samut Prakan,647,814
Chiang Rai,Sisaket,841,974
Chiang Rai,Si Racha,702,885
Chiang Rai,Chon Buri,680,857
Chiang Rai,Chanthaburi,804,1016
Chiang Rai,Aranyaprathet,814,954
Chiang Rai,Rayong,744,949
Chiang Rai,Buriram,763,911
Chiang Rai,Chaiyaphum,610,703
Chiang Rai,Bua Yai,676,770
Chiang Rai,Surin,798,952
Chiang Rai,Loei,504,551
Chiang Rai,Nong Khai,661,715
Chiang Rai,Sakhon Nakhon,772,848
Chiang Rai,Udon Thani,630,683
Chiang Rai,Nakhon Phanom,830,925
Chiang Rai,Narathiwat,1501,1926
Chiang Rai,Khon Kaen,611,716
Chiang Rai,Phuket,1313,1626
Chiang Rai,Nakhon Si Thammarat,1236,1587
Chiang Rai,Songkhla,1364,1754
Chiang Rai,Hat Yai,1344,1729
Chiang Rai,Nakhon Sawan,450,549
Chiang Rai,Ubon Ratchathani,851,1010
Chiang Rai,Surat Thani,1120,1437
Chiang Rai,Chiang Mai,193,197
Chiang Rai,Nakhon Ratchasima,661,775
Chiang Rai,Bangkok,633,791
Lampang,Nan,204,233
Lampang,Phayao,175,190
Lampang,Phrae,91,102
Lampang,Phitsanulok,200,242
Lampang,Sukhothai,184,210
Lampang,Uttaradit,126,141
Lampang,Kanchanaburi,471,597
Lampang,Mae Sot,211,249
Lampang,Tak,133,182
Lampang,Uthai Thani,306,410
Lampang,Lop Buri,369,492
Lampang,Prachin Buri,533,659
Lampang,Ayutthaya,397,534
Lampang,Pathum Thani,426,569
Lampang,Saraburi,420,543
Lampang,Nonthaburi,441,597
Lampang,Phetchaburi,571,768
Lampang,Hua Hin,590,799
Lampang,Ratchaburi,523,656
Lampang,Samut Prakan,464,629
Lampang,Sisaket,687,801
Lampang,Si Racha,519,700
Lampang,Chon Buri,497,672
Lampang,Chanthaburi,620,830
Lampang,Aranyaprathet,631,769
Lampang,Rayong,560,764
Lampang,Buriram,609,738
Lampang,Chaiyaphum,456,530
Lampang,Bua Yai,522,597
Lampang,Surin,644,779
Lampang,Loei,350,378
Lampang,Nong Khai,507,542
Lampang,Sakhon Nakhon,618,675
Lampang,Udon Thani,477,510
Lampang,Nakhon Phanom,676,752
Lampang,Narathiwat,1318,1741
Lampang,Khon Kaen,457,543
Lampang,Phuket,1130,1441
Lampang,Nakhon Si Thammarat,1053,1401
Lampang,Songkhla,1181,1569
Lampang,Hat Yai,1160,1544
Lampang,Nakhon Sawan,270,366
Lampang,Ubon Ratchathani,697,837
Lampang,Surat Thani,937,1252
Lampang,Chiang Mai,92,99
Lampang,Nakhon Ratchasima,507,603
Lampang,Bangkok,449,606
Nan,Phayao,156,136
Nan,Phrae,113,117
Nan,Phitsanulok,252,293
Nan,Sukhothai,264,282
Nan,Uttaradit,178,192
Nan,Kanchanaburi,555,666
Nan,Mae Sot,373,407
Nan,Tak,297,343
Nan,Uthai Thani,388,474
Nan,Lop Buri,451,556
Nan,Prachin Buri,615,722
Nan,Ayutthaya,478,598
Nan,Pathum Thani,507,633
Nan,Saraburi,501,589
Nan,Nonthaburi,522,661
Nan,Phetchaburi,653,832
Nan,Hua Hin,672,863
Nan,Ratchaburi,604,720
Nan,Samut Prakan,546,693
Nan,Sisaket,739,852
Nan,Si Racha,600,764
Nan,Chon Buri,578,736
Nan,Chanthaburi,702,894
Nan,Aranyaprathet,712,833
Nan,Rayong,642,828
Nan,Buriram,661,790
Nan,Chaiyaphum,508,581
Nan,Bua Yai,574,649
Nan,Surin,696,830
Nan,Loei,402,429
Nan,Nong Khai,559,594
Nan,Sakhon Nakhon,670,727
Nan,Udon Thani,529,562
Nan,Nakhon Phanom,728,803
Nan,Narathiwat,1399,1805
Nan,Khon Kaen,509,594
Nan,Phuket,1212,1504
Nan,Nakhon Si Thammarat,1134,1465
Nan,Songkhla,1262,1632
Nan,Hat Yai,1242,1608
Nan,Nakhon Sawan,348,427
Nan,Ubon Ratchathani,749,889
Nan,Surat Thani,1018,1315
Nan,Chiang Mai,286,320
Nan,Nakhon Ratchasima,559,654
Nan,Bangkok,531,670
Phayao,Phrae,177,174
Phayao,Phitsanulok,315,351
Phayao,Sukhothai,327,339
Phayao,Uttaradit,241,250
Phayao,Kanchanaburi,618,723
Phayao,Mae Sot,383,439
Phayao,Tak,306,373
Phayao,Uthai Thani,451,531
Phayao,Lop Buri,514,613
Phayao,Prachin Buri,678,780
Phayao,Ayutthaya,541,655
Phayao,Pathum Thani,570,691
Phayao,Saraburi,564,646
Phayao,Nonthaburi,585,718
Phayao,Phetchaburi,716,889
Phayao,Hua Hin,735,920
Phayao,Ratchaburi,667,777
Phayao,Samut Prakan,609,750
Phayao,Sisaket,802,910
Phayao,Si Racha,663,821
Phayao,Chon Buri,641,793
Phayao,Chanthaburi,765,951
Phayao,Aranyaprathet,776,890
Phayao,Rayong,705,885
Phayao,Buriram,724,847
Phayao,Chaiyaphum,571,639
Phayao,Bua Yai,637,706
Phayao,Surin,759,888
Phayao,Loei,465,487
Phayao,Nong Khai,622,651
Phayao,Sakhon Nakhon,733,784
Phayao,Udon Thani,592,619
Phayao,Nakhon Phanom,791,860
Phayao,Narathiwat,1462,1862
Phayao,Khon Kaen,572,652
Phayao,Phuket,1275,1562
Phayao,Nakhon Si Thammarat,1197,1522
Phayao,Songkhla,1325,1690
Phayao,Hat Yai,1305,1665
Phayao,Nakhon Sawan,411,485
Phayao,Ubon Ratchathani,812,946
Phayao,Surat Thani,1081,1373
Phayao,Chiang Mai,224,218
Phayao,Nakhon Ratchasima,622,711
Phayao,Bangkok,594,727
Phrae,Phitsanulok,149,177
Phrae,Sukhothai,160,166
Phrae,Uttaradit,75,76
Phrae,Kanchanaburi,452,550
Phrae,Mae Sot,261,292
Phrae,Tak,183,226
Phrae,Uthai Thani,285,357
Phrae,Lop Buri,347,439
Phrae,Prachin Buri,511,606
Phrae,Ayutthaya,375,482
Phrae,Pathum Thani,404,517
Phrae,Saraburi,397,472
Phrae,Nonthaburi,419,545
Phrae,Phetchaburi,549,716
Phrae,Hua Hin,568,747
Phrae,Ratchaburi,501,604
Phrae,Samut Prakan,442,576
Phrae,Sisaket,636,736
Phrae,Si Racha,497,648
Phrae,Chon Buri,475,620
Phrae,Chanthaburi,599,778
Phrae,Aranyaprathet,609,716
Phrae,Rayong,538,712
Phrae,Buriram,558,674
Phrae,Chaiyaphum,405,465
Phrae,Bua Yai,470,533
Phrae,Surin,592,714
Phrae,Loei,298,313
Phrae,Nong Khai,456,478
Phrae,Sakhon Nakhon,566,611
Phrae,Udon Thani,425,446
Phrae,Nakhon Phanom,625,687
Phrae,Narathiwat,1296,1689
Phrae,Khon Kaen,406,478
Phrae,Phuket,1108,1388
Phrae,Nakhon Si Thammarat,1031,1349
Phrae,Songkhla,1159,1516
Phrae,Hat Yai,1138,1492
Phrae,Nakhon Sawan,244,311
Phrae,Ubon Ratchathani,646,773
Phrae,Surat Thani,915,1199
Phrae,Chiang Mai,174,197
Phrae,Nakhon Ratchasima,455,538
Phrae,Bangkok,427,554
Phitsanulok,Sukhothai,54,58
Phitsanulok,Uttaradit,89,110
Phitsanulok,Kanchanaburi,316,371
Phitsanulok,Mae Sot,191,207
Phitsanulok,Tak,116,142
Phitsanulok,Uthai Thani,148,179
Phitsanulok,Lop Buri,211,261
Phitsanulok,Prachin Buri,375,427
Phitsanulok,Ayutthaya,239,303
Phitsanulok,Pathum Thani,268,338
Phitsanulok,Saraburi,262,311
Phitsanulok,Nonthaburi,283,366
Phitsanulok,Phetchaburi,413,537
Phitsanulok,Hua Hin,432,568
Phitsanulok,Ratchaburi,365,425
Phitsanulok,Samut Prakan,306,398
Phitsanulok,Sisaket,515,579
Phitsanulok,Si Racha,361,469
Phitsanulok,Chon Buri,339,441
Phitsanulok,Chanthaburi,462,599
Phitsanulok,Aranyaprathet,473,538
Phitsanulok,Rayong,402,533
Phitsanulok,Buriram,436,517
Phitsanulok,Chaiyaphum,284,308
Phitsanulok,Bua Yai,349,376
Phitsanulok,Surin,471,557
Phitsanulok,Loei,215,228
Phitsanulok,Nong Khai,373,392
Phitsanulok,Sakhon Nakhon,469,537
Phitsanulok,Udon Thani,342,360
Phitsanulok,Nakhon Phanom,541,602
Phitsanulok,Narathiwat,1160,1510
Phitsanulok,Khon Kaen,285,321
Phitsanulok,Phuket,972,1210
Phitsanulok,Nakhon Si Thammarat,895,1170
Phitsanulok,Songkhla,1023,1337
Phitsanulok,Hat Yai,1002,1313
Phitsanulok,Nakhon Sawan,108,132
Phitsanulok,Ubon Ratchathani,524,616
Phitsanulok,Surat Thani,779,1020
Phitsanulok,Chiang Mai,280,340
Phitsanulok,Nakhon Ratchasima,334,381
Phitsanulok,Bangkok,291,375
Sukhothai,Uttaradit,93,91
Sukhothai,Kanchanaburi,355,423
Sukhothai,Mae Sot,146,149
Sukhothai,Tak,70,84
Sukhothai,Uthai Thani,187,231
Sukhothai,Lop Buri,250,313
Sukhothai,Prachin Buri,414,480
Sukhothai,Ayutthaya,277,355
Sukhothai,Pathum Thani,307,390
Sukhothai,Saraburi,301,363
Sukhothai,Nonthaburi,322,418
Sukhothai,Phetchaburi,452,589
Sukhothai,Hua Hin,471,620
Sukhothai,Ratchaburi,404,477
Sukhothai,Samut Prakan,345,450
Sukhothai,Sisaket,555,635
Sukhothai,Si Racha,400,521
Sukhothai,Chon Buri,377,493
Sukhothai,Chanthaburi,501,651
Sukhothai,Aranyaprathet,512,590
Sukhothai,Rayong,441,585
Sukhothai,Buriram,477,572
Sukhothai,Chaiyaphum,324,364
Sukhothai,Bua Yai,390,431
Sukhothai,Surin,512,613
Sukhothai,Loei,256,284
Sukhothai,Nong Khai,413,448
Sukhothai,Sakhon Nakhon,510,592
Sukhothai,Udon Thani,383,416
Sukhothai,Nakhon Phanom,582,657
Sukhothai,Narathiwat,1199,1562
Sukhothai,Khon Kaen,325,377
Sukhothai,Phuket,1011,1262
Sukhothai,Nakhon Si Thammarat,933,1222
Sukhothai,Songkhla,1061,1390
Sukhothai,Hat Yai,1041,1365
Sukhothai,Nakhon Sawan,147,185
Sukhothai,Ubon Ratchathani,565,671
Sukhothai,Surat Thani,818,1073
Sukhothai,Chiang Mai,253,289
Sukhothai,Nakhon Ratchasima,375,437
Sukhothai,Bangkok,330,427
Uttaradit,Kanchanaburi,391,481
Uttaradit,Mae Sot,216,228
Uttaradit,Tak,141,163
Uttaradit,Uthai Thani,224,288
Uttaradit,Lop Buri,287,370
Uttaradit,Prachin Buri,451,537
Uttaradit,Ayutthaya,314,413
Uttaradit,Pathum Thani,343,448
Uttaradit,Saraburi,337,403
Uttaradit,Nonthaburi,358,476
Uttaradit,Phetchaburi,489,647
Uttaradit,Hua Hin,508,678
Uttaradit,Ratchaburi,440,534
Uttaradit,Samut Prakan,381,507
Uttaradit,Sisaket,575,667
Uttaradit,Si Racha,436,579
Uttaradit,Chon Buri,414,550
Uttaradit,Chanthaburi,538,709
Uttaradit,Aranyaprathet,548,647
Uttaradit,Rayong,478,643
Uttaradit,Buriram,497,604
Uttaradit,Chaiyaphum,344,396
Uttaradit,Bua Yai,410,463
Uttaradit,Surin,532,645
Uttaradit,Loei,238,244
Uttaradit,Nong Khai,395,408
Uttaradit,Sakhon Nakhon,506,542
Uttaradit,Udon Thani,365,376
Uttaradit,Nakhon Phanom,564,618
Uttaradit,Narathiwat,1235,1620
Uttaradit,Khon Kaen,345,409
Uttaradit,Phuket,1047,1319
Uttaradit,Nakhon Si Thammarat,970,1280
Uttaradit,Songkhla,1098,1447
Uttaradit,Hat Yai,1078,1423
Uttaradit,Nakhon Sawan,184,242
Uttaradit,Ubon Ratchathani,585,703
Uttaradit,Surat Thani,854,1130
Uttaradit,Chiang Mai,206,236
Uttaradit,Nakhon Ratchasima,395,469
Uttaradit,Bangkok,367,484
Kanchanaburi,Mae Sot,404,468
Kanchanaburi,Tak,341,414
Kanchanaburi,Uthai Thani,181,197
Kanchanaburi,Lop Buri,170,185
Kanchanaburi,Prachin Buri,277,301
Kanchanaburi,Ayutthaya,149,176
Kanchanaburi,Pathum Thani,134,141
Kanchanaburi,Saraburi,186,212
Kanchanaburi,Nonthaburi,140,149
Kanchanaburi,Phetchaburi,165,173
Kanchanaburi,Hua Hin,194,216
Kanchanaburi,Ratchaburi,104,97
Kanchanaburi,Samut Prakan,163,174
Kanchanaburi,Sisaket,533,640
Kanchanaburi,Si Racha,230,266
Kanchanaburi,Chon Buri,207,234
Kanchanaburi,Chanthaburi,332,396
Kanchanaburi,Aranyaprathet,340,397
Kanchanaburi,Rayong,272,330
Kanchanaburi,Buriram,404,492
Kanchanaburi,Chaiyaphum,360,435
Kanchanaburi,Bua Yai,377,454
Kanchanaburi,Surin,438,532
Kanchanaburi,Loei,497,595
Kanchanaburi,Nong Khai,603,727
Kanchanaburi,Sakhon Nakhon,625,748
Kanchanaburi,Udon Thani,557,675
Kanchanaburi,Nakhon Phanom,698,836
Kanchanaburi,Narathiwat,921,1158
Kanchanaburi,Khon Kaen,454,549
Kanchanaburi,Phuket,734,857
Kanchanaburi,Nakhon Si Thammarat,656,818
Kanchanaburi,Songkhla,784,985
Kanchanaburi,Hat Yai,764,961
Kanchanaburi,Nakhon Sawan,211,249
Kanchanaburi,Ubon Ratchathani,593,714
Kanchanaburi,Surat Thani,540,668
Kanchanaburi,Chiang Mai,544,677
Kanchanaburi,Nakhon Ratchasima,300,358
Kanchanaburi,Bangkok,133,140
Mae Sot,Tak,74,67
Mae Sot,Uthai Thani,233,282
Mae Sot,Lop Buri,296,364
Mae Sot,Prachin Buri,460,530
Mae Sot,Ayutthaya,324,406
Mae Sot,Pathum Thani,353,441
Mae Sot,Saraburi,347,414
Mae Sot,Nonthaburi,368,469
Mae Sot,Phetchaburi,498,640
Mae Sot,Hua Hin,517,671
Mae Sot,Ratchaburi,450,528
Mae Sot,Samut Prakan,391,501
Mae Sot,Sisaket,684,757
Mae Sot,Si Racha,446,572
Mae Sot,Chon Buri,423,544
Mae Sot,Chanthaburi,547,702
Mae Sot,Aranyaprathet,558,641
Mae Sot,Rayong,487,636
Mae Sot,Buriram,556,669
Mae Sot,Chaiyaphum,427,471
Mae Sot,Bua Yai,491,532
Mae Sot,Surin,590,710
Mae Sot,Loei,389,434
Mae Sot,Nong Khai,546,598
Mae Sot,Sakhon Nakhon,642,742
Mae Sot,Udon Thani,515,566
Mae Sot,Nakhon Phanom,715,808
Mae Sot,Narathiwat,1245,1613
Mae Sot,Khon Kaen,458,527
Mae Sot,Phuket,1057,1313
Mae Sot,Nakhon Si Thammarat,979,1273
Mae Sot,Songkhla,1108,1440
Mae Sot,Hat Yai,1087,1416
Mae Sot,Nakhon Sawan,197,237
Mae Sot,Ubon Ratchathani,698,822
Mae Sot,Surat Thani,864,1123
Mae Sot,Chiang Mai,277,330
Mae Sot,Nakhon Ratchasima,453,534
Mae Sot,Bangkok,376,478
Tak,Uthai Thani,175,228
Tak,Lop Buri,238,310
Tak,Prachin Buri,402,477
Tak,Ayutthaya,265,352
Tak,Pathum Thani,294,388
Tak,Saraburi,289,361
Tak,Nonthaburi,310,415
Tak,Phetchaburi,440,586
Tak,Hua Hin,459,617
Tak,Ratchaburi,392,474
Tak,Samut Prakan,333,447
Tak,Sisaket,614,718
Tak,Si Racha,387,518
Tak,Chon Buri,365,490
Tak,Chanthaburi,489,649
Tak,Aranyaprathet,500,587
Tak,Rayong,429,582
Tak,Buriram,498,616
Tak,Chaiyaphum,369,418
Tak,Bua Yai,433,479
Tak,Surin,532,656
Tak,Loei,315,367
Tak,Nong Khai,472,531
Tak,Sakhon Nakhon,569,675
Tak,Udon Thani,442,499
Tak,Nakhon Phanom,641,740
Tak,Narathiwat,1186,1559
Tak,Khon Kaen,384,460
Tak,Phuket,999,1259
Tak,Nakhon Si Thammarat,921,1219
Tak,Songkhla,1049,1387
Tak,Hat Yai,1029,1362
Tak,Nakhon Sawan,139,184
Tak,Ubon Ratchathani,624,754
Tak,Surat Thani,806,1070
Tak,Chiang Mai,203,263
Tak,Nakhon Ratchasima,395,480
Tak,Bangkok,318,424
Uthai Thani,Lop Buri,88,112
Uthai Thani,Prachin Buri,252,279
Uthai Thani,Ayutthaya,116,154
Uthai Thani,Pathum Thani,145,190
Uthai Thani,Saraburi,139,163
Uthai Thani,Nonthaburi,160,217
Uthai Thani,Phetchaburi,291,389
Uthai Thani,Hua Hin,309,419
Uthai Thani,Ratchaburi,228,245
Uthai Thani,Samut Prakan,183,249
Uthai Thani,Sisaket,477,566
Uthai Thani,Si Racha,238,320
Uthai Thani,Chon Buri,216,292
Uthai Thani,Chanthaburi,340,451
Uthai Thani,Aranyaprathet,350,389
Uthai Thani,Rayong,279,384
Uthai Thani,Buriram,348,418
Uthai Thani,Chaiyaphum,253,279
Uthai Thani,Bua Yai,295,327
Uthai Thani,Surin,383,458
Uthai Thani,Loei,350,404
Uthai Thani,Nong Khai,486,559
Uthai Thani,Sakhon Nakhon,545,614
Uthai Thani,Udon Thani,445,507
Uthai Thani,Nakhon Phanom,617,702
Uthai Thani,Narathiwat,1037,1361
Uthai Thani,Khon Kaen,360,404
Uthai Thani,Phuket,849,1061
Uthai Thani,Nakhon Si Thammarat,772,1022
Uthai Thani,Songkhla,900,1189
Uthai Thani,Hat Yai,879,1164
Uthai Thani,Nakhon Sawan,43,46
Uthai Thani,Ubon Ratchathani,537,640
Uthai Thani,Surat Thani,656,872
Uthai Thani,Chiang Mai,378,483
Uthai Thani,Nakhon Ratchasima,246,282
Uthai Thani,Bangkok,168,226
Lop Buri,Prachin Buri,168,165
Lop Buri,Ayutthaya,73,77
Lop Buri,Pathum Thani,102,112
Lop Buri,Saraburi,52,48
Lop Buri,Nonthaburi,117,140
Lop Buri,Phetchaburi,248,311
Lop Buri,Hua Hin,266,342
Lop Buri,Ratchaburi,203,235
Lop Buri,Samut Prakan,140,171
Lop Buri,Sisaket,396,474
Lop Buri,Si Racha,195,243
Lop Buri,Chon Buri,173,215
Lop Buri,Chanthaburi,297,373
Lop Buri,Aranyaprathet,266,275
Lop Buri,Rayong,236,307
Lop Buri,Buriram,267,325
Lop Buri,Chaiyaphum,201,233
Lop Buri,Bua Yai,238,254
Lop Buri,Surin,302,366
Lop Buri,Loei,352,424
Lop Buri,Nong Khai,446,527
Lop Buri,Sakhon Nakhon,488,555
Lop Buri,Udon Thani,400,475
Lop Buri,Nakhon Phanom,560,643
Lop Buri,Narathiwat,994,1284
Lop Buri,Khon Kaen,305,357
Lop Buri,Phuket,806,983
Lop Buri,Nakhon Si Thammarat,729,944
Lop Buri,Songkhla,857,1111
Lop Buri,Hat Yai,836,1087
Lop Buri,Nakhon Sawan,108,129
Lop Buri,Ubon Ratchathani,457,548
Lop Buri,Surat Thani,613,794
Lop Buri,Chiang Mai,443,573
Lop Buri,Nakhon Ratchasima,164,191
Lop Buri,Bangkok,125,149
Prachin Buri,Ayutthaya,156,141
Prachin Buri,Pathum Thani,155,149
Prachin Buri,Saraburi,120,118
Prachin Buri,Nonthaburi,165,154
Prachin Buri,Phetchaburi,281,342
Prachin Buri,Hua Hin,299,373
Prachin Buri,Ratchaburi,245,299
Prachin Buri,Samut Prakan,155,177
Prachin Buri,Sisaket,365,411
Prachin Buri,Si Racha,158,176
Prachin Buri,Chon Buri,138,146
Prachin Buri,Chanthaburi,201,213
Prachin Buri,Aranyaprathet,103,112
Prachin Buri,Rayong,183,203
Prachin Buri,Buriram,236,263
Prachin Buri,Chaiyaphum,243,285
Prachin Buri,Bua Yai,227,247
Prachin Buri,Surin,270,303
Prachin Buri,Loei,439,515
Prachin Buri,Nong Khai,453,521
Prachin Buri,Sakhon Nakhon,475,541
Prachin Buri,Udon Thani,407,468
Prachin Buri,Nakhon Phanom,548,629
Prachin Buri,Narathiwat,1027,1315
Prachin Buri,Khon Kaen,304,342
Prachin Buri,Phuket,839,1014
Prachin Buri,Nakhon Si Thammarat,762,975
Prachin Buri,Songkhla,890,1142
Prachin Buri,Hat Yai,869,1118
Prachin Buri,Nakhon Sawan,267,302
Prachin Buri,Ubon Ratchathani,425,485
Prachin Buri,Surat Thani,646,825
Prachin Buri,Chiang Mai,602,745
Prachin Buri,Nakhon Ratchasima,152,151
Prachin Buri,Bangkok,163,187
Ayutthaya,Pathum Thani,49,50
Ayutthaya,Saraburi,64,64
Ayutthaya,Nonthaburi,64,72
Ayutthaya,Phetchaburi,195,243
Ayutthaya,Hua Hin,214,273
Ayutthaya,Ratchaburi,151,167
Ayutthaya,Samut Prakan,87,103
Ayutthaya,Sisaket,411,492
Ayutthaya,Si Racha,142,175
Ayutthaya,Chon Buri,120,146
Ayutthaya,Chanthaburi,244,305
Ayutthaya,Aranyaprathet,253,263
Ayutthaya,Rayong,184,238
Ayutthaya,Buriram,282,344
Ayutthaya,Chaiyaphum,238,287
Ayutthaya,Bua Yai,255,305
Ayutthaya,Surin,317,384
Ayutthaya,Loei,396,482
Ayutthaya,Nong Khai,481,579
Ayutthaya,Sakhon Nakhon,503,600
Ayutthaya,Udon Thani,435,527
Ayutthaya,Nakhon Phanom,576,688
Ayutthaya,Narathiwat,941,1215
Ayutthaya,Khon Kaen,333,401
Ayutthaya,Phuket,753,915
Ayutthaya,Nakhon Si Thammarat,676,876
Ayutthaya,Songkhla,804,1043
Ayutthaya,Hat Yai,783,1018
Ayutthaya,Nakhon Sawan,124,165
Ayutthaya,Ubon Ratchathani,471,566
Ayutthaya,Surat Thani,560,726
Ayutthaya,Chiang Mai,459,609
Ayutthaya,Nakhon Ratchasima,179,210
Ayutthaya,Bangkok,73,80
Pathum Thani,Saraburi,69,82
Pathum Thani,Nonthaburi,32,29
Pathum Thani,Phetchaburi,163,193
Pathum Thani,Hua Hin,181,224
Pathum Thani,Ratchaburi,117,124
Pathum Thani,Samut Prakan,65,67
Pathum Thani,Sisaket,416,510
Pathum Thani,Si Racha,125,150
Pathum Thani,Chon Buri,102,117
Pathum Thani,Chanthaburi,227,280
Pathum Thani,Aranyaprathet,235,281
Pathum Thani,Rayong,167,214
Pathum Thani,Buriram,287,362
Pathum Thani,Chaiyaphum,243,306
Pathum Thani,Bua Yai,260,324
Pathum Thani,Surin,321,402
Pathum Thani,Loei,425,512
Pathum Thani,Nong Khai,486,598
Pathum Thani,Sakhon Nakhon,508,618
Pathum Thani,Udon Thani,440,545
Pathum Thani,Nakhon Phanom,581,706
Pathum Thani,Narathiwat,909,1166
Pathum Thani,Khon Kaen,337,419
Pathum Thani,Phuket,721,865
Pathum Thani,Nakhon Si Thammarat,644,826
Pathum Thani,Songkhla,772,993
Pathum Thani,Hat Yai,751,969
Pathum Thani,Nakhon Sawan,158,207
Pathum Thani,Ubon Ratchathani,476,584
Pathum Thani,Surat Thani,528,676
Pathum Thani,Chiang Mai,493,650
Pathum Thani,Nakhon Ratchasima,183,228
Pathum Thani,Bangkok,43,39
Saraburi,Nonthaburi,85,103
Saraburi,Phetchaburi,215,270
Saraburi,Hua Hin,234,301
Saraburi,Ratchaburi,171,199
Saraburi,Samut Prakan,103,130
Saraburi,Sisaket,356,431
Saraburi,Si Racha,158,201
Saraburi,Chon Buri,136,173
Saraburi,Chanthaburi,259,332
Saraburi,Aranyaprathet,216,228
Saraburi,Rayong,199,265
Saraburi,Buriram,227,282
Saraburi,Chaiyaphum,183,226
Saraburi,Bua Yai,200,244
Saraburi,Surin,261,323
Saraburi,Loei,359,428
Saraburi,Nong Khai,426,518
Saraburi,Sakhon Nakhon,448,538
Saraburi,Udon Thani,380,466
Saraburi,Nakhon Phanom,520,626
Saraburi,Narathiwat,961,1243
Saraburi,Khon Kaen,277,339
Saraburi,Phuket,774,942
Saraburi,Nakhon Si Thammarat,696,903
Saraburi,Songkhla,824,1070
Saraburi,Hat Yai,804,1046
Saraburi,Nakhon Sawan,154,178
Saraburi,Ubon Ratchathani,416,504
Saraburi,Surat Thani,580,753
Saraburi,Chiang Mai,489,621
Saraburi,Nakhon Ratchasima,123,148
Saraburi,Bangkok,93,112
Nonthaburi,Phetchaburi,144,178
Nonthaburi,Hua Hin,163,209
Nonthaburi,Ratchaburi,103,112
Nonthaburi,Samut Prakan,44,44
Nonthaburi,Sisaket,422,527
Nonthaburi,Si Racha,105,127
Nonthaburi,Chon Buri,81,94
Nonthaburi,Chanthaburi,206,257
Nonthaburi,Aranyaprathet,214,258
Nonthaburi,Rayong,146,190
Nonthaburi,Buriram,293,378
Nonthaburi,Chaiyaphum,249,322
Nonthaburi,Bua Yai,266,340
Nonthaburi,Surin,328,419
Nonthaburi,Loei,431,529
Nonthaburi,Nong Khai,493,614
Nonthaburi,Sakhon Nakhon,515,634
Nonthaburi,Udon Thani,447,562
Nonthaburi,Nakhon Phanom,587,723
Nonthaburi,Narathiwat,890,1151
Nonthaburi,Khon Kaen,344,436
Nonthaburi,Phuket,703,851
Nonthaburi,Nakhon Si Thammarat,625,812
Nonthaburi,Songkhla,753,979
Nonthaburi,Hat Yai,733,954
Nonthaburi,Nakhon Sawan,165,223
Nonthaburi,Ubon Ratchathani,483,601
Nonthaburi,Surat Thani,509,662
Nonthaburi,Chiang Mai,500,667
Nonthaburi,Nakhon Ratchasima,190,244
Nonthaburi,Bangkok,22,16
Phetchaburi,Hua Hin,76,75
Phetchaburi,Ratchaburi,81,90
Phetchaburi,Samut Prakan,143,171
Phetchaburi,Sisaket,562,703
Phetchaburi,Si Racha,220,264
Phetchaburi,Chon Buri,191,236
Phetchaburi,Chanthaburi,324,400
Phetchaburi,Aranyaprathet,333,407
Phetchaburi,Rayong,262,331
Phetchaburi,Buriram,433,555
Phetchaburi,Chaiyaphum,389,498
Phetchaburi,Bua Yai,406,516
Phetchaburi,Surin,468,595
Phetchaburi,Loei,571,705
Phetchaburi,Nong Khai,633,790
Phetchaburi,Sakhon Nakhon,655,811
Phetchaburi,Udon Thani,587,738
Phetchaburi,Nakhon Phanom,727,899
Phetchaburi,Narathiwat,802,1009
Phetchaburi,Khon Kaen,484,612
Phetchaburi,Phuket,614,708
Phetchaburi,Nakhon Si Thammarat,537,669
Phetchaburi,Songkhla,665,836
Phetchaburi,Hat Yai,644,812
Phetchaburi,Nakhon Sawan,305,399
Phetchaburi,Ubon Ratchathani,622,777
Phetchaburi,Surat Thani,421,519
Phetchaburi,Chiang Mai,640,843
Phetchaburi,Nakhon Ratchasima,330,421
Phetchaburi,Bangkok,142,167
Hua Hin,Ratchaburi,104,122
Hua Hin,Samut Prakan,165,203
Hua Hin,Sisaket,585,735
Hua Hin,Si Racha,242,296
Hua Hin,Chon Buri,214,268
Hua Hin,Chanthaburi,346,431
Hua Hin,Aranyaprathet,355,438
Hua Hin,Rayong,285,362
Hua Hin,Buriram,456,587
Hua Hin,Chaiyaphum,411,530
Hua Hin,Bua Yai,429,548
Hua Hin,Surin,490,627
Hua Hin,Loei,594,737
Hua Hin,Nong Khai,655,822
Hua Hin,Sakhon Nakhon,677,843
Hua Hin,Udon Thani,609,770
Hua Hin,Nakhon Phanom,749,931
Hua Hin,Narathiwat,741,943
Hua Hin,Khon Kaen,506,644
Hua Hin,Phuket,553,643
Hua Hin,Nakhon Si Thammarat,476,604
Hua Hin,Songkhla,604,771
Hua Hin,Hat Yai,583,746
Hua Hin,Nakhon Sawan,328,431
Hua Hin,Ubon Ratchathani,645,809
Hua Hin,Surat Thani,360,454
Hua Hin,Chiang Mai,663,875
Hua Hin,Nakhon Ratchasima,352,453
Hua Hin,Bangkok,164,199
Ratchaburi,Samut Prakan,108,126
Ratchaburi,Sisaket,516,626
Ratchaburi,Si Racha,185,219
Ratchaburi,Chon Buri,156,191
Ratchaburi,Chanthaburi,289,355
Ratchaburi,Aranyaprathet,298,362
Ratchaburi,Rayong,227,286
Ratchaburi,Buriram,387,477
Ratchaburi,Chaiyaphum,343,421
Ratchaburi,Bua Yai,360,439
Ratchaburi,Surin,422,518
Ratchaburi,Loei,525,627
Ratchaburi,Nong Khai,587,713
Ratchaburi,Sakhon Nakhon,609,733
Ratchaburi,Udon Thani,541,661
Ratchaburi,Nakhon Phanom,681,821
Ratchaburi,Narathiwat,829,1063
Ratchaburi,Khon Kaen,438,534
Ratchaburi,Phuket,641,762
Ratchaburi,Nakhon Si Thammarat,564,723
Ratchaburi,Songkhla,692,890
Ratchaburi,Hat Yai,671,866
Ratchaburi,Nakhon Sawan,261,296
Ratchaburi,Ubon Ratchathani,577,699
Ratchaburi,Surat Thani,448,573
Ratchaburi,Chiang Mai,596,740
Ratchaburi,Nakhon Ratchasima,284,343
Ratchaburi,Bangkok,93,99
Samut Prakan,Sisaket,452,563
Samut Prakan,Si Racha,97,102
Samut Prakan,Chon Buri,68,75
Samut Prakan,Chanthaburi,201,238
Samut Prakan,Aranyaprathet,210,245
Samut Prakan,Rayong,139,169
Samut Prakan,Buriram,322,415
Samut Prakan,Chaiyaphum,278,359
Samut Prakan,Bua Yai,295,377
Samut Prakan,Surin,357,455
Samut Prakan,Loei,461,565
Samut Prakan,Nong Khai,522,651
Samut Prakan,Sakhon Nakhon,544,671
Samut Prakan,Udon Thani,476,598
Samut Prakan,Nakhon Phanom,616,759
Samut Prakan,Narathiwat,884,1138
Samut Prakan,Khon Kaen,373,472
Samut Prakan,Phuket,696,838
Samut Prakan,Nakhon Si Thammarat,619,799
Samut Prakan,Songkhla,747,966
Samut Prakan,Hat Yai,726,941
Samut Prakan,Nakhon Sawan,201,258
Samut Prakan,Ubon Ratchathani,512,637
Samut Prakan,Surat Thani,503,649
Samut Prakan,Chiang Mai,536,701
Samut Prakan,Nakhon Ratchasima,219,281
Samut Prakan,Bangkok,39,28
Sisaket,Si Racha,474,535
Sisaket,Chon Buri,454,505
Sisaket,Chanthaburi,431,469
Sisaket,Aranyaprathet,298,320
Sisaket,Rayong,499,562
Sisaket,Buriram,144,162
Sisaket,Chaiyaphum,261,284
Sisaket,Bua Yai,216,233
Sisaket,Surin,97,104
Sisaket,Loei,406,462
Sisaket,Nong Khai,375,434
Sisaket,Sakhon Nakhon,266,281
Sisaket,Udon Thani,329,382
Sisaket,Nakhon Phanom,279,319
Sisaket,Narathiwat,1302,1670
Sisaket,Khon Kaen,238,259
Sisaket,Phuket,1115,1370
Sisaket,Nakhon Si Thammarat,1037,1330
Sisaket,Songkhla,1165,1498
Sisaket,Hat Yai,1145,1473
Sisaket,Nakhon Sawan,482,578
Sisaket,Ubon Ratchathani,64,67
Sisaket,Surat Thani,922,1181
Sisaket,Chiang Mai,758,899
Sisaket,Nakhon Ratchasima,254,284
Sisaket,Bangkok,434,539
Si Racha,Chon Buri,37,24
Si Racha,Chanthaburi,155,176
Si Racha,Aranyaprathet,205,242
Si Racha,Rayong,72,76
Si Racha,Buriram,347,404
Si Racha,Chaiyaphum,326,427
Si Racha,Bua Yai,343,445
Si Racha,Surin,378,429
Si Racha,Loei,508,633
Si Racha,Nong Khai,569,719
Si Racha,Sakhon Nakhon,591,739
Si Racha,Udon Thani,523,667
Si Racha,Nakhon Phanom,663,828
Si Racha,Narathiwat,959,1237
Si Racha,Khon Kaen,420,540
Si Racha,Phuket,771,936
Si Racha,Nakhon Si Thammarat,693,897
Si Racha,Songkhla,821,1064
Si Racha,Hat Yai,801,1040
Si Racha,Nakhon Sawan,250,340
Si Racha,Ubon Ratchathani,532,610
Si Racha,Surat Thani,578,747
Si Racha,Chiang Mai,585,784
Si Racha,Nakhon Ratchasima,266,349
Si Racha,Bangkok,98,119
Chon Buri,Chanthaburi,148,166
Chon Buri,Aranyaprathet,189,212
Chon Buri,Rayong,85,96
Chon Buri,Buriram,331,374
Chon Buri,Chaiyaphum,308,399
Chon Buri,Bua Yai,325,417
Chon Buri,Surin,362,399
Chon Buri,Loei,490,605
Chon Buri,Nong Khai,551,691
Chon Buri,Sakhon Nakhon,573,711
Chon Buri,Udon Thani,505,639
Chon Buri,Nakhon Phanom,645,799
Chon Buri,Narathiwat,935,1209
Chon Buri,Khon Kaen,402,512
Chon Buri,Phuket,747,908
Chon Buri,Nakhon Si Thammarat,669,869
Chon Buri,Songkhla,797,1036
Chon Buri,Hat Yai,777,1012
Chon Buri,Nakhon Sawan,232,312
Chon Buri,Ubon Ratchathani,515,580
Chon Buri,Surat Thani,554,719
Chon Buri,Chiang Mai,567,756
Chon Buri,Nakhon Ratchasima,248,321
Chon Buri,Bangkok,78,89
Chanthaburi,Aranyaprathet,139,153
Chanthaburi,Rayong,104,109
Chanthaburi,Buriram,304,337
Chanthaburi,Chaiyaphum,411,469
Chanthaburi,Bua Yai,395,431
Chanthaburi,Surin,335,362
Chanthaburi,Loei,607,699
Chanthaburi,Nong Khai,612,693
Chanthaburi,Sakhon Nakhon,596,665
Chanthaburi,Udon Thani,567,641
Chanthaburi,Nakhon Phanom,640,733
Chanthaburi,Narathiwat,1071,1371
Chanthaburi,Khon Kaen,464,515
Chanthaburi,Phuket,884,1071
Chanthaburi,Nakhon Si Thammarat,806,1032
Chanthaburi,Songkhla,934,1199
Chanthaburi,Hat Yai,914,1174
Chanthaburi,Nakhon Sawan,359,472
Chanthaburi,Ubon Ratchathani,489,544
Chanthaburi,Surat Thani,690,882
Chanthaburi,Chiang Mai,694,916
Chanthaburi,Nakhon Ratchasima,320,335
Chanthaburi,Bangkok,207,251
Aranyaprathet,Rayong,233,259
Aranyaprathet,Buriram,177,189
Aranyaprathet,Chaiyaphum,316,378
Aranyaprathet,Bua Yai,271,293
Aranyaprathet,Surin,208,213
Aranyaprathet,Loei,493,536
Aranyaprathet,Nong Khai,485,545
Aranyaprathet,Sakhon Nakhon,469,516
Aranyaprathet,Udon Thani,439,493
Aranyaprathet,Nakhon Phanom,512,584
Aranyaprathet,Narathiwat,1078,1379
Aranyaprathet,Khon Kaen,336,366
Aranyaprathet,Phuket,891,1079
Aranyaprathet,Nakhon Si Thammarat,813,1040
Aranyaprathet,Songkhla,941,1207
Aranyaprathet,Hat Yai,921,1182
Aranyaprathet,Nakhon Sawan,366,411
Aranyaprathet,Ubon Ratchathani,362,395
Aranyaprathet,Surat Thani,697,890
Aranyaprathet,Chiang Mai,701,854
Aranyaprathet,Nakhon Ratchasima,223,235
Aranyaprathet,Bangkok,214,251
Rayong,Buriram,371,428
Rayong,Chaiyaphum,377,489
Rayong,Bua Yai,380,421
Rayong,Surin,402,452
Rayong,Loei,559,696
Rayong,Nong Khai,606,695
Rayong,Sakhon Nakhon,628,715
Rayong,Udon Thani,560,643
Rayong,Nakhon Phanom,701,803
Rayong,Narathiwat,1010,1301
Rayong,Khon Kaen,457,516
Rayong,Phuket,823,1001
Rayong,Nakhon Si Thammarat,745,962
Rayong,Songkhla,873,1129
Rayong,Hat Yai,853,1104
Rayong,Nakhon Sawan,301,403
Rayong,Ubon Ratchathani,556,634
Rayong,Surat Thani,629,812
Rayong,Chiang Mai,636,846
Rayong,Nakhon Ratchasima,305,325
Rayong,Bangkok,149,181
Buriram,Chaiyaphum,176,185
Buriram,Bua Yai,131,134
Buriram,Surin,51,52
Buriram,Loei,339,375
Buriram,Nong Khai,323,375
Buriram,Sakhon Nakhon,295,324
Buriram,Udon Thani,277,323
Buriram,Nakhon Phanom,338,392
Buriram,Narathiwat,1179,1522
Buriram,Khon Kaen,174,196
Buriram,Phuket,991,1222
Buriram,Nakhon Si Thammarat,914,1183
Buriram,Songkhla,1042,1350
Buriram,Hat Yai,1021,1325
Buriram,Nakhon Sawan,359,430
Buriram,Ubon Ratchathani,214,223
Buriram,Surat Thani,798,1033
Buriram,Chiang Mai,677,842
Buriram,Nakhon Ratchasima,121,127
Buriram,Bangkok,311,391
Chaiyaphum,Bua Yai,68,59
Chaiyaphum,Surin,215,233
Chaiyaphum,Loei,202,230
Chaiyaphum,Nong Khai,251,293
Chaiyaphum,Sakhon Nakhon,295,333
Chaiyaphum,Udon Thani,205,241
Chaiyaphum,Nakhon Phanom,368,421
Chaiyaphum,Narathiwat,1142,1468
Chaiyaphum,Khon Kaen,110,123
Chaiyaphum,Phuket,954,1168
Chaiyaphum,Nakhon Si Thammarat,877,1128
Chaiyaphum,Songkhla,1005,1296
Chaiyaphum,Hat Yai,984,1271
Chaiyaphum,Nakhon Sawan,242,261
Chaiyaphum,Ubon Ratchathani,321,367
Chaiyaphum,Surat Thani,761,979
Chaiyaphum,Chiang Mai,534,639
Chaiyaphum,Nakhon Ratchasima,112,108
Chaiyaphum,Bangkok,273,337
Bua Yai,Surin,168,181
Bua Yai,Loei,244,263
Bua Yai,Nong Khai,264,301
Bua Yai,Sakhon Nakhon,286,321
Bua Yai,Udon Thani,218,249
Bua Yai,Nakhon Phanom,358,410
Bua Yai,Narathiwat,1156,1485
Bua Yai,Khon Kaen,115,123
Bua Yai,Phuket,968,1185
Bua Yai,Nakhon Si Thammarat,891,1145
Bua Yai,Songkhla,1019,1312
Bua Yai,Hat Yai,998,1288
Bua Yai,Nakhon Sawan,304,322
Bua Yai,Ubon Ratchathani,274,316
Bua Yai,Surat Thani,775,995
Bua Yai,Chiang Mai,596,699
Bua Yai,Nakhon Ratchasima,92,95
Bua Yai,Bangkok,288,354
Surin,Loei,377,418
Surin,Nong Khai,361,418
Surin,Sakhon Nakhon,288,311
Surin,Udon Thani,315,366
Surin,Nakhon Phanom,310,355
Surin,Narathiwat,1213,1563
Surin,Khon Kaen,212,240
Surin,Phuket,1026,1263
Surin,Nakhon Si Thammarat,948,1223
Surin,Songkhla,1076,1390
Surin,Hat Yai,1056,1366
Surin,Nakhon Sawan,393,470
Surin,Ubon Ratchathani,163,171
Surin,Surat Thani,832,1073
Surin,Chiang Mai,712,882
Surin,Nakhon Ratchasima,160,174
Surin,Bangkok,345,432
Loei,Nong Khai,173,180
Loei,Sakhon Nakhon,284,313
Loei,Udon Thani,143,148
Loei,Nakhon Phanom,342,389
Loei,Narathiwat,1326,1671
Loei,Khon Kaen,178,205
Loei,Phuket,1139,1371
Loei,Nakhon Si Thammarat,1061,1331
Loei,Songkhla,1189,1499
Loei,Hat Yai,1169,1474
Loei,Nakhon Sawan,307,361
Loei,Ubon Ratchathani,418,500
Loei,Surat Thani,946,1182
Loei,Chiang Mai,429,475
Loei,Nakhon Ratchasima,306,335
Loei,Bangkok,458,540
Nong Khai,Sakhon Nakhon,195,218
Nong Khai,Udon Thani,52,53
Nong Khai,Nakhon Phanom,244,280
Nong Khai,Narathiwat,1384,1753
Nong Khai,Khon Kaen,152,172
Nong Khai,Phuket,1196,1452
Nong Khai,Nakhon Si Thammarat,1119,1413
Nong Khai,Songkhla,1247,1580
Nong Khai,Hat Yai,1226,1556
Nong Khai,Nakhon Sawan,466,531
Nong Khai,Ubon Ratchathani,384,453
Nong Khai,Surat Thani,1003,1263
Nong Khai,Chiang Mai,588,645
Nong Khai,Nakhon Ratchasima,320,362
Nong Khai,Bangkok,516,622
Sakhon Nakhon,Udon Thani,155,163
Sakhon Nakhon,Nakhon Phanom,85,92
Sakhon Nakhon,Narathiwat,1402,1779
Sakhon Nakhon,Khon Kaen,196,207
Sakhon Nakhon,Phuket,1215,1479
Sakhon Nakhon,Nakhon Si Thammarat,1137,1440
Sakhon Nakhon,Songkhla,1265,1607
Sakhon Nakhon,Hat Yai,1245,1582
Sakhon Nakhon,Nakhon Sawan,530,595
Sakhon Nakhon,Ubon Ratchathani,245,282
Sakhon Nakhon,Surat Thani,1021,1290
Sakhon Nakhon,Chiang Mai,694,768
Sakhon Nakhon,Nakhon Ratchasima,338,389
Sakhon Nakhon,Bangkok,534,648
Udon Thani,Nakhon Phanom,215,242
Udon Thani,Narathiwat,1338,1700
Udon Thani,Khon Kaen,105,120
Udon Thani,Phuket,1150,1400
Udon Thani,Nakhon Si Thammarat,1073,1361
Udon Thani,Songkhla,1201,1528
Udon Thani,Hat Yai,1180,1503
Udon Thani,Nakhon Sawan,434,492
Udon Thani,Ubon Ratchathani,338,401
Udon Thani,Surat Thani,957,1211
Udon Thani,Chiang Mai,556,606
Udon Thani,Nakhon Ratchasima,274,310
Udon Thani,Bangkok,469,569
Nakhon Phanom,Narathiwat,1473,1867
Nakhon Phanom,Khon Kaen,266,295
Nakhon Phanom,Phuket,1285,1566
Nakhon Phanom,Nakhon Si Thammarat,1208,1527
Nakhon Phanom,Songkhla,1336,1694
Nakhon Phanom,Hat Yai,1315,1670
Nakhon Phanom,Nakhon Sawan,601,682
Nakhon Phanom,Ubon Ratchathani,235,273
Nakhon Phanom,Surat Thani,1092,1377
Nakhon Phanom,Chiang Mai,750,846
Nakhon Phanom,Nakhon Ratchasima,409,476
Nakhon Phanom,Bangkok,604,736
Narathiwat,Khon Kaen,1229,1585
Narathiwat,Phuket,568,628
Narathiwat,Nakhon Si Thammarat,330,369
Narathiwat,Songkhla,176,198
Narathiwat,Hat Yai,183,202
Narathiwat,Nakhon Sawan,1050,1373
Narathiwat,Ubon Ratchathani,1368,1750
Narathiwat,Surat Thani,414,513
Narathiwat,Chiang Mai,1385,1816
Narathiwat,Nakhon Ratchasima,1075,1394
Narathiwat,Bangkok,887,1140
Khon Kaen,Phuket,1044,1280
Khon Kaen,Nakhon Si Thammarat,967,1241
Khon Kaen,Songkhla,1095,1408
Khon Kaen,Hat Yai,1075,1383
Khon Kaen,Nakhon Sawan,350,386
Khon Kaen,Ubon Ratchathani,251,286
Khon Kaen,Surat Thani,851,1091
Khon Kaen,Chiang Mai,531,643
Khon Kaen,Nakhon Ratchasima,168,190
Khon Kaen,Bangkok,364,449
Phuket,Nakhon Si Thammarat,301,310
Phuket,Songkhla,426,455
Phuket,Hat Yai,405,431
Phuket,Nakhon Sawan,854,1073
Phuket,Ubon Ratchathani,1171,1450
Phuket,Surat Thani,223,232
Phuket,Chiang Mai,1189,1516
Phuket,Nakhon Ratchasima,878,1094
Phuket,Bangkok,690,840
Nakhon Si Thammarat,Songkhla,169,181
Nakhon Si Thammarat,Hat Yai,178,201
Nakhon Si Thammarat,Nakhon Sawan,787,1033
Nakhon Si Thammarat,Ubon Ratchathani,1104,1411
Nakhon Si Thammarat,Surat Thani,131,143
Nakhon Si Thammarat,Chiang Mai,1122,1477
Nakhon Si Thammarat,Nakhon Ratchasima,811,1054
Nakhon Si Thammarat,Bangkok,623,801
Songkhla,Hat Yai,45,30
Songkhla,Nakhon Sawan,916,1200
Songkhla,Ubon Ratchathani,1233,1578
Songkhla,Surat Thani,280,341
Songkhla,Chiang Mai,1251,1644
Songkhla,Nakhon Ratchasima,940,1222
Songkhla,Bangkok,752,968
Hat Yai,Nakhon Sawan,895,1175
Hat Yai,Ubon Ratchathani,1212,1553
Hat Yai,Surat Thani,258,316
Hat Yai,Chiang Mai,1230,1619
Hat Yai,Nakhon Ratchasima,919,1197
Hat Yai,Bangkok,731,943
Nakhon Sawan,Ubon Ratchathani,554,657
Nakhon Sawan,Surat Thani,673,888
Nakhon Sawan,Chiang Mai,341,447
Nakhon Sawan,Nakhon Ratchasima,263,299
Nakhon Sawan,Bangkok,185,243
Ubon Ratchathani,Surat Thani,984,1247
Ubon Ratchathani,Chiang Mai,772,933
Ubon Ratchathani,Nakhon Ratchasima,316,351
Ubon Ratchathani,Bangkok,497,606
Surat Thani,Chiang Mai,1009,1317
Surat Thani,Nakhon Ratchasima,698,894
Surat Thani,Bangkok,510,641
Chiang Mai,Nakhon Ratchasima,592,693
Chiang Mai,Bangkok,522,688
Nakhon Ratchasima,Bangkok,206,258
