Tay Ninh,Luan Chau,1478,1417
Tay Ninh,Bac Kan,1658,1605
Tay Ninh,Lang Son,1643,1574
Tay Ninh,Son La,1874,1695
Tay Ninh,Tuyen Quang,1729,1642
Tay Ninh,Yen Bai,1758,1611
Tay Ninh,Hai Duong,1513,1442
Tay Ninh,Thai Binh,1481,1396
Tay Ninh,Tuy Hoa,730,545
Tay Ninh,Thu Dau Mot,117,86
Tay Ninh,Dong Ha,904,890
Tay Ninh,Cao Lanh,247,185
Tay Ninh,Truc Giang,209,153
Tay Ninh,Tra Vinh,298,216
Tay Ninh,Vinh Long,289,222
Tay Ninh,Cao Bang,1813,1701
Tay Ninh,Hong Gai,1625,1537
Tay Ninh,Cam Pha,1693,1571
Tay Ninh,Lao Chi,1699,1692
Tay Ninh,Hoa Binh,1473,1417
Tay Ninh,Son Tay,1521,1470
Tay Ninh,Ninh Binh,1391,1331
Tay Ninh,Viet Tri,1552,1505
Tay Ninh,Bac Giang,1641,1536
Tay Ninh,Ha Tinh,1125,1112
Tay Ninh,Buon Me Thuot,432,351
Tay Ninh,Da Lat,513,387
Tay Ninh,Phan Rang,516,426
Tay Ninh,Hon Quan,145,103
Tay Ninh,Kon Tum,771,624
Tay Ninh,Quang Ngai,1020,760
Tay Ninh,Quang Tri,881,874
Tay Ninh,Vung Tau,259,183
Tay Ninh,Phan Thiet,389,300
Tay Ninh,Long Xuyen,372,221
Tay Ninh,Chau Doc,385,225
Tay Ninh,Rach Gia,441,338
Tay Ninh,Tan An,164,118
Tay Ninh,My Tho,181,137
Tay Ninh,Bac Lieu,439,354
Tay Ninh,Ca Mau,474,376
Tay Ninh,Soc Trang,362,288
Tay Ninh,Ha Giang,1842,1730
Tay Ninh,Thai Nguyen,1530,1500
Tay Ninh,Thanh Hoa,1315,1270
Tay Ninh,Nam Dinh,1436,1363
Tay Ninh,Vinh,1163,1134
Tay Ninh,Dong Hoi,994,975
Tay Ninh,Play Ku,660,534
Tay Ninh,Nha Trang,626,521
Tay Ninh,Cam Ranh,572,477
Tay Ninh,Qui Nhon,830,616
Tay Ninh,Hue,1196,962
Tay Ninh,Bien Hoa,163,111
Tay Ninh,Can Tho,305,237
Tay Ninh,Haiphong,1549,1488
Tay Ninh,Da Nang,1091,873
Tay Ninh,Hanoi,1485,1430
Tay Ninh,Ho Chi Minh City,135,90
Luan Chau,Bac Kan,226,210
Luan Chau,Lang Son,211,180
Luan Chau,Son La,607,430
Luan Chau,Tuyen Quang,303,271
Luan Chau,Yen Bai,335,297
Luan Chau,Hai Duong,62,53
Luan Chau,Thai Binh,107,76
Luan Chau,Tuy Hoa,1296,1164
Luan Chau,Thu Dau Mot,1512,1447
Luan Chau,Dong Ha,652,591
Luan Chau,Cao Lanh,1720,1569
Luan Chau,Truc Giang,1760,1609
Luan Chau,Tra Vinh,1849,1672
Luan Chau,Vinh Long,1792,1637
Luan Chau,Cao Bang,381,307
Luan Chau,Hong Gai,169,146
Luan Chau,Cam Pha,237,181
Luan Chau,Lao Chi,273,320
Luan Chau,Hoa Binh,181,133
Luan Chau,Son Tay,112,89
Luan Chau,Ninh Binh,86,83
Luan Chau,Viet Tri,125,134
Luan Chau,Bac Giang,209,142
Luan Chau,Ha Tinh,396,352
Luan Chau,Buon Me Thuot,1483,1267
Luan Chau,Da Lat,1599,1408
Luan Chau,Phan Rang,1530,1375
Luan Chau,Hon Quan,1430,1379
Luan Chau,Kon Tum,1142,997
Luan Chau,Quang Ngai,1013,915
Luan Chau,Quang Tri,653,592
Luan Chau,Vung Tau,1865,1672
Luan Chau,Phan Thiet,1663,1504
Luan Chau,Long Xuyen,1808,1677
Luan Chau,Chau Doc,1723,1621
Luan Chau,Rach Gia,1885,1732
Luan Chau,Tan An,1949,1753
Luan Chau,My Tho,1732,1592
Luan Chau,Bac Lieu,1942,1769
Luan Chau,Ca Mau,1977,1791
Luan Chau,Soc Trang,1864,1703
Luan Chau,Ha Giang,416,359
Luan Chau,Thai Nguyen,98,106
Luan Chau,Thanh Hoa,163,149
Luan Chau,Nam Dinh,86,73
Luan Chau,Vinh,326,286
Luan Chau,Dong Hoi,546,492
Luan Chau,Play Ku,1254,1087
Luan Chau,Nha Trang,1431,1281
Luan Chau,Cam Ranh,1473,1323
Luan Chau,Qui Nhon,1192,1069
Luan Chau,Hue,731,658
Luan Chau,Bien Hoa,1896,1597
Luan Chau,Can Tho,1808,1652
Luan Chau,Haiphong,93,98
Luan Chau,Da Nang,844,757
Luan Chau,Hanoi,72,42
Luan Chau,Ho Chi Minh City,1565,1472
Bac Kan,Lang Son,308,181
Bac Kan,Son La,716,522
Bac Kan,Tuyen Quang,179,113
Bac Kan,Yen Bai,432,371
Bac Kan,Hai Duong,237,238
Bac Kan,Thai Binh,286,274
Bac Kan,Tuy Hoa,1479,1353
Bac Kan,Thu Dau Mot,1695,1636
Bac Kan,Dong Ha,835,779
Bac Kan,Cao Lanh,1903,1757
Bac Kan,Truc Giang,1943,1797
Bac Kan,Tra Vinh,2032,1860
Bac Kan,Vinh Long,1975,1826
Bac Kan,Cao Bang,169,103
Bac Kan,Hong Gai,343,286
Bac Kan,Cam Pha,410,320
Bac Kan,Lao Chi,370,394
Bac Kan,Hoa Binh,323,281
Bac Kan,Son Tay,242,208
Bac Kan,Ninh Binh,269,272
Bac Kan,Viet Tri,223,208
Bac Kan,Bac Giang,324,251
Bac Kan,Ha Tinh,579,540
Bac Kan,Buon Me Thuot,1666,1456
Bac Kan,Da Lat,1782,1597
Bac Kan,Phan Rang,1713,1564
Bac Kan,Hon Quan,1613,1568
Bac Kan,Kon Tum,1325,1186
Bac Kan,Quang Ngai,1196,1103
Bac Kan,Quang Tri,836,781
Bac Kan,Vung Tau,2048,1861
Bac Kan,Phan Thiet,1846,1693
Bac Kan,Long Xuyen,1990,1865
Bac Kan,Chau Doc,1906,1810
Bac Kan,Rach Gia,2068,1921
Bac Kan,Tan An,2132,1942
Bac Kan,My Tho,1915,1781
Bac Kan,Bac Lieu,2125,1958
Bac Kan,Ca Mau,2160,1979
Bac Kan,Soc Trang,2047,1892
Bac Kan,Ha Giang,409,268
Bac Kan,Thai Nguyen,128,105
Bac Kan,Thanh Hoa,346,338
Bac Kan,Nam Dinh,269,262
Bac Kan,Vinh,509,475
Bac Kan,Dong Hoi,729,681
Bac Kan,Play Ku,1437,1276
Bac Kan,Nha Trang,1614,1470
Bac Kan,Cam Ranh,1656,1512
Bac Kan,Qui Nhon,1375,1258
Bac Kan,Hue,914,847
Bac Kan,Bien Hoa,2079,1786
Bac Kan,Can Tho,1991,1840
Bac Kan,Haiphong,269,283
Bac Kan,Da Nang,1027,946
Bac Kan,Hanoi,210,186
Bac Kan,Ho Chi Minh City,1748,1661
Lang Son,Son La,716,524
Lang Son,Tuyen Quang,400,348
Lang Son,Yen Bai,433,374
Lang Son,Hai Duong,214,155
Lang Son,Thai Binh,273,244
Lang Son,Tuy Hoa,1465,1323
Lang Son,Thu Dau Mot,1681,1606
Lang Son,Dong Ha,821,750
Lang Son,Cao Lanh,1889,1727
Lang Son,Truc Giang,1929,1768
Lang Son,Tra Vinh,2018,1831
Lang Son,Vinh Long,1961,1796
Lang Son,Cao Bang,200,127
Lang Son,Hong Gai,233,172
Lang Son,Cam Pha,170,130
Lang Son,Lao Chi,370,397
Lang Son,Hoa Binh,309,251
Lang Son,Son Tay,241,207
Lang Son,Ninh Binh,256,242
Lang Son,Viet Tri,223,211
Lang Son,Bac Giang,142,95
Lang Son,Ha Tinh,565,511
Lang Son,Buon Me Thuot,1652,1426
Lang Son,Da Lat,1768,1567
Lang Son,Phan Rang,1699,1534
Lang Son,Hon Quan,1599,1538
Lang Son,Kon Tum,1311,1156
Lang Son,Quang Ngai,1182,1073
Lang Son,Quang Tri,822,751
Lang Son,Vung Tau,2034,1831
Lang Son,Phan Thiet,1832,1663
Lang Son,Long Xuyen,1977,1835
Lang Son,Chau Doc,1892,1780
Lang Son,Rach Gia,2054,1891
Lang Son,Tan An,2118,1912
Lang Son,My Tho,1901,1751
Lang Son,Bac Lieu,2111,1928
Lang Son,Ca Mau,2146,1949
Lang Son,Soc Trang,2034,1862
Lang Son,Ha Giang,513,436
Lang Son,Thai Nguyen,199,185
Lang Son,Thanh Hoa,332,308
Lang Son,Nam Dinh,255,232
Lang Son,Vinh,495,445
Lang Son,Dong Hoi,716,651
Lang Son,Play Ku,1423,1246
Lang Son,Nha Trang,1600,1440
Lang Son,Cam Ranh,1643,1482
Lang Son,Qui Nhon,1362,1228
Lang Son,Hue,900,817
Lang Son,Bien Hoa,2065,1756
Lang Son,Can Tho,1977,1811
Lang Son,Haiphong,255,253
Lang Son,Da Nang,1013,916
Lang Son,Hanoi,200,159
Lang Son,Ho Chi Minh City,1734,1631
Son La,Tuyen Quang,638,428
Son La,Yen Bai,454,257
Son La,Hai Duong,613,461
Son La,Thai Binh,635,446
Son La,Tuy Hoa,1708,1432
Son La,Thu Dau Mot,1907,1663
Son La,Dong Ha,1064,859
Son La,Cao Lanh,2115,1784
Son La,Truc Giang,2155,1825
Son La,Tra Vinh,2244,1887
Son La,Vinh Long,2187,1853
Son La,Cao Bang,868,630
Son La,Hong Gai,720,554
Son La,Cam Pha,788,588
Son La,Lao Chi,556,334
Son La,Hoa Binh,421,295
Son La,Son Tay,506,325
Son La,Ninh Binh,551,382
Son La,Viet Tri,489,312
Son La,Bac Giang,711,483
Son La,Ha Tinh,808,620
Son La,Buon Me Thuot,1895,1536
Son La,Da Lat,2011,1677
Son La,Phan Rang,1942,1644
Son La,Hon Quan,1825,1595
Son La,Kon Tum,1554,1265
Son La,Quang Ngai,1425,1183
Son La,Quang Tri,1065,861
Son La,Vung Tau,2277,1941
Son La,Phan Thiet,2075,1773
Son La,Long Xuyen,2070,1744
Son La,Chau Doc,1986,1689
Son La,Rach Gia,2148,1800
Son La,Tan An,2012,1734
Son La,My Tho,2127,1808
Son La,Bac Lieu,2337,1985
Son La,Ca Mau,2372,2006
Son La,Soc Trang,2259,1919
Son La,Ha Giang,751,516
Son La,Thai Nguyen,585,429
Son La,Thanh Hoa,599,420
Son La,Nam Dinh,590,413
Son La,Vinh,738,555
Son La,Dong Hoi,959,761
Son La,Play Ku,1666,1356
Son La,Nha Trang,1843,1550
Son La,Cam Ranh,1885,1592
Son La,Qui Nhon,1605,1338
Son La,Hue,1143,927
Son La,Bien Hoa,1949,1682
Son La,Can Tho,2203,1867
Son La,Haiphong,644,505
Son La,Da Nang,1256,1026
Son La,Hanoi,557,388
Son La,Ho Chi Minh City,1960,1688
Tuyen Quang,Yen Bai,342,219
Tuyen Quang,Hai Duong,317,298
Tuyen Quang,Thai Binh,366,334
Tuyen Quang,Tuy Hoa,1553,1390
Tuyen Quang,Thu Dau Mot,1769,1674
Tuyen Quang,Dong Ha,909,817
Tuyen Quang,Cao Lanh,1977,1795
Tuyen Quang,Truc Giang,2017,1835
Tuyen Quang,Tra Vinh,2106,1898
Tuyen Quang,Vinh Long,2049,1863
Tuyen Quang,Cao Bang,333,210
Tuyen Quang,Hong Gai,420,343
Tuyen Quang,Cam Pha,487,378
Tuyen Quang,Lao Chi,296,205
Tuyen Quang,Hoa Binh,311,224
Tuyen Quang,Son Tay,237,172
Tuyen Quang,Ninh Binh,343,310
Tuyen Quang,Viet Tri,191,135
Tuyen Quang,Bac Giang,401,309
Tuyen Quang,Ha Tinh,653,578
Tuyen Quang,Buon Me Thuot,1740,1494
Tuyen Quang,Da Lat,1856,1634
Tuyen Quang,Phan Rang,1787,1602
Tuyen Quang,Hon Quan,1687,1606
Tuyen Quang,Kon Tum,1399,1223
Tuyen Quang,Quang Ngai,1270,1141
Tuyen Quang,Quang Tri,910,819
Tuyen Quang,Vung Tau,2122,1898
Tuyen Quang,Phan Thiet,1920,1731
Tuyen Quang,Long Xuyen,2065,1903
Tuyen Quang,Chau Doc,1980,1848
Tuyen Quang,Rach Gia,2142,1959
Tuyen Quang,Tan An,2206,1980
Tuyen Quang,My Tho,1989,1818
Tuyen Quang,Bac Lieu,2199,1995
Tuyen Quang,Ca Mau,2234,2017
Tuyen Quang,Soc Trang,2121,1929
Tuyen Quang,Ha Giang,230,155
Tuyen Quang,Thai Nguyen,216,132
Tuyen Quang,Thanh Hoa,420,375
Tuyen Quang,Nam Dinh,343,300
Tuyen Quang,Vinh,583,512
Tuyen Quang,Dong Hoi,804,719
Tuyen Quang,Play Ku,1511,1313
Tuyen Quang,Nha Trang,1688,1507
Tuyen Quang,Cam Ranh,1730,1549
Tuyen Quang,Qui Nhon,1450,1296
Tuyen Quang,Hue,988,885
Tuyen Quang,Bien Hoa,2153,1823
Tuyen Quang,Can Tho,2065,1878
Tuyen Quang,Haiphong,349,343
Tuyen Quang,Da Nang,1101,983
Tuyen Quang,Hanoi,269,218
Tuyen Quang,Ho Chi Minh City,1822,1698
Yen Bai,Hai Duong,346,325
Yen Bai,Thai Binh,395,361
Yen Bai,Tuy Hoa,1582,1417
Yen Bai,Thu Dau Mot,1799,1642
Yen Bai,Dong Ha,938,844
Yen Bai,Cao Lanh,2007,1763
Yen Bai,Truc Giang,2047,1803
Yen Bai,Tra Vinh,2136,1866
Yen Bai,Vinh Long,2079,1831
Yen Bai,Cao Bang,588,482
Yen Bai,Hong Gai,448,370
Yen Bai,Cam Pha,516,404
Yen Bai,Lao Chi,242,157
Yen Bai,Hoa Binh,283,193
Yen Bai,Son Tay,246,167
Yen Bai,Ninh Binh,372,336
Yen Bai,Viet Tri,219,167
Yen Bai,Bac Giang,430,335
Yen Bai,Ha Tinh,682,605
Yen Bai,Buon Me Thuot,1769,1520
Yen Bai,Da Lat,1885,1661
Yen Bai,Phan Rang,1816,1628
Yen Bai,Hon Quan,1717,1574
Yen Bai,Kon Tum,1428,1250
Yen Bai,Quang Ngai,1299,1168
Yen Bai,Quang Tri,939,845
Yen Bai,Vung Tau,2151,1925
Yen Bai,Phan Thiet,1949,1757
Yen Bai,Long Xuyen,2095,1871
Yen Bai,Chau Doc,2010,1816
Yen Bai,Rach Gia,2172,1927
Yen Bai,Tan An,1904,1712
Yen Bai,My Tho,2019,1786
Yen Bai,Bac Lieu,2229,1963
Yen Bai,Ca Mau,2264,1985
Yen Bai,Soc Trang,2151,1897
Yen Bai,Ha Giang,453,307
Yen Bai,Thai Nguyen,305,281
Yen Bai,Thanh Hoa,449,402
Yen Bai,Nam Dinh,372,326
Yen Bai,Vinh,612,539
Yen Bai,Dong Hoi,832,745
Yen Bai,Play Ku,1540,1340
Yen Bai,Nha Trang,1717,1534
Yen Bai,Cam Ranh,1759,1576
Yen Bai,Qui Nhon,1478,1322
Yen Bai,Hue,1017,911
Yen Bai,Bien Hoa,1841,1661
Yen Bai,Can Tho,2095,1846
Yen Bai,Haiphong,378,370
Yen Bai,Da Nang,1130,1010
Yen Bai,Hanoi,298,244
Yen Bai,Ho Chi Minh City,1852,1666
Hai Duong,Thai Binh,85,58
Hai Duong,Tuy Hoa,1335,1188
Hai Duong,Thu Dau Mot,1551,1472
Hai Duong,Dong Ha,691,615
Hai Duong,Cao Lanh,1759,1593
Hai Duong,Truc Giang,1799,1633
Hai Duong,Tra Vinh,1887,1696
Hai Duong,Vinh Long,1830,1662
Hai Duong,Cao Bang,394,334
Hai Duong,Hong Gai,132,94
Hai Duong,Cam Pha,199,128
Hai Duong,Lao Chi,286,348
Hai Duong,Hoa Binh,193,167
Hai Duong,Son Tay,125,123
Hai Duong,Ninh Binh,125,108
Hai Duong,Viet Tri,139,161
Hai Duong,Bac Giang,179,93
Hai Duong,Ha Tinh,435,376
Hai Duong,Buon Me Thuot,1522,1292
Hai Duong,Da Lat,1638,1432
Hai Duong,Phan Rang,1569,1400
Hai Duong,Hon Quan,1468,1404
Hai Duong,Kon Tum,1181,1021
Hai Duong,Quang Ngai,1052,939
Hai Duong,Quang Tri,692,617
Hai Duong,Vung Tau,1904,1696
Hai Duong,Phan Thiet,1702,1529
Hai Duong,Long Xuyen,1846,1701
Hai Duong,Chau Doc,1762,1646
Hai Duong,Rach Gia,1923,1757
Hai Duong,Tan An,1988,1778
Hai Duong,My Tho,1771,1616
Hai Duong,Bac Lieu,1981,1793
Hai Duong,Ca Mau,2016,1815
Hai Duong,Soc Trang,1903,1727
Hai Duong,Ha Giang,429,386
Hai Duong,Thai Nguyen,111,133
Hai Duong,Thanh Hoa,202,173
Hai Duong,Nam Dinh,116,83
Hai Duong,Vinh,365,310
Hai Duong,Dong Hoi,585,517
Hai Duong,Play Ku,1293,1111
Hai Duong,Nha Trang,1470,1306
Hai Duong,Cam Ranh,1512,1347
Hai Duong,Qui Nhon,1231,1094
Hai Duong,Hue,770,683
Hai Duong,Bien Hoa,1935,1621
Hai Duong,Can Tho,1847,1676
Hai Duong,Haiphong,74,47
Hai Duong,Da Nang,883,782
Hai Duong,Hanoi,84,75
Hai Duong,Ho Chi Minh City,1604,1496
Thai Binh,Tuy Hoa,1304,1143
Thai Binh,Thu Dau Mot,1520,1427
Thai Binh,Dong Ha,660,570
Thai Binh,Cao Lanh,1728,1548
Thai Binh,Truc Giang,1768,1588
Thai Binh,Tra Vinh,1857,1651
Thai Binh,Vinh Long,1800,1616
Thai Binh,Cao Bang,445,371
Thai Binh,Hong Gai,173,122
Thai Binh,Cam Pha,240,157
Thai Binh,Lao Chi,336,384
Thai Binh,Hoa Binh,226,165
Thai Binh,Son Tay,175,159
Thai Binh,Ninh Binh,92,65
Thai Binh,Viet Tri,189,198
Thai Binh,Bac Giang,259,150
Thai Binh,Ha Tinh,404,331
Thai Binh,Buon Me Thuot,1491,1247
Thai Binh,Da Lat,1607,1387
Thai Binh,Phan Rang,1538,1355
Thai Binh,Hon Quan,1438,1359
Thai Binh,Kon Tum,1150,976
Thai Binh,Quang Ngai,1021,894
Thai Binh,Quang Tri,661,572
Thai Binh,Vung Tau,1873,1651
Thai Binh,Phan Thiet,1671,1484
Thai Binh,Long Xuyen,1815,1656
Thai Binh,Chau Doc,1731,1601
Thai Binh,Rach Gia,1893,1712
Thai Binh,Tan An,1957,1733
Thai Binh,My Tho,1740,1571
Thai Binh,Bac Lieu,1950,1748
Thai Binh,Ca Mau,1985,1770
Thai Binh,Soc Trang,1872,1682
Thai Binh,Ha Giang,479,423
Thai Binh,Thai Nguyen,162,170
Thai Binh,Thanh Hoa,171,128
Thai Binh,Nam Dinh,48,34
Thai Binh,Vinh,334,265
Thai Binh,Dong Hoi,554,472
Thai Binh,Play Ku,1262,1066
Thai Binh,Nha Trang,1439,1260
Thai Binh,Cam Ranh,1481,1302
Thai Binh,Qui Nhon,1200,1049
Thai Binh,Hue,739,638
Thai Binh,Bien Hoa,1904,1576
Thai Binh,Can Tho,1816,1631
Thai Binh,Haiphong,101,76
Thai Binh,Da Nang,852,736
Thai Binh,Hanoi,135,112
Thai Binh,Ho Chi Minh City,1573,1451
Tuy Hoa,Thu Dau Mot,640,542
Tuy Hoa,Dong Ha,659,576
Tuy Hoa,Cao Lanh,779,683
Tuy Hoa,Truc Giang,700,624
Tuy Hoa,Tra Vinh,788,687
Tuy Hoa,Vinh Long,780,693
Tuy Hoa,Cao Bang,1644,1449
Tuy Hoa,Hong Gai,1455,1284
Tuy Hoa,Cam Pha,1523,1318
Tuy Hoa,Lao Chi,1530,1439
Tuy Hoa,Hoa Binh,1317,1157
Tuy Hoa,Son Tay,1352,1218
Tuy Hoa,Ninh Binh,1221,1078
Tuy Hoa,Viet Tri,1382,1252
Tuy Hoa,Bac Giang,1472,1283
Tuy Hoa,Ha Tinh,948,847
Tuy Hoa,Buon Me Thuot,303,192
Tuy Hoa,Da Lat,311,244
Tuy Hoa,Phan Rang,242,211
Tuy Hoa,Hon Quan,651,469
Tuy Hoa,Kon Tum,413,311
Tuy Hoa,Quang Ngai,349,281
Tuy Hoa,Quang Tri,671,590
Tuy Hoa,Vung Tau,576,508
Tuy Hoa,Phan Thiet,374,340
Tuy Hoa,Long Xuyen,857,724
Tuy Hoa,Chau Doc,929,750
Tuy Hoa,Rach Gia,932,809
Tuy Hoa,Tan An,661,589
Tuy Hoa,My Tho,672,607
Tuy Hoa,Bac Lieu,930,825
Tuy Hoa,Ca Mau,965,847
Tuy Hoa,Soc Trang,852,759
Tuy Hoa,Ha Giang,1673,1477
Tuy Hoa,Thai Nguyen,1361,1248
Tuy Hoa,Thanh Hoa,1146,1018
Tuy Hoa,Nam Dinh,1267,1110
Tuy Hoa,Vinh,981,872
Tuy Hoa,Dong Hoi,756,673
Tuy Hoa,Play Ku,303,221
Tuy Hoa,Nha Trang,143,117
Tuy Hoa,Cam Ranh,185,159
Tuy Hoa,Qui Nhon,116,95
Tuy Hoa,Hue,586,504
Tuy Hoa,Bien Hoa,604,514
Tuy Hoa,Can Tho,796,708
Tuy Hoa,Haiphong,1379,1235
Tuy Hoa,Da Nang,480,416
Tuy Hoa,Hanoi,1316,1178
Tuy Hoa,Ho Chi Minh City,623,550
Thu Dau Mot,Dong Ha,1219,993
Thu Dau Mot,Cao Lanh,210,151
Thu Dau Mot,Truc Giang,146,106
Thu Dau Mot,Tra Vinh,235,169
Thu Dau Mot,Vinh Long,226,175
Thu Dau Mot,Cao Bang,2204,1866
Thu Dau Mot,Hong Gai,2015,1701
Thu Dau Mot,Cam Pha,2083,1735
Thu Dau Mot,Lao Chi,2089,1856
Thu Dau Mot,Hoa Binh,1518,1448
Thu Dau Mot,Son Tay,1911,1634
Thu Dau Mot,Ninh Binh,1781,1495
Thu Dau Mot,Viet Tri,1942,1669
Thu Dau Mot,Bac Giang,2032,1700
Thu Dau Mot,Ha Tinh,1508,1264
Thu Dau Mot,Buon Me Thuot,382,310
Thu Dau Mot,Da Lat,400,293
Thu Dau Mot,Phan Rang,402,329
Thu Dau Mot,Hon Quan,105,78
Thu Dau Mot,Kon Tum,720,583
Thu Dau Mot,Quang Ngai,970,719
Thu Dau Mot,Quang Tri,1231,1007
Thu Dau Mot,Vung Tau,145,103
Thu Dau Mot,Phan Thiet,275,204
Thu Dau Mot,Long Xuyen,304,206
Thu Dau Mot,Chau Doc,360,218
Thu Dau Mot,Rach Gia,378,290
Thu Dau Mot,Tan An,107,71
Thu Dau Mot,My Tho,118,89
Thu Dau Mot,Bac Lieu,377,307
Thu Dau Mot,Ca Mau,411,328
Thu Dau Mot,Soc Trang,299,241
Thu Dau Mot,Ha Giang,2232,1894
Thu Dau Mot,Thai Nguyen,1921,1664
Thu Dau Mot,Thanh Hoa,1705,1434
Thu Dau Mot,Nam Dinh,1827,1527
Thu Dau Mot,Vinh,1541,1289
Thu Dau Mot,Dong Hoi,1316,1089
Thu Dau Mot,Play Ku,609,493
Thu Dau Mot,Nha Trang,511,425
Thu Dau Mot,Cam Ranh,458,381
Thu Dau Mot,Qui Nhon,753,636
Thu Dau Mot,Hue,1146,921
Thu Dau Mot,Bien Hoa,49,26
Thu Dau Mot,Can Tho,242,190
Thu Dau Mot,Haiphong,1939,1652
Thu Dau Mot,Da Nang,1041,832
Thu Dau Mot,Hanoi,1875,1594
Thu Dau Mot,Ho Chi Minh City,55,25
Dong Ha,Cao Lanh,1157,1043
Dong Ha,Truc Giang,1349,1201
Dong Ha,Tra Vinh,1437,1264
Dong Ha,Vinh Long,1428,1270
Dong Ha,Cao Bang,997,876
Dong Ha,Hong Gai,809,711
Dong Ha,Cam Pha,877,745
Dong Ha,Lao Chi,883,866
Dong Ha,Hoa Binh,671,585
Dong Ha,Son Tay,705,645
Dong Ha,Ninh Binh,575,505
Dong Ha,Viet Tri,736,679
Dong Ha,Bac Giang,825,710
Dong Ha,Ha Tinh,302,274
Dong Ha,Buon Me Thuot,843,680
Dong Ha,Da Lat,960,821
Dong Ha,Phan Rang,890,788
Dong Ha,Hon Quan,1189,960
Dong Ha,Kon Tum,502,410
Dong Ha,Quang Ngai,374,327
Dong Ha,Quang Tri,26,16
Dong Ha,Vung Tau,1225,1085
Dong Ha,Phan Thiet,1023,917
Dong Ha,Long Xuyen,1244,1151
Dong Ha,Chau Doc,1160,1096
Dong Ha,Rach Gia,1322,1207
Dong Ha,Tan An,1309,1166
Dong Ha,My Tho,1321,1184
Dong Ha,Bac Lieu,1579,1402
Dong Ha,Ca Mau,1614,1423
Dong Ha,Soc Trang,1501,1336
Dong Ha,Ha Giang,1026,905
Dong Ha,Thai Nguyen,714,675
Dong Ha,Thanh Hoa,499,445
Dong Ha,Nam Dinh,620,537
Dong Ha,Vinh,334,299
Dong Ha,Dong Hoi,110,100
Dong Ha,Play Ku,614,500
Dong Ha,Nha Trang,791,694
Dong Ha,Cam Ranh,834,736
Dong Ha,Qui Nhon,553,482
Dong Ha,Hue,91,71
Dong Ha,Bien Hoa,1256,1010
Dong Ha,Can Tho,1445,1284
Dong Ha,Haiphong,733,662
Dong Ha,Da Nang,205,170
Dong Ha,Hanoi,669,605
Dong Ha,Ho Chi Minh City,1280,1020
Cao Lanh,Truc Giang,151,108
Cao Lanh,Tra Vinh,181,123
Cao Lanh,Vinh Long,107,73
Cao Lanh,Cao Bang,2071,1880
Cao Lanh,Hong Gai,1882,1715
Cao Lanh,Cam Pha,1950,1749
Cao Lanh,Lao Chi,1956,1870
Cao Lanh,Hoa Binh,1730,1596
Cao Lanh,Son Tay,1778,1649
Cao Lanh,Ninh Binh,1648,1509
Cao Lanh,Viet Tri,1809,1683
Cao Lanh,Bac Giang,1899,1714
Cao Lanh,Ha Tinh,1382,1291
Cao Lanh,Buon Me Thuot,593,462
Cao Lanh,Da Lat,548,441
Cao Lanh,Phan Rang,542,470
Cao Lanh,Hon Quan,303,232
Cao Lanh,Kon Tum,931,735
Cao Lanh,Quang Ngai,1126,963
Cao Lanh,Quang Tri,1138,1053
Cao Lanh,Vung Tau,285,228
Cao Lanh,Phan Thiet,415,345
Cao Lanh,Long Xuyen,125,36
Cao Lanh,Chau Doc,193,81
Cao Lanh,Rach Gia,220,101
Cao Lanh,Tan An,136,101
Cao Lanh,My Tho,123,91
Cao Lanh,Bac Lieu,258,205
Cao Lanh,Ca Mau,292,226
Cao Lanh,Soc Trang,180,139
Cao Lanh,Ha Giang,2099,1908
Cao Lanh,Thai Nguyen,1788,1679
Cao Lanh,Thanh Hoa,1572,1449
Cao Lanh,Nam Dinh,1694,1541
Cao Lanh,Vinh,1420,1313
Cao Lanh,Dong Hoi,1251,1153
Cao Lanh,Play Ku,820,645
Cao Lanh,Nha Trang,651,566
Cao Lanh,Cam Ranh,598,522
Cao Lanh,Qui Nhon,892,777
Cao Lanh,Hue,1357,1072
Cao Lanh,Bien Hoa,240,176
Cao Lanh,Can Tho,123,88
Cao Lanh,Haiphong,1806,1666
Cao Lanh,Da Nang,1252,984
Cao Lanh,Hanoi,1742,1609
Cao Lanh,Ho Chi Minh City,186,145
Truc Giang,Tra Vinh,103,69
Truc Giang,Vinh Long,126,84
Truc Giang,Cao Bang,2111,1920
Truc Giang,Hong Gai,1923,1755
Truc Giang,Cam Pha,1991,1790
Truc Giang,Lao Chi,1997,1910
Truc Giang,Hoa Binh,1771,1636
Truc Giang,Son Tay,1819,1689
Truc Giang,Ninh Binh,1689,1549
Truc Giang,Viet Tri,1850,1724
Truc Giang,Bac Giang,1939,1755
Truc Giang,Ha Tinh,1654,1370
Truc Giang,Buon Me Thuot,528,417
Truc Giang,Da Lat,469,382
Truc Giang,Phan Rang,463,412
Truc Giang,Hon Quan,246,183
Truc Giang,Kon Tum,866,690
Truc Giang,Quang Ngai,1047,904
Truc Giang,Quang Tri,1377,1114
Truc Giang,Vung Tau,207,169
Truc Giang,Phan Thiet,336,286
Truc Giang,Long Xuyen,226,141
Truc Giang,Chau Doc,307,195
Truc Giang,Rach Gia,301,225
Truc Giang,Tan An,56,37
Truc Giang,My Tho,27,16
Truc Giang,Bac Lieu,299,241
Truc Giang,Ca Mau,334,263
Truc Giang,Soc Trang,221,175
Truc Giang,Ha Giang,2140,1949
Truc Giang,Thai Nguyen,1828,1719
Truc Giang,Thanh Hoa,1613,1489
Truc Giang,Nam Dinh,1734,1582
Truc Giang,Vinh,1687,1395
Truc Giang,Dong Hoi,1462,1196
Truc Giang,Play Ku,755,600
Truc Giang,Nha Trang,573,507
Truc Giang,Cam Ranh,519,463
Truc Giang,Qui Nhon,814,719
Truc Giang,Hue,1292,1027
Truc Giang,Bien Hoa,161,118
Truc Giang,Can Tho,165,124
Truc Giang,Haiphong,1847,1707
Truc Giang,Da Nang,1187,939
Truc Giang,Hanoi,1783,1649
Truc Giang,Ho Chi Minh City,107,86
Tra Vinh,Vinh Long,97,67
Tra Vinh,Cao Bang,2201,1983
Tra Vinh,Hong Gai,2013,1818
Tra Vinh,Cam Pha,2081,1853
Tra Vinh,Lao Chi,2087,1973
Tra Vinh,Hoa Binh,1860,1699
Tra Vinh,Son Tay,1909,1752
Tra Vinh,Ninh Binh,1779,1613
Tra Vinh,Viet Tri,1940,1787
Tra Vinh,Bac Giang,2029,1818
Tra Vinh,Ha Tinh,1744,1433
Tra Vinh,Buon Me Thuot,618,480
Tra Vinh,Da Lat,559,445
Tra Vinh,Phan Rang,553,475
Tra Vinh,Hon Quan,336,246
Tra Vinh,Kon Tum,956,753
Tra Vinh,Quang Ngai,1137,968
Tra Vinh,Quang Tri,1467,1177
Tra Vinh,Vung Tau,296,232
Tra Vinh,Phan Thiet,426,349
Tra Vinh,Long Xuyen,211,143
Tra Vinh,Chau Doc,293,198
Tra Vinh,Rach Gia,266,185
Tra Vinh,Tan An,146,100
Tra Vinh,My Tho,117,79
Tra Vinh,Bac Lieu,231,121
Tra Vinh,Ca Mau,299,223
Tra Vinh,Soc Trang,151,53
Tra Vinh,Ha Giang,2230,2012
Tra Vinh,Thai Nguyen,1918,1782
Tra Vinh,Thanh Hoa,1703,1552
Tra Vinh,Nam Dinh,1824,1645
Tra Vinh,Vinh,1776,1458
Tra Vinh,Dong Hoi,1552,1259
Tra Vinh,Play Ku,845,663
Tra Vinh,Nha Trang,663,570
Tra Vinh,Cam Ranh,609,526
Tra Vinh,Qui Nhon,904,782
Tra Vinh,Hue,1382,1090
Tra Vinh,Bien Hoa,251,181
Tra Vinh,Can Tho,130,84
Tra Vinh,Haiphong,1937,1770
Tra Vinh,Da Nang,1276,1002
Tra Vinh,Hanoi,1873,1712
Tra Vinh,Ho Chi Minh City,197,149
Vinh Long,Cao Bang,2145,1949
Vinh Long,Hong Gai,1957,1784
Vinh Long,Cam Pha,2024,1819
Vinh Long,Lao Chi,2031,1939
Vinh Long,Hoa Binh,1804,1665
Vinh Long,Son Tay,1853,1718
Vinh Long,Ninh Binh,1722,1578
Vinh Long,Viet Tri,1883,1753
Vinh Long,Bac Giang,1973,1784
Vinh Long,Ha Tinh,1456,1360
Vinh Long,Buon Me Thuot,609,487
Vinh Long,Da Lat,550,452
Vinh Long,Phan Rang,545,482
Vinh Long,Hon Quan,328,254
Vinh Long,Kon Tum,947,760
Vinh Long,Quang Ngai,1129,975
Vinh Long,Quang Tri,1212,1122
Vinh Long,Vung Tau,288,240
Vinh Long,Phan Thiet,417,357
Vinh Long,Long Xuyen,153,105
Vinh Long,Chau Doc,234,159
Vinh Long,Rach Gia,207,147
Vinh Long,Tan An,142,114
Vinh Long,My Tho,121,94
Vinh Long,Bac Lieu,205,163
Vinh Long,Ca Mau,240,185
Vinh Long,Soc Trang,127,97
Vinh Long,Ha Giang,2174,1978
Vinh Long,Thai Nguyen,1862,1748
Vinh Long,Thanh Hoa,1647,1518
Vinh Long,Nam Dinh,1768,1611
Vinh Long,Vinh,1495,1382
Vinh Long,Dong Hoi,1543,1266
Vinh Long,Play Ku,837,670
Vinh Long,Nha Trang,654,577
Vinh Long,Cam Ranh,600,534
Vinh Long,Qui Nhon,895,789
Vinh Long,Hue,1373,1098
Vinh Long,Bien Hoa,243,188
Vinh Long,Can Tho,71,46
Vinh Long,Haiphong,1881,1736
Vinh Long,Da Nang,1268,1010
Vinh Long,Hanoi,1817,1678
Vinh Long,Ho Chi Minh City,188,157
Cao Bang,Hong Gai,421,299
Cao Bang,Cam Pha,357,256
Cao Bang,Lao Chi,523,491
Cao Bang,Hoa Binh,476,378
Cao Bang,Son Tay,395,305
Cao Bang,Ninh Binh,423,369
Cao Bang,Viet Tri,376,305
Cao Bang,Bac Giang,329,221
Cao Bang,Ha Tinh,732,637
Cao Bang,Buon Me Thuot,1819,1553
Cao Bang,Da Lat,1935,1694
Cao Bang,Phan Rang,1866,1661
Cao Bang,Hon Quan,1766,1665
Cao Bang,Kon Tum,1478,1282
Cao Bang,Quang Ngai,1349,1200
Cao Bang,Quang Tri,989,878
Cao Bang,Vung Tau,2201,1958
Cao Bang,Phan Thiet,1999,1790
Cao Bang,Long Xuyen,2144,1962
Cao Bang,Chau Doc,2059,1907
Cao Bang,Rach Gia,2221,2018
Cao Bang,Tan An,2285,2039
Cao Bang,My Tho,2068,1878
Cao Bang,Bac Lieu,2278,2054
Cao Bang,Ca Mau,2313,2076
Cao Bang,Soc Trang,2201,1988
Cao Bang,Ha Giang,475,238
Cao Bang,Thai Nguyen,281,202
Cao Bang,Thanh Hoa,499,434
Cao Bang,Nam Dinh,422,359
Cao Bang,Vinh,662,572
Cao Bang,Dong Hoi,883,778
Cao Bang,Play Ku,1590,1373
Cao Bang,Nha Trang,1767,1567
Cao Bang,Cam Ranh,1810,1609
Cao Bang,Qui Nhon,1529,1355
Cao Bang,Hue,1067,944
Cao Bang,Bien Hoa,2232,1882
Cao Bang,Can Tho,2144,1937
Cao Bang,Haiphong,422,380
Cao Bang,Da Nang,1180,1043
Cao Bang,Hanoi,364,283
Cao Bang,Ho Chi Minh City,1901,1758
Hong Gai,Cam Pha,72,36
Hong Gai,Lao Chi,390,394
Hong Gai,Hoa Binh,302,261
Hong Gai,Son Tay,234,217
Hong Gai,Ninh Binh,240,204
Hong Gai,Viet Tri,242,207
Hong Gai,Bac Giang,218,125
Hong Gai,Ha Tinh,550,473
Hong Gai,Buon Me Thuot,1636,1389
Hong Gai,Da Lat,1753,1529
Hong Gai,Phan Rang,1683,1497
Hong Gai,Hon Quan,1583,1501
Hong Gai,Kon Tum,1295,1118
Hong Gai,Quang Ngai,1167,1036
Hong Gai,Quang Tri,807,713
Hong Gai,Vung Tau,2018,1793
Hong Gai,Phan Thiet,1816,1626
Hong Gai,Long Xuyen,1961,1798
Hong Gai,Chau Doc,1876,1743
Hong Gai,Rach Gia,2038,1854
Hong Gai,Tan An,2103,1875
Hong Gai,My Tho,1885,1713
Hong Gai,Bac Lieu,2096,1890
Hong Gai,Ca Mau,2131,1912
Hong Gai,Soc Trang,2018,1824
Hong Gai,Ha Giang,533,432
Hong Gai,Thai Nguyen,218,181
Hong Gai,Thanh Hoa,316,270
Hong Gai,Nam Dinh,205,148
Hong Gai,Vinh,480,407
Hong Gai,Dong Hoi,700,614
Hong Gai,Play Ku,1407,1208
Hong Gai,Nha Trang,1584,1402
Hong Gai,Cam Ranh,1627,1444
Hong Gai,Qui Nhon,1346,1191
Hong Gai,Hue,884,780
Hong Gai,Bien Hoa,2049,1718
Hong Gai,Can Tho,1962,1773
Hong Gai,Haiphong,111,70
Hong Gai,Da Nang,998,878
Hong Gai,Hanoi,194,169
Hong Gai,Ho Chi Minh City,1719,1593
Cam Pha,Lao Chi,454,428
Cam Pha,Hoa Binh,367,295
Cam Pha,Son Tay,299,251
Cam Pha,Ninh Binh,305,239
Cam Pha,Viet Tri,307,241
Cam Pha,Bac Giang,248,138
Cam Pha,Ha Tinh,615,507
Cam Pha,Buon Me Thuot,1701,1423
Cam Pha,Da Lat,1818,1563
Cam Pha,Phan Rang,1748,1531
Cam Pha,Hon Quan,1648,1535
Cam Pha,Kon Tum,1360,1152
Cam Pha,Quang Ngai,1232,1070
Cam Pha,Quang Tri,871,748
Cam Pha,Vung Tau,2083,1827
Cam Pha,Phan Thiet,1881,1660
Cam Pha,Long Xuyen,2026,1832
Cam Pha,Chau Doc,1941,1777
Cam Pha,Rach Gia,2103,1888
Cam Pha,Tan An,2167,1909
Cam Pha,My Tho,1950,1747
Cam Pha,Bac Lieu,2161,1924
Cam Pha,Ca Mau,2195,1946
Cam Pha,Soc Trang,2083,1858
Cam Pha,Ha Giang,597,466
Cam Pha,Thai Nguyen,283,215
Cam Pha,Thanh Hoa,381,304
Cam Pha,Nam Dinh,270,182
Cam Pha,Vinh,544,441
Cam Pha,Dong Hoi,765,648
Cam Pha,Play Ku,1472,1242
Cam Pha,Nha Trang,1649,1436
Cam Pha,Cam Ranh,1692,1478
Cam Pha,Qui Nhon,1411,1225
Cam Pha,Hue,949,814
Cam Pha,Bien Hoa,2114,1752
Cam Pha,Can Tho,2026,1807
Cam Pha,Haiphong,176,104
Cam Pha,Da Nang,1063,912
Cam Pha,Hanoi,259,203
Cam Pha,Ho Chi Minh City,1784,1627
Lao Chi,Hoa Binh,293,274
Lao Chi,Son Tay,213,231
Lao Chi,Ninh Binh,311,360
Lao Chi,Viet Tri,158,191
Lao Chi,Bac Giang,369,359
Lao Chi,Ha Tinh,621,628
Lao Chi,Buon Me Thuot,1707,1544
Lao Chi,Da Lat,1824,1684
Lao Chi,Phan Rang,1755,1652
Lao Chi,Hon Quan,1654,1656
Lao Chi,Kon Tum,1366,1273
Lao Chi,Quang Ngai,1238,1191
Lao Chi,Quang Tri,878,869
Lao Chi,Vung Tau,2090,1948
Lao Chi,Phan Thiet,1888,1781
Lao Chi,Long Xuyen,2032,1953
Lao Chi,Chau Doc,1948,1898
Lao Chi,Rach Gia,2109,2009
Lao Chi,Tan An,2174,2030
Lao Chi,My Tho,1957,1868
Lao Chi,Bac Lieu,2167,2045
Lao Chi,Ca Mau,2202,2067
Lao Chi,Soc Trang,2089,1979
Lao Chi,Ha Giang,295,181
Lao Chi,Thai Nguyen,243,305
Lao Chi,Thanh Hoa,388,425
Lao Chi,Nam Dinh,311,350
Lao Chi,Vinh,551,563
Lao Chi,Dong Hoi,771,769
Lao Chi,Play Ku,1479,1363
Lao Chi,Nha Trang,1656,1558
Lao Chi,Cam Ranh,1698,1600
Lao Chi,Qui Nhon,1417,1346
Lao Chi,Hue,956,935
Lao Chi,Bien Hoa,2120,1873
Lao Chi,Can Tho,2033,1928
Lao Chi,Haiphong,316,393
Lao Chi,Da Nang,1069,1034
Lao Chi,Hanoi,237,268
Lao Chi,Ho Chi Minh City,1790,1748
Hoa Binh,Son Tay,112,77
Hoa Binh,Ninh Binh,156,106
Hoa Binh,Viet Tri,149,102
Hoa Binh,Bac Giang,308,211
Hoa Binh,Ha Tinh,413,344
Hoa Binh,Buon Me Thuot,1499,1260
Hoa Binh,Da Lat,1616,1401
Hoa Binh,Phan Rang,1547,1368
Hoa Binh,Hon Quan,1433,1380
Hoa Binh,Kon Tum,1158,990
Hoa Binh,Quang Ngai,1030,907
Hoa Binh,Quang Tri,670,585
Hoa Binh,Vung Tau,1882,1665
Hoa Binh,Phan Thiet,1680,1497
Hoa Binh,Long Xuyen,1811,1677
Hoa Binh,Chau Doc,1727,1622
Hoa Binh,Rach Gia,1888,1733
Hoa Binh,Tan An,1621,1519
Hoa Binh,My Tho,1736,1593
Hoa Binh,Bac Lieu,1946,1770
Hoa Binh,Ca Mau,1981,1791
Hoa Binh,Soc Trang,1868,1704
Hoa Binh,Ha Giang,421,313
Hoa Binh,Thai Nguyen,196,167
Hoa Binh,Thanh Hoa,204,144
Hoa Binh,Nam Dinh,180,132
Hoa Binh,Vinh,343,279
Hoa Binh,Dong Hoi,563,485
Hoa Binh,Play Ku,1271,1080
Hoa Binh,Nha Trang,1448,1274
Hoa Binh,Cam Ranh,1490,1316
Hoa Binh,Qui Nhon,1209,1062
Hoa Binh,Hue,748,651
Hoa Binh,Bien Hoa,1557,1467
Hoa Binh,Can Tho,1812,1652
Hoa Binh,Haiphong,223,210
Hoa Binh,Da Nang,861,750
Hoa Binh,Hanoi,135,93
Hoa Binh,Ho Chi Minh City,1569,1473
Son Tay,Ninh Binh,134,137
Son Tay,Viet Tri,62,40
Son Tay,Bac Giang,241,170
Son Tay,Ha Tinh,444,406
Son Tay,Buon Me Thuot,1531,1321
Son Tay,Da Lat,1647,1462
Son Tay,Phan Rang,1578,1429
Son Tay,Hon Quan,1478,1433
Son Tay,Kon Tum,1190,1051
Son Tay,Quang Ngai,1061,969
Son Tay,Quang Tri,701,646
Son Tay,Vung Tau,1913,1726
Son Tay,Phan Thiet,1711,1558
Son Tay,Long Xuyen,1855,1731
Son Tay,Chau Doc,1771,1676
Son Tay,Rach Gia,1933,1786
Son Tay,Tan An,1997,1807
Son Tay,My Tho,1780,1646
Son Tay,Bac Lieu,1990,1823
Son Tay,Ca Mau,2025,1845
Son Tay,Soc Trang,1912,1757
Son Tay,Ha Giang,347,260
Son Tay,Thai Nguyen,116,115
Son Tay,Thanh Hoa,211,203
Son Tay,Nam Dinh,134,128
Son Tay,Vinh,374,340
Son Tay,Dong Hoi,594,547
Son Tay,Play Ku,1302,1141
Son Tay,Nha Trang,1479,1335
Son Tay,Cam Ranh,1521,1377
Son Tay,Qui Nhon,1240,1123
Son Tay,Hue,779,712
Son Tay,Bien Hoa,1944,1651
Son Tay,Can Tho,1856,1706
Son Tay,Haiphong,156,168
Son Tay,Da Nang,892,811
Son Tay,Hanoi,68,50
Son Tay,Ho Chi Minh City,1613,1526
Ninh Binh,Viet Tri,166,172
Ninh Binh,Bac Giang,255,203
Ninh Binh,Ha Tinh,312,266
Ninh Binh,Buon Me Thuot,1398,1181
Ninh Binh,Da Lat,1515,1322
Ninh Binh,Phan Rang,1446,1290
Ninh Binh,Hon Quan,1345,1293
Ninh Binh,Kon Tum,1057,911
Ninh Binh,Quang Ngai,929,829
Ninh Binh,Quang Tri,569,506
Ninh Binh,Vung Tau,1781,1586
Ninh Binh,Phan Thiet,1579,1418
Ninh Binh,Long Xuyen,1723,1591
Ninh Binh,Chau Doc,1639,1536
Ninh Binh,Rach Gia,1800,1647
Ninh Binh,Tan An,1865,1667
Ninh Binh,My Tho,1648,1506
Ninh Binh,Bac Lieu,1858,1683
Ninh Binh,Ca Mau,1893,1705
Ninh Binh,Soc Trang,1780,1617
Ninh Binh,Ha Giang,456,397
Ninh Binh,Thai Nguyen,144,167
Ninh Binh,Thanh Hoa,79,63
Ninh Binh,Nam Dinh,48,32
Ninh Binh,Vinh,242,200
Ninh Binh,Dong Hoi,462,407
Ninh Binh,Play Ku,1170,1001
Ninh Binh,Nha Trang,1347,1195
Ninh Binh,Cam Ranh,1389,1237
Ninh Binh,Qui Nhon,1108,984
Ninh Binh,Hue,647,572
Ninh Binh,Bien Hoa,1811,1511
Ninh Binh,Can Tho,1724,1566
Ninh Binh,Haiphong,163,155
Ninh Binh,Da Nang,760,671
Ninh Binh,Hanoi,99,97
Ninh Binh,Ho Chi Minh City,1481,1386
Viet Tri,Bac Giang,221,171
Viet Tri,Ha Tinh,473,440
Viet Tri,Buon Me Thuot,1560,1356
Viet Tri,Da Lat,1676,1497
Viet Tri,Phan Rang,1607,1464
Viet Tri,Hon Quan,1507,1468
Viet Tri,Kon Tum,1219,1086
Viet Tri,Quang Ngai,1090,1003
Viet Tri,Quang Tri,730,681
Viet Tri,Vung Tau,1942,1761
Viet Tri,Phan Thiet,1740,1593
Viet Tri,Long Xuyen,1885,1765
Viet Tri,Chau Doc,1800,1710
Viet Tri,Rach Gia,1962,1821
Viet Tri,Tan An,2026,1842
Viet Tri,My Tho,1809,1681
Viet Tri,Bac Lieu,2019,1858
Viet Tri,Ca Mau,2054,1879
Viet Tri,Soc Trang,1941,1792
Viet Tri,Ha Giang,302,223
Viet Tri,Thai Nguyen,96,117
Viet Tri,Thanh Hoa,240,238
Viet Tri,Nam Dinh,163,162
Viet Tri,Vinh,403,375
Viet Tri,Dong Hoi,624,581
Viet Tri,Play Ku,1331,1176
Viet Tri,Nha Trang,1508,1370
Viet Tri,Cam Ranh,1550,1412
Viet Tri,Qui Nhon,1270,1158
Viet Tri,Hue,808,747
Viet Tri,Bien Hoa,1973,1685
Viet Tri,Can Tho,1885,1740
Viet Tri,Haiphong,169,205
Viet Tri,Da Nang,921,846
Viet Tri,Hanoi,89,80
Viet Tri,Ho Chi Minh City,1642,1561
Bac Giang,Ha Tinh,565,468
Bac Giang,Buon Me Thuot,1651,1384
Bac Giang,Da Lat,1768,1525
Bac Giang,Phan Rang,1699,1492
Bac Giang,Hon Quan,1598,1496
Bac Giang,Kon Tum,1310,1113
Bac Giang,Quang Ngai,1182,1031
Bac Giang,Quang Tri,822,709
Bac Giang,Vung Tau,2033,1789
Bac Giang,Phan Thiet,1831,1621
Bac Giang,Long Xuyen,1976,1793
Bac Giang,Chau Doc,1891,1738
Bac Giang,Rach Gia,2053,1849
Bac Giang,Tan An,2118,1870
Bac Giang,My Tho,1900,1709
Bac Giang,Bac Lieu,2111,1885
Bac Giang,Ca Mau,2146,1907
Bac Giang,Soc Trang,2033,1819
Bac Giang,Ha Giang,513,393
Bac Giang,Thai Nguyen,198,142
Bac Giang,Thanh Hoa,331,265
Bac Giang,Nam Dinh,255,190
Bac Giang,Vinh,495,403
Bac Giang,Dong Hoi,715,609
Bac Giang,Play Ku,1422,1204
Bac Giang,Nha Trang,1600,1398
Bac Giang,Cam Ranh,1642,1440
Bac Giang,Qui Nhon,1361,1186
Bac Giang,Hue,899,775
Bac Giang,Bien Hoa,2064,1713
Bac Giang,Can Tho,1977,1768
Bac Giang,Haiphong,208,106
Bac Giang,Da Nang,1013,874
Bac Giang,Hanoi,199,117
Bac Giang,Ho Chi Minh City,1734,1589
Ha Tinh,Buon Me Thuot,1133,950
Ha Tinh,Da Lat,1250,1091
Ha Tinh,Phan Rang,1181,1058
Ha Tinh,Hon Quan,1082,1075
Ha Tinh,Kon Tum,793,680
Ha Tinh,Quang Ngai,664,598
Ha Tinh,Quang Tri,303,278
Ha Tinh,Vung Tau,1516,1355
Ha Tinh,Phan Thiet,1314,1187
Ha Tinh,Long Xuyen,1459,1372
Ha Tinh,Chau Doc,1375,1317
Ha Tinh,Rach Gia,1537,1428
Ha Tinh,Tan An,1600,1436
Ha Tinh,My Tho,1384,1288
Ha Tinh,Bac Lieu,1594,1465
Ha Tinh,Ca Mau,1629,1486
Ha Tinh,Soc Trang,1516,1399
Ha Tinh,Ha Giang,771,666
Ha Tinh,Thai Nguyen,459,436
Ha Tinh,Thanh Hoa,244,206
Ha Tinh,Nam Dinh,365,298
Ha Tinh,Vinh,79,60
Ha Tinh,Dong Hoi,197,175
Ha Tinh,Play Ku,905,770
Ha Tinh,Nha Trang,1082,964
Ha Tinh,Cam Ranh,1124,1006
Ha Tinh,Qui Nhon,843,752
Ha Tinh,Hue,382,341
Ha Tinh,Bien Hoa,1546,1280
Ha Tinh,Can Tho,1460,1347
Ha Tinh,Haiphong,478,424
Ha Tinh,Da Nang,495,440
Ha Tinh,Hanoi,414,366
Ha Tinh,Ho Chi Minh City,1217,1168
Buon Me Thuot,Da Lat,318,211
Buon Me Thuot,Phan Rang,356,278
Buon Me Thuot,Hon Quan,348,277
Buon Me Thuot,Kon Tum,340,270
Buon Me Thuot,Quang Ngai,589,406
Buon Me Thuot,Quang Tri,850,694
Buon Me Thuot,Vung Tau,518,408
Buon Me Thuot,Phan Thiet,446,303
Buon Me Thuot,Long Xuyen,688,517
Buon Me Thuot,Chau Doc,744,530
Buon Me Thuot,Rach Gia,763,602
Buon Me Thuot,Tan An,491,383
Buon Me Thuot,My Tho,502,401
Buon Me Thuot,Bac Lieu,761,618
Buon Me Thuot,Ca Mau,796,640
Buon Me Thuot,Soc Trang,683,552
Buon Me Thuot,Ha Giang,1852,1581
Buon Me Thuot,Thai Nguyen,1540,1351
Buon Me Thuot,Thanh Hoa,1325,1121
Buon Me Thuot,Nam Dinh,1446,1214
Buon Me Thuot,Vinh,1160,975
Buon Me Thuot,Dong Hoi,935,776
Buon Me Thuot,Play Ku,229,180
Buon Me Thuot,Nha Trang,257,184
Buon Me Thuot,Cam Ranh,300,226
Buon Me Thuot,Qui Nhon,397,265
Buon Me Thuot,Hue,765,608
Buon Me Thuot,Bien Hoa,415,326
Buon Me Thuot,Can Tho,627,501
Buon Me Thuot,Haiphong,1559,1339
Buon Me Thuot,Da Nang,660,519
Buon Me Thuot,Hanoi,1495,1281
Buon Me Thuot,Ho Chi Minh City,440,337
Da Lat,Phan Rang,158,103
Da Lat,Hon Quan,418,311
Da Lat,Kon Tum,624,461
Da Lat,Quang Ngai,651,526
Da Lat,Quang Tri,973,835
Da Lat,Vung Tau,379,281
Da Lat,Phan Thiet,208,159
Da Lat,Long Xuyen,615,480
Da Lat,Chau Doc,687,506
Da Lat,Rach Gia,690,564
Da Lat,Tan An,418,345
Da Lat,My Tho,429,363
Da Lat,Bac Lieu,688,580
Da Lat,Ca Mau,723,602
Da Lat,Soc Trang,610,514
Da Lat,Ha Giang,1974,1722
Da Lat,Thai Nguyen,1662,1492
Da Lat,Thanh Hoa,1447,1262
Da Lat,Nam Dinh,1568,1355
Da Lat,Vinh,1282,1116
Da Lat,Dong Hoi,1058,917
Da Lat,Play Ku,513,371
Da Lat,Nha Trang,191,135
Da Lat,Cam Ranh,187,135
Da Lat,Qui Nhon,417,340
Da Lat,Hue,887,749
Da Lat,Bien Hoa,355,265
Da Lat,Can Tho,554,463
Da Lat,Haiphong,1681,1480
Da Lat,Da Nang,782,660
Da Lat,Hanoi,1617,1422
Da Lat,Ho Chi Minh City,381,305
Phan Rang,Hon Quan,496,396
Phan Rang,Kon Tum,618,477
Phan Rang,Quang Ngai,586,493
Phan Rang,Quang Tri,908,802
Phan Rang,Vung Tau,339,299
Phan Rang,Phan Thiet,137,131
Phan Rang,Long Xuyen,620,515
Phan Rang,Chau Doc,692,541
Phan Rang,Rach Gia,695,600
Phan Rang,Tan An,424,380
Phan Rang,My Tho,435,398
Phan Rang,Bac Lieu,693,616
Phan Rang,Ca Mau,728,637
Phan Rang,Soc Trang,615,550
Phan Rang,Ha Giang,1910,1689
Phan Rang,Thai Nguyen,1598,1459
Phan Rang,Thanh Hoa,1383,1229
Phan Rang,Nam Dinh,1504,1322
Phan Rang,Vinh,1218,1083
Phan Rang,Dong Hoi,993,884
Phan Rang,Play Ku,507,387
Phan Rang,Nha Trang,112,95
Phan Rang,Cam Ranh,58,52
Phan Rang,Qui Nhon,353,307
Phan Rang,Hue,823,716
Phan Rang,Bien Hoa,367,305
Phan Rang,Can Tho,559,499
Phan Rang,Haiphong,1617,1447
Phan Rang,Da Nang,718,627
Phan Rang,Hanoi,1553,1389
Phan Rang,Ho Chi Minh City,386,341
Hon Quan,Kon Tum,687,550
Hon Quan,Quang Ngai,937,685
Hon Quan,Quang Tri,843,838
Hon Quan,Vung Tau,244,179
Hon Quan,Phan Thiet,373,270
Hon Quan,Long Xuyen,406,284
Hon Quan,Chau Doc,450,298
Hon Quan,Rach Gia,481,369
Hon Quan,Tan An,209,149
Hon Quan,My Tho,220,167
Hon Quan,Bac Lieu,479,385
Hon Quan,Ca Mau,514,406
Hon Quan,Soc Trang,401,319
Hon Quan,Ha Giang,1804,1693
Hon Quan,Thai Nguyen,1493,1464
Hon Quan,Thanh Hoa,1277,1234
Hon Quan,Nam Dinh,1399,1326
Hon Quan,Vinh,1125,1098
Hon Quan,Dong Hoi,1283,1056
Hon Quan,Play Ku,577,460
Hon Quan,Nha Trang,607,461
Hon Quan,Cam Ranh,556,447
Hon Quan,Qui Nhon,746,542
Hon Quan,Hue,1113,887
Hon Quan,Bien Hoa,146,98
Hon Quan,Can Tho,345,268
Hon Quan,Haiphong,1511,1451
Hon Quan,Da Nang,1008,799
Hon Quan,Hanoi,1447,1394
Hon Quan,Ho Chi Minh City,158,103
Kon Tum,Quang Ngai,351,217
Kon Tum,Quang Tri,511,423
Kon Tum,Vung Tau,858,681
Kon Tum,Phan Thiet,747,606
Kon Tum,Long Xuyen,1028,791
Kon Tum,Chau Doc,935,845
Kon Tum,Rach Gia,1103,875
Kon Tum,Tan An,831,656
Kon Tum,My Tho,842,674
Kon Tum,Bac Lieu,1101,891
Kon Tum,Ca Mau,1136,913
Kon Tum,Soc Trang,1023,825
Kon Tum,Ha Giang,1513,1310
Kon Tum,Thai Nguyen,1201,1081
Kon Tum,Thanh Hoa,986,851
Kon Tum,Nam Dinh,1107,943
Kon Tum,Vinh,821,705
Kon Tum,Dong Hoi,596,506
Kon Tum,Play Ku,114,90
Kon Tum,Nha Trang,515,383
Kon Tum,Cam Ranh,558,425
Kon Tum,Qui Nhon,325,232
Kon Tum,Hue,426,337
Kon Tum,Bien Hoa,756,600
Kon Tum,Can Tho,967,774
Kon Tum,Haiphong,1219,1068
Kon Tum,Da Nang,321,249
Kon Tum,Hanoi,1156,1011
Kon Tum,Ho Chi Minh City,780,610
Quang Ngai,Quang Tri,386,341
Quang Ngai,Vung Tau,916,789
Quang Ngai,Phan Thiet,714,622
Quang Ngai,Long Xuyen,1196,1006
Quang Ngai,Chau Doc,1268,1031
Quang Ngai,Rach Gia,1271,1090
Quang Ngai,Tan An,1000,871
Quang Ngai,My Tho,1011,889
Quang Ngai,Bac Lieu,1269,1106
Quang Ngai,Ca Mau,1304,1128
Quang Ngai,Soc Trang,1192,1040
Quang Ngai,Ha Giang,1388,1228
Quang Ngai,Thai Nguyen,1076,998
Quang Ngai,Thanh Hoa,861,769
Quang Ngai,Nam Dinh,982,861
Quang Ngai,Vinh,696,623
Quang Ngai,Dong Hoi,472,424
Quang Ngai,Play Ku,365,237
Quang Ngai,Nha Trang,482,399
Quang Ngai,Cam Ranh,524,440
Quang Ngai,Qui Nhon,243,187
Quang Ngai,Hue,301,255
Quang Ngai,Bien Hoa,944,796
Quang Ngai,Can Tho,1135,989
Quang Ngai,Haiphong,1095,986
Quang Ngai,Da Nang,196,167
Quang Ngai,Hanoi,1031,928
Quang Ngai,Ho Chi Minh City,962,831
Quang Tri,Vung Tau,1238,1099
Quang Tri,Phan Thiet,1036,931
Quang Tri,Long Xuyen,1218,1134
Quang Tri,Chau Doc,1133,1079
Quang Tri,Rach Gia,1295,1190
Quang Tri,Tan An,1322,1180
Quang Tri,My Tho,1333,1198
Quang Tri,Bac Lieu,1353,1226
Quang Tri,Ca Mau,1388,1248
Quang Tri,Soc Trang,1275,1160
Quang Tri,Ha Giang,1030,907
Quang Tri,Thai Nguyen,718,677
Quang Tri,Thanh Hoa,503,447
Quang Tri,Nam Dinh,624,540
Quang Tri,Vinh,338,301
Quang Tri,Dong Hoi,113,100
Quang Tri,Play Ku,627,514
Quang Tri,Nha Trang,804,708
Quang Tri,Cam Ranh,846,750
Quang Tri,Qui Nhon,565,496
Quang Tri,Hue,104,85
Quang Tri,Bien Hoa,1269,1023
Quang Tri,Can Tho,1219,1109
Quang Tri,Haiphong,737,665
Quang Tri,Da Nang,217,184
Quang Tri,Hanoi,673,607
Quang Tri,Ho Chi Minh City,1293,1034
Vung Tau,Phan Thiet,214,171
Vung Tau,Long Xuyen,364,270
Vung Tau,Chau Doc,436,296
Vung Tau,Rach Gia,439,355
Vung Tau,Tan An,168,135
Vung Tau,My Tho,179,153
Vung Tau,Bac Lieu,437,371
Vung Tau,Ca Mau,472,392
Vung Tau,Soc Trang,359,305
Vung Tau,Ha Giang,2249,1985
Vung Tau,Thai Nguyen,1937,1756
Vung Tau,Thanh Hoa,1722,1526
Vung Tau,Nam Dinh,1843,1618
Vung Tau,Vinh,1557,1380
Vung Tau,Dong Hoi,1332,1181
Vung Tau,Play Ku,744,591
Vung Tau,Nha Trang,451,392
Vung Tau,Cam Ranh,397,348
Vung Tau,Qui Nhon,692,603
Vung Tau,Hue,1162,1012
Vung Tau,Bien Hoa,117,80
Vung Tau,Can Tho,303,254
Vung Tau,Haiphong,1956,1743
Vung Tau,Da Nang,1057,924
Vung Tau,Hanoi,1892,1686
Vung Tau,Ho Chi Minh City,130,96
Phan Thiet,Long Xuyen,493,387
Phan Thiet,Chau Doc,565,413
Phan Thiet,Rach Gia,567,472
Phan Thiet,Tan An,296,253
Phan Thiet,My Tho,307,271
Phan Thiet,Bac Lieu,566,488
Phan Thiet,Ca Mau,601,510
Phan Thiet,Soc Trang,488,422
Phan Thiet,Ha Giang,2045,1818
Phan Thiet,Thai Nguyen,1733,1588
Phan Thiet,Thanh Hoa,1518,1358
Phan Thiet,Nam Dinh,1639,1451
Phan Thiet,Vinh,1353,1212
Phan Thiet,Dong Hoi,1129,1013
Phan Thiet,Play Ku,643,516
Phan Thiet,Nha Trang,247,224
Phan Thiet,Cam Ranh,193,181
Phan Thiet,Qui Nhon,488,436
Phan Thiet,Hue,959,844
Phan Thiet,Bien Hoa,240,178
Phan Thiet,Can Tho,431,371
Phan Thiet,Haiphong,1752,1576
Phan Thiet,Da Nang,853,756
Phan Thiet,Hanoi,1688,1518
Phan Thiet,Ho Chi Minh City,259,213
Long Xuyen,Chau Doc,86,57
Long Xuyen,Rach Gia,118,72
Long Xuyen,Tan An,223,146
Long Xuyen,My Tho,202,126
Long Xuyen,Bac Lieu,248,175
Long Xuyen,Ca Mau,259,186
Long Xuyen,Soc Trang,171,122
Long Xuyen,Ha Giang,2180,1990
Long Xuyen,Thai Nguyen,1868,1760
Long Xuyen,Thanh Hoa,1653,1530
Long Xuyen,Nam Dinh,1774,1623
Long Xuyen,Vinh,1501,1394
Long Xuyen,Dong Hoi,1332,1235
Long Xuyen,Play Ku,918,702
Long Xuyen,Nha Trang,735,609
Long Xuyen,Cam Ranh,681,565
Long Xuyen,Qui Nhon,976,821
Long Xuyen,Hue,1454,1129
Long Xuyen,Bien Hoa,323,220
Long Xuyen,Can Tho,94,63
Long Xuyen,Haiphong,1887,1748
Long Xuyen,Da Nang,1349,1041
Long Xuyen,Hanoi,1823,1690
Long Xuyen,Ho Chi Minh City,269,188
Chau Doc,Rach Gia,161,110
Chau Doc,Tan An,284,167
Chau Doc,My Tho,287,170
Chau Doc,Bac Lieu,330,230
Chau Doc,Ca Mau,331,241
Chau Doc,Soc Trang,253,176
Chau Doc,Ha Giang,2097,1935
Chau Doc,Thai Nguyen,1785,1705
Chau Doc,Thanh Hoa,1570,1475
Chau Doc,Nam Dinh,1691,1568
Chau Doc,Vinh,1418,1339
Chau Doc,Dong Hoi,1249,1179
Chau Doc,Play Ku,828,755
Chau Doc,Nha Trang,800,632
Chau Doc,Cam Ranh,746,588
Chau Doc,Qui Nhon,1041,844
Chau Doc,Hue,1181,1092
Chau Doc,Bien Hoa,388,243
Chau Doc,Can Tho,177,118
Chau Doc,Haiphong,1804,1693
Chau Doc,Da Nang,1259,1094
Chau Doc,Hanoi,1740,1635
Chau Doc,Ho Chi Minh City,334,211
Rach Gia,Tan An,299,232
Rach Gia,My Tho,278,212
Rach Gia,Bac Lieu,219,127
Rach Gia,Ca Mau,179,127
Rach Gia,Soc Trang,204,146
Rach Gia,Ha Giang,2259,2046
Rach Gia,Thai Nguyen,1947,1816
Rach Gia,Thanh Hoa,1732,1586
Rach Gia,Nam Dinh,1853,1678
Rach Gia,Vinh,1579,1450
Rach Gia,Dong Hoi,1410,1290
Rach Gia,Play Ku,994,788
Rach Gia,Nha Trang,812,695
Rach Gia,Cam Ranh,758,652
Rach Gia,Qui Nhon,1053,907
Rach Gia,Hue,1531,1216
Rach Gia,Bien Hoa,400,306
Rach Gia,Can Tho,168,103
Rach Gia,Haiphong,1965,1804
Rach Gia,Da Nang,1425,1128
Rach Gia,Hanoi,1902,1746
Rach Gia,Ho Chi Minh City,346,275
Tan An,My Tho,29,20
Tan An,Bac Lieu,291,245
Tan An,Ca Mau,326,267
Tan An,Soc Trang,213,179
Tan An,Ha Giang,1989,1831
Tan An,Thai Nguyen,1677,1602
Tan An,Thanh Hoa,1462,1372
Tan An,Nam Dinh,1583,1464
Tan An,Vinh,1646,1360
Tan An,Dong Hoi,1422,1161
Tan An,Play Ku,715,565
Tan An,Nha Trang,532,472
Tan An,Cam Ranh,479,428
Tan An,Qui Nhon,773,684
Tan An,Hue,1251,992
Tan An,Bien Hoa,121,83
Tan An,Can Tho,157,128
Tan An,Haiphong,1695,1589
Tan An,Da Nang,1146,904
Tan An,Hanoi,1632,1531
Tan An,Ho Chi Minh City,67,51
My Tho,Bac Lieu,271,225
My Tho,Ca Mau,306,246
My Tho,Soc Trang,193,159
My Tho,Ha Giang,2112,1932
My Tho,Thai Nguyen,1801,1702
My Tho,Thanh Hoa,1585,1472
My Tho,Nam Dinh,1707,1565
My Tho,Vinh,1659,1378
My Tho,Dong Hoi,1434,1179
My Tho,Play Ku,728,583
My Tho,Nha Trang,545,490
My Tho,Cam Ranh,492,447
My Tho,Qui Nhon,786,702
My Tho,Hue,1264,1011
My Tho,Bien Hoa,134,101
My Tho,Can Tho,137,108
My Tho,Haiphong,1819,1690
My Tho,Da Nang,1159,922
My Tho,Hanoi,1755,1632
My Tho,Ho Chi Minh City,80,69
Bac Lieu,Ca Mau,75,49
Bac Lieu,Soc Trang,88,70
Bac Lieu,Ha Giang,2325,2110
Bac Lieu,Thai Nguyen,2014,1880
Bac Lieu,Thanh Hoa,1798,1650
Bac Lieu,Nam Dinh,1920,1743
Bac Lieu,Vinh,1646,1514
Bac Lieu,Dong Hoi,1695,1398
Bac Lieu,Play Ku,988,802
Bac Lieu,Nha Trang,806,709
Bac Lieu,Cam Ranh,752,666
Bac Lieu,Qui Nhon,1047,921
Bac Lieu,Hue,1525,1230
Bac Lieu,Bien Hoa,394,320
Bac Lieu,Can Tho,168,129
Bac Lieu,Haiphong,2032,1868
Bac Lieu,Da Nang,1420,1141
Bac Lieu,Hanoi,1968,1810
Bac Lieu,Ho Chi Minh City,340,288
Ca Mau,Soc Trang,163,120
Ca Mau,Ha Giang,2357,2131
Ca Mau,Thai Nguyen,2046,1901
Ca Mau,Thanh Hoa,1830,1671
Ca Mau,Nam Dinh,1952,1764
Ca Mau,Vinh,1678,1535
Ca Mau,Dong Hoi,1727,1420
Ca Mau,Play Ku,1021,823
Ca Mau,Nha Trang,838,731
Ca Mau,Cam Ranh,784,687
Ca Mau,Qui Nhon,1079,942
Ca Mau,Hue,1557,1251
Ca Mau,Bien Hoa,426,342
Ca Mau,Can Tho,200,151
Ca Mau,Haiphong,2064,1889
Ca Mau,Da Nang,1452,1163
Ca Mau,Hanoi,2000,1831
Ca Mau,Ho Chi Minh City,372,310
Soc Trang,Ha Giang,2245,2044
Soc Trang,Thai Nguyen,1933,1815
Soc Trang,Thanh Hoa,1718,1585
Soc Trang,Nam Dinh,1839,1677
Soc Trang,Vinh,1566,1448
Soc Trang,Dong Hoi,1614,1333
Soc Trang,Play Ku,908,737
Soc Trang,Nha Trang,725,644
Soc Trang,Cam Ranh,672,600
Soc Trang,Qui Nhon,966,856
Soc Trang,Hue,1444,1164
Soc Trang,Bien Hoa,314,255
Soc Trang,Can Tho,88,64
Soc Trang,Haiphong,1952,1802
Soc Trang,Da Nang,1339,1076
Soc Trang,Hanoi,1888,1744
Soc Trang,Ho Chi Minh City,260,223
Ha Giang,Thai Nguyen,336,242
Ha Giang,Thanh Hoa,532,463
Ha Giang,Nam Dinh,455,388
Ha Giang,Vinh,695,600
Ha Giang,Dong Hoi,915,807
Ha Giang,Play Ku,1622,1401
Ha Giang,Nha Trang,1800,1595
Ha Giang,Cam Ranh,1842,1637
Ha Giang,Qui Nhon,1561,1384
Ha Giang,Hue,1099,973
Ha Giang,Bien Hoa,2264,1911
Ha Giang,Can Tho,2177,1966
Ha Giang,Haiphong,460,431
Ha Giang,Da Nang,1213,1071
Ha Giang,Hanoi,381,305
Ha Giang,Ho Chi Minh City,1934,1786
Thai Nguyen,Thanh Hoa,220,233
Thai Nguyen,Nam Dinh,143,158
Thai Nguyen,Vinh,383,370
Thai Nguyen,Dong Hoi,603,577
Thai Nguyen,Play Ku,1311,1171
Thai Nguyen,Nha Trang,1488,1365
Thai Nguyen,Cam Ranh,1530,1407
Thai Nguyen,Qui Nhon,1249,1154
Thai Nguyen,Hue,788,743
Thai Nguyen,Bien Hoa,1953,1681
Thai Nguyen,Can Tho,1865,1736
Thai Nguyen,Haiphong,143,179
Thai Nguyen,Da Nang,901,841
Thai Nguyen,Hanoi,84,82
Thai Nguyen,Ho Chi Minh City,1622,1556
Thanh Hoa,Nam Dinh,127,95
Thanh Hoa,Vinh,169,140
Thanh Hoa,Dong Hoi,389,346
Thanh Hoa,Play Ku,1096,941
Thanh Hoa,Nha Trang,1274,1135
Thanh Hoa,Cam Ranh,1316,1177
Thanh Hoa,Qui Nhon,1035,923
Thanh Hoa,Hue,573,512
Thanh Hoa,Bien Hoa,1738,1451
Thanh Hoa,Can Tho,1651,1506
Thanh Hoa,Haiphong,240,221
Thanh Hoa,Da Nang,687,611
Thanh Hoa,Hanoi,176,163
Thanh Hoa,Ho Chi Minh City,1408,1326
Nam Dinh,Vinh,291,233
Nam Dinh,Dong Hoi,511,439
Nam Dinh,Play Ku,1219,1033
Nam Dinh,Nha Trang,1396,1228
Nam Dinh,Cam Ranh,1438,1269
Nam Dinh,Qui Nhon,1157,1016
Nam Dinh,Hue,696,605
Nam Dinh,Bien Hoa,1861,1543
Nam Dinh,Can Tho,1773,1598
Nam Dinh,Haiphong,133,101
Nam Dinh,Da Nang,809,704
Nam Dinh,Hanoi,99,87
Nam Dinh,Ho Chi Minh City,1530,1418
Vinh,Dong Hoi,230,200
Vinh,Play Ku,938,795
Vinh,Nha Trang,1115,989
Vinh,Cam Ranh,1157,1031
Vinh,Qui Nhon,876,777
Vinh,Hue,415,366
Vinh,Bien Hoa,1579,1305
Vinh,Can Tho,1504,1369
Vinh,Haiphong,406,358
Vinh,Da Nang,528,465
Vinh,Hanoi,343,300
Vinh,Ho Chi Minh City,1604,1315
Dong Hoi,Play Ku,712,596
Dong Hoi,Nha Trang,889,790
Dong Hoi,Cam Ranh,931,832
Dong Hoi,Qui Nhon,650,578
Dong Hoi,Hue,189,167
Dong Hoi,Bien Hoa,1354,1106
Dong Hoi,Can Tho,1542,1381
Dong Hoi,Haiphong,627,564
Dong Hoi,Da Nang,302,266
Dong Hoi,Hanoi,564,506
Dong Hoi,Ho Chi Minh City,1378,1116
Play Ku,Nha Trang,401,293
Play Ku,Cam Ranh,444,335
Play Ku,Qui Nhon,227,162
Play Ku,Hue,536,427
Play Ku,Bien Hoa,641,509
Play Ku,Can Tho,853,684
Play Ku,Haiphong,1330,1159
Play Ku,Da Nang,431,339
Play Ku,Hanoi,1266,1101
Play Ku,Ho Chi Minh City,666,519
Nha Trang,Cam Ranh,51,43
Nha Trang,Qui Nhon,252,213
Nha Trang,Hue,722,621
Nha Trang,Bien Hoa,471,398
Nha Trang,Can Tho,662,591
Nha Trang,Haiphong,1516,1353
Nha Trang,Da Nang,617,533
Nha Trang,Hanoi,1452,1295
Nha Trang,Ho Chi Minh City,490,433
Cam Ranh,Qui Nhon,295,255
Cam Ranh,Hue,765,663
Cam Ranh,Bien Hoa,419,355
Cam Ranh,Can Tho,611,548
Cam Ranh,Haiphong,1559,1395
Cam Ranh,Da Nang,660,575
Cam Ranh,Hanoi,1495,1337
Cam Ranh,Ho Chi Minh City,438,390
Qui Nhon,Hue,481,409
Qui Nhon,Bien Hoa,710,610
Qui Nhon,Can Tho,901,803
Qui Nhon,Haiphong,1274,1141
Qui Nhon,Da Nang,376,321
Qui Nhon,Hanoi,1211,1083
Qui Nhon,Ho Chi Minh City,728,645
Hue,Bien Hoa,1183,937
Hue,Can Tho,1372,1212
Hue,Haiphong,812,730
Hue,Da Nang,132,98
Hue,Hanoi,748,672
Hue,Ho Chi Minh City,1207,947
Bien Hoa,Can Tho,260,201
Bien Hoa,Haiphong,1971,1668
Bien Hoa,Da Nang,1072,849
Bien Hoa,Hanoi,1907,1611
Bien Hoa,Ho Chi Minh City,73,35
Can Tho,Haiphong,1898,1751
Can Tho,Da Nang,1285,1025
Can Tho,Hanoi,1834,1693
Can Tho,Ho Chi Minh City,206,172
Haiphong,Da Nang,921,829
Haiphong,Hanoi,117,120
Haiphong,Ho Chi Minh City,1642,1544
Da Nang,Hanoi,863,772
Da Nang,Ho Chi Minh City,1102,859
Hanoi,Ho Chi Minh City,1577,1482
Viet Tri,Vietnam,Buon Me Thuot,Vietnam,1536,1356
Viet Tri,Vietnam,Long Xuyen,Vietnam,1885,1768
Viet Tri,Vietnam,Rach Gia,Vietnam,1963,1827
Viet Tri,Vietnam,Ca Mau,Vietnam,2062,1885
Viet Tri,Vietnam,Thai Nguyen,Vietnam,97,117
Viet Tri,Vietnam,Vinh,Vietnam,402,375
Viet Tri,Vietnam,Nha Trang,Vietnam,1484,1370
Viet Tri,Vietnam,Qui Nhon,Vietnam,1251,1158
Viet Tri,Vietnam,Hue,Vietnam,798,747
Viet Tri,Vietnam,Bien Hoa,Vietnam,1943,1685
Viet Tri,Vietnam,Can Tho,Vietnam,1887,1744
Viet Tri,Vietnam,Haiphong,Vietnam,169,205
Viet Tri,Vietnam,Da Nang,Vietnam,912,846
Viet Tri,Vietnam,Hanoi,Vietnam,89,80
Viet Tri,Vietnam,Ho Chi Minh City,Vietnam,1965,1694
Buon Me Thuot,Vietnam,Long Xuyen,Vietnam,680,490
Buon Me Thuot,Vietnam,Rach Gia,Vietnam,754,602
Buon Me Thuot,Vietnam,Ca Mau,Vietnam,795,640
Buon Me Thuot,Vietnam,Thai Nguyen,Vietnam,1521,1351
Buon Me Thuot,Vietnam,Vinh,Vietnam,1146,975
Buon Me Thuot,Vietnam,Nha Trang,Vietnam,253,184
Buon Me Thuot,Vietnam,Qui Nhon,Vietnam,381,265
Buon Me Thuot,Vietnam,Hue,Vietnam,747,603
Buon Me Thuot,Vietnam,Bien Hoa,Vietnam,409,326
Buon Me Thuot,Vietnam,Can Tho,Vietnam,620,500
Buon Me Thuot,Vietnam,Haiphong,Vietnam,1538,1339
Buon Me Thuot,Vietnam,Da Nang,Vietnam,652,519
Buon Me Thuot,Vietnam,Hanoi,Vietnam,1472,1281
Buon Me Thuot,Vietnam,Ho Chi Minh City,Vietnam,432,335
Long Xuyen,Vietnam,Rach Gia,Vietnam,117,72
Long Xuyen,Vietnam,Ca Mau,Vietnam,260,186
Long Xuyen,Vietnam,Thai Nguyen,Vietnam,1869,1763
Long Xuyen,Vietnam,Vinh,Vietnam,1507,1397
Long Xuyen,Vietnam,Nha Trang,Vietnam,735,609
Long Xuyen,Vietnam,Qui Nhon,Vietnam,969,820
Long Xuyen,Vietnam,Hue,Vietnam,1427,1098
Long Xuyen,Vietnam,Bien Hoa,Vietnam,325,220
Long Xuyen,Vietnam,Can Tho,Vietnam,90,61
Long Xuyen,Vietnam,Haiphong,Vietnam,1886,1751
Long Xuyen,Vietnam,Da Nang,Vietnam,1333,1014
Long Xuyen,Vietnam,Hanoi,Vietnam,1821,1693
Long Xuyen,Vietnam,Ho Chi Minh City,Vietnam,273,188
Rach Gia,Vietnam,Ca Mau,Vietnam,179,127
Rach Gia,Vietnam,Thai Nguyen,Vietnam,1947,1819
Rach Gia,Vietnam,Vinh,Vietnam,1585,1453
Rach Gia,Vietnam,Nha Trang,Vietnam,801,693
Rach Gia,Vietnam,Qui Nhon,Vietnam,1035,905
Rach Gia,Vietnam,Hue,Vietnam,1499,1208
Rach Gia,Vietnam,Bien Hoa,Vietnam,391,304
Rach Gia,Vietnam,Can Tho,Vietnam,159,112
Rach Gia,Vietnam,Haiphong,Vietnam,1964,1807
Rach Gia,Vietnam,Da Nang,Vietnam,1404,1125
Rach Gia,Vietnam,Hanoi,Vietnam,1899,1749
Rach Gia,Vietnam,Ho Chi Minh City,Vietnam,338,272
Ca Mau,Vietnam,Thai Nguyen,Vietnam,2052,1877
Ca Mau,Vietnam,Vinh,Vietnam,1690,1511
Ca Mau,Vietnam,Nha Trang,Vietnam,841,731
Ca Mau,Vietnam,Qui Nhon,Vietnam,1076,942
Ca Mau,Vietnam,Hue,Vietnam,1540,1246
Ca Mau,Vietnam,Bien Hoa,Vietnam,432,342
Ca Mau,Vietnam,Can Tho,Vietnam,200,149
Ca Mau,Vietnam,Haiphong,Vietnam,2069,1865
Ca Mau,Vietnam,Da Nang,Vietnam,1445,1163
Ca Mau,Vietnam,Hanoi,Vietnam,2004,1807
Ca Mau,Vietnam,Ho Chi Minh City,Vietnam,379,310
Thai Nguyen,Vietnam,Vinh,Vietnam,382,370
Thai Nguyen,Vietnam,Nha Trang,Vietnam,1464,1365
Thai Nguyen,Vietnam,Qui Nhon,Vietnam,1231,1154
Thai Nguyen,Vietnam,Hue,Vietnam,779,743
Thai Nguyen,Vietnam,Bien Hoa,Vietnam,1923,1681
Thai Nguyen,Vietnam,Can Tho,Vietnam,1867,1740
Thai Nguyen,Vietnam,Haiphong,Vietnam,142,178
Thai Nguyen,Vietnam,Da Nang,Vietnam,893,841
Thai Nguyen,Vietnam,Hanoi,Vietnam,86,82
Thai Nguyen,Vietnam,Ho Chi Minh City,Vietnam,1946,1689
Vinh,Vietnam,Nha Trang,Vietnam,1091,989
Vinh,Vietnam,Qui Nhon,Vietnam,858,777
Vinh,Vietnam,Hue,Vietnam,406,366
Vinh,Vietnam,Bien Hoa,Vietnam,1550,1305
Vinh,Vietnam,Can Tho,Vietnam,1506,1373
Vinh,Vietnam,Haiphong,Vietnam,399,357
Vinh,Vietnam,Da Nang,Vietnam,520,465
Vinh,Vietnam,Hanoi,Vietnam,334,300
Vinh,Vietnam,Ho Chi Minh City,Vietnam,1573,1313
Nha Trang,Vietnam,Qui Nhon,Vietnam,248,214
Nha Trang,Vietnam,Hue,Vietnam,700,617
Nha Trang,Vietnam,Bien Hoa,Vietnam,462,398
Nha Trang,Vietnam,Can Tho,Vietnam,653,589
Nha Trang,Vietnam,Haiphong,Vietnam,1491,1353
Nha Trang,Vietnam,Da Nang,Vietnam,605,534
Nha Trang,Vietnam,Hanoi,Vietnam,1426,1296
Nha Trang,Vietnam,Ho Chi Minh City,Vietnam,480,432
Qui Nhon,Vietnam,Hue,Vietnam,463,404
Qui Nhon,Vietnam,Bien Hoa,Vietnam,695,610
Qui Nhon,Vietnam,Can Tho,Vietnam,886,801
Qui Nhon,Vietnam,Haiphong,Vietnam,1254,1141
Qui Nhon,Vietnam,Da Nang,Vietnam,368,321
Qui Nhon,Vietnam,Hanoi,Vietnam,1189,1083
Qui Nhon,Vietnam,Ho Chi Minh City,Vietnam,713,644
Hue,Vietnam,Bien Hoa,Vietnam,1151,932
Hue,Vietnam,Can Tho,Vietnam,1335,1205
Hue,Vietnam,Haiphong,Vietnam,798,730
Hue,Vietnam,Da Nang,Vietnam,121,93
Hue,Vietnam,Hanoi,Vietnam,733,672
Hue,Vietnam,Ho Chi Minh City,Vietnam,1174,941
Bien Hoa,Vietnam,Can Tho,Vietnam,255,200
Bien Hoa,Vietnam,Haiphong,Vietnam,1944,1668
Bien Hoa,Vietnam,Da Nang,Vietnam,1058,848
Bien Hoa,Vietnam,Hanoi,Vietnam,1878,1610
Bien Hoa,Vietnam,Ho Chi Minh City,Vietnam,66,35
Can Tho,Vietnam,Haiphong,Vietnam,1895,1725
Can Tho,Vietnam,Da Nang,Vietnam,1272,1023
Can Tho,Vietnam,Hanoi,Vietnam,1830,1668
Can Tho,Vietnam,Ho Chi Minh City,Vietnam,206,170
Haiphong,Vietnam,Da Nang,Vietnam,910,828
Haiphong,Vietnam,Hanoi,Vietnam,113,119
Haiphong,Vietnam,Ho Chi Minh City,Vietnam,1963,1676
Da Nang,Vietnam,Hanoi,Vietnam,849,773
Da Nang,Vietnam,Ho Chi Minh City,Vietnam,1079,857
Hanoi,Vietnam,Ho Chi Minh City,Vietnam,1899,1616
