"Tay Ninh,vietnam","Luan Chau,vietnam",1478,1417
"Tay Ninh,vietnam","Bac Kan,vietnam",1658,1605
"Tay Ninh,vietnam","Lang Son,vietnam",1643,1574
"Tay Ninh,vietnam","Son La,vietnam",1874,1695
"Tay Ninh,vietnam","Tuyen Quang,vietnam",1729,1642
"Tay Ninh,vietnam","Yen Bai,vietnam",1758,1611
"Tay Ninh,vietnam","Hai Duong,vietnam",1513,1442
"Tay Ninh,vietnam","Thai Binh,vietnam",1481,1396
"Tay Ninh,vietnam","Tuy Hoa,vietnam",730,545
"Tay Ninh,vietnam","Thu Dau Mot,vietnam",117,86
"Tay Ninh,vietnam","Dong Ha,vietnam",904,890
"Tay Ninh,vietnam","Cao Lanh,vietnam",247,185
"Tay Ninh,vietnam","Truc Giang,vietnam",209,153
"Tay Ninh,vietnam","Tra Vinh,vietnam",298,216
"Tay Ninh,vietnam","Vinh Long,vietnam",289,222
"Tay Ninh,vietnam","Cao Bang,vietnam",1813,1701
"Tay Ninh,vietnam","Hong Gai,vietnam",1625,1537
"Tay Ninh,vietnam","Cam Pha,vietnam",1693,1571
"Tay Ninh,vietnam","Lao Chi,vietnam",1699,1692
"Tay Ninh,vietnam","Hoa Binh,vietnam",1473,1417
"Tay Ninh,vietnam","Son Tay,vietnam",1521,1470
"Tay Ninh,vietnam","Ninh Binh,vietnam",1391,1331
"Tay Ninh,vietnam","Viet Tri,vietnam",1552,1505
"Tay Ninh,vietnam","Bac Giang,vietnam",1641,1536
"Tay Ninh,vietnam","Ha Tinh,vietnam",1125,1112
"Tay Ninh,vietnam","Buon Me Thuot,vietnam",432,351
"Tay Ninh,vietnam","Da Lat,vietnam",513,387
"Tay Ninh,vietnam","Phan Rang,vietnam",516,426
"Tay Ninh,vietnam","Hon Quan,vietnam",145,103
"Tay Ninh,vietnam","Kon Tum,vietnam",771,624
"Tay Ninh,vietnam","Quang Ngai,vietnam",1020,760
"Tay Ninh,vietnam","Quang Tri,vietnam",881,874
"Tay Ninh,vietnam","Vung Tau,vietnam",259,183
"Tay Ninh,vietnam","Phan Thiet,vietnam",389,300
"Tay Ninh,vietnam","Long Xuyen,vietnam",372,221
"Tay Ninh,vietnam","Chau Doc,vietnam",385,225
"Tay Ninh,vietnam","Rach Gia,vietnam",441,338
"Tay Ninh,vietnam","Tan An,vietnam",164,118
"Tay Ninh,vietnam","My Tho,vietnam",181,137
"Tay Ninh,vietnam","Bac Lieu,vietnam",439,354
"Tay Ninh,vietnam","Ca Mau,vietnam",474,376
"Tay Ninh,vietnam","Soc Trang,vietnam",362,288
"Tay Ninh,vietnam","Ha Giang,vietnam",1842,1730
"Tay Ninh,vietnam","Thai Nguyen,vietnam",1530,1500
"Tay Ninh,vietnam","Thanh Hoa,vietnam",1315,1270
"Tay Ninh,vietnam","Nam Dinh,vietnam",1436,1363
"Tay Ninh,vietnam","Vinh,vietnam",1163,1134
"Tay Ninh,vietnam","Dong Hoi,vietnam",994,975
"Tay Ninh,vietnam","Play Ku,vietnam",660,534
"Tay Ninh,vietnam","Nha Trang,vietnam",626,521
"Tay Ninh,vietnam","Cam Ranh,vietnam",572,477
"Tay Ninh,vietnam","Qui Nhon,vietnam",830,616
"Tay Ninh,vietnam","Hue,vietnam",1196,962
"Tay Ninh,vietnam","Bien Hoa,vietnam",163,111
"Tay Ninh,vietnam","Can Tho,vietnam",305,237
"Tay Ninh,vietnam","Haiphong,vietnam",1549,1488
"Tay Ninh,vietnam","Da Nang,vietnam",1091,873
"Tay Ninh,vietnam","Hanoi,vietnam",1485,1430
"Tay Ninh,vietnam","Ho Chi Minh City,vietnam",135,90
"Luan Chau,vietnam","Bac Kan,vietnam",226,210
"Luan Chau,vietnam","Lang Son,vietnam",211,180
"Luan Chau,vietnam","Son La,vietnam",607,430
"Luan Chau,vietnam","Tuyen Quang,vietnam",303,271
"Luan Chau,vietnam","Yen Bai,vietnam",335,297
"Luan Chau,vietnam","Hai Duong,vietnam",62,53
"Luan Chau,vietnam","Thai Binh,vietnam",107,76
"Luan Chau,vietnam","Tuy Hoa,vietnam",1296,1164
"Luan Chau,vietnam","Thu Dau Mot,vietnam",1512,1447
"Luan Chau,vietnam","Dong Ha,vietnam",652,591
"Luan Chau,vietnam","Cao Lanh,vietnam",1720,1569
"Luan Chau,vietnam","Truc Giang,vietnam",1760,1609
"Luan Chau,vietnam","Tra Vinh,vietnam",1849,1672
"Luan Chau,vietnam","Vinh Long,vietnam",1792,1637
"Luan Chau,vietnam","Cao Bang,vietnam",381,307
"Luan Chau,vietnam","Hong Gai,vietnam",169,146
"Luan Chau,vietnam","Cam Pha,vietnam",237,181
"Luan Chau,vietnam","Lao Chi,vietnam",273,320
"Luan Chau,vietnam","Hoa Binh,vietnam",181,133
"Luan Chau,vietnam","Son Tay,vietnam",112,89
"Luan Chau,vietnam","Ninh Binh,vietnam",86,83
"Luan Chau,vietnam","Viet Tri,vietnam",125,134
"Luan Chau,vietnam","Bac Giang,vietnam",209,142
"Luan Chau,vietnam","Ha Tinh,vietnam",396,352
"Luan Chau,vietnam","Buon Me Thuot,vietnam",1483,1267
"Luan Chau,vietnam","Da Lat,vietnam",1599,1408
"Luan Chau,vietnam","Phan Rang,vietnam",1530,1375
"Luan Chau,vietnam","Hon Quan,vietnam",1430,1379
"Luan Chau,vietnam","Kon Tum,vietnam",1142,997
"Luan Chau,vietnam","Quang Ngai,vietnam",1013,915
"Luan Chau,vietnam","Quang Tri,vietnam",653,592
"Luan Chau,vietnam","Vung Tau,vietnam",1865,1672
"Luan Chau,vietnam","Phan Thiet,vietnam",1663,1504
"Luan Chau,vietnam","Long Xuyen,vietnam",1808,1677
"Luan Chau,vietnam","Chau Doc,vietnam",1723,1621
"Luan Chau,vietnam","Rach Gia,vietnam",1885,1732
"Luan Chau,vietnam","Tan An,vietnam",1949,1753
"Luan Chau,vietnam","My Tho,vietnam",1732,1592
"Luan Chau,vietnam","Bac Lieu,vietnam",1942,1769
"Luan Chau,vietnam","Ca Mau,vietnam",1977,1791
"Luan Chau,vietnam","Soc Trang,vietnam",1864,1703
"Luan Chau,vietnam","Ha Giang,vietnam",416,359
"Luan Chau,vietnam","Thai Nguyen,vietnam",98,106
"Luan Chau,vietnam","Thanh Hoa,vietnam",163,149
"Luan Chau,vietnam","Nam Dinh,vietnam",86,73
"Luan Chau,vietnam","Vinh,vietnam",326,286
"Luan Chau,vietnam","Dong Hoi,vietnam",546,492
"Luan Chau,vietnam","Play Ku,vietnam",1254,1087
"Luan Chau,vietnam","Nha Trang,vietnam",1431,1281
"Luan Chau,vietnam","Cam Ranh,vietnam",1473,1323
"Luan Chau,vietnam","Qui Nhon,vietnam",1192,1069
"Luan Chau,vietnam","Hue,vietnam",731,658
"Luan Chau,vietnam","Bien Hoa,vietnam",1896,1597
"Luan Chau,vietnam","Can Tho,vietnam",1808,1652
"Luan Chau,vietnam","Haiphong,vietnam",93,98
"Luan Chau,vietnam","Da Nang,vietnam",844,757
"Luan Chau,vietnam","Hanoi,vietnam",72,42
"Luan Chau,vietnam","Ho Chi Minh City,vietnam",1565,1472
"Bac Kan,vietnam","Lang Son,vietnam",308,181
"Bac Kan,vietnam","Son La,vietnam",716,522
"Bac Kan,vietnam","Tuyen Quang,vietnam",179,113
"Bac Kan,vietnam","Yen Bai,vietnam",432,371
"Bac Kan,vietnam","Hai Duong,vietnam",237,238
"Bac Kan,vietnam","Thai Binh,vietnam",286,274
"Bac Kan,vietnam","Tuy Hoa,vietnam",1479,1353
"Bac Kan,vietnam","Thu Dau Mot,vietnam",1695,1636
"Bac Kan,vietnam","Dong Ha,vietnam",835,779
"Bac Kan,vietnam","Cao Lanh,vietnam",1903,1757
"Bac Kan,vietnam","Truc Giang,vietnam",1943,1797
"Bac Kan,vietnam","Tra Vinh,vietnam",2032,1860
"Bac Kan,vietnam","Vinh Long,vietnam",1975,1826
"Bac Kan,vietnam","Cao Bang,vietnam",169,103
"Bac Kan,vietnam","Hong Gai,vietnam",343,286
"Bac Kan,vietnam","Cam Pha,vietnam",410,320
"Bac Kan,vietnam","Lao Chi,vietnam",370,394
"Bac Kan,vietnam","Hoa Binh,vietnam",323,281
"Bac Kan,vietnam","Son Tay,vietnam",242,208
"Bac Kan,vietnam","Ninh Binh,vietnam",269,272
"Bac Kan,vietnam","Viet Tri,vietnam",223,208
"Bac Kan,vietnam","Bac Giang,vietnam",324,251
"Bac Kan,vietnam","Ha Tinh,vietnam",579,540
"Bac Kan,vietnam","Buon Me Thuot,vietnam",1666,1456
"Bac Kan,vietnam","Da Lat,vietnam",1782,1597
"Bac Kan,vietnam","Phan Rang,vietnam",1713,1564
"Bac Kan,vietnam","Hon Quan,vietnam",1613,1568
"Bac Kan,vietnam","Kon Tum,vietnam",1325,1186
"Bac Kan,vietnam","Quang Ngai,vietnam",1196,1103
"Bac Kan,vietnam","Quang Tri,vietnam",836,781
"Bac Kan,vietnam","Vung Tau,vietnam",2048,1861
"Bac Kan,vietnam","Phan Thiet,vietnam",1846,1693
"Bac Kan,vietnam","Long Xuyen,vietnam",1990,1865
"Bac Kan,vietnam","Chau Doc,vietnam",1906,1810
"Bac Kan,vietnam","Rach Gia,vietnam",2068,1921
"Bac Kan,vietnam","Tan An,vietnam",2132,1942
"Bac Kan,vietnam","My Tho,vietnam",1915,1781
"Bac Kan,vietnam","Bac Lieu,vietnam",2125,1958
"Bac Kan,vietnam","Ca Mau,vietnam",2160,1979
"Bac Kan,vietnam","Soc Trang,vietnam",2047,1892
"Bac Kan,vietnam","Ha Giang,vietnam",409,268
"Bac Kan,vietnam","Thai Nguyen,vietnam",128,105
"Bac Kan,vietnam","Thanh Hoa,vietnam",346,338
"Bac Kan,vietnam","Nam Dinh,vietnam",269,262
"Bac Kan,vietnam","Vinh,vietnam",509,475
"Bac Kan,vietnam","Dong Hoi,vietnam",729,681
"Bac Kan,vietnam","Play Ku,vietnam",1437,1276
"Bac Kan,vietnam","Nha Trang,vietnam",1614,1470
"Bac Kan,vietnam","Cam Ranh,vietnam",1656,1512
"Bac Kan,vietnam","Qui Nhon,vietnam",1375,1258
"Bac Kan,vietnam","Hue,vietnam",914,847
"Bac Kan,vietnam","Bien Hoa,vietnam",2079,1786
"Bac Kan,vietnam","Can Tho,vietnam",1991,1840
"Bac Kan,vietnam","Haiphong,vietnam",269,283
"Bac Kan,vietnam","Da Nang,vietnam",1027,946
"Bac Kan,vietnam","Hanoi,vietnam",210,186
"Bac Kan,vietnam","Ho Chi Minh City,vietnam",1748,1661
"Lang Son,vietnam","Son La,vietnam",716,524
"Lang Son,vietnam","Tuyen Quang,vietnam",400,348
"Lang Son,vietnam","Yen Bai,vietnam",433,374
"Lang Son,vietnam","Hai Duong,vietnam",214,155
"Lang Son,vietnam","Thai Binh,vietnam",273,244
"Lang Son,vietnam","Tuy Hoa,vietnam",1465,1323
"Lang Son,vietnam","Thu Dau Mot,vietnam",1681,1606
"Lang Son,vietnam","Dong Ha,vietnam",821,750
"Lang Son,vietnam","Cao Lanh,vietnam",1889,1727
"Lang Son,vietnam","Truc Giang,vietnam",1929,1768
"Lang Son,vietnam","Tra Vinh,vietnam",2018,1831
"Lang Son,vietnam","Vinh Long,vietnam",1961,1796
"Lang Son,vietnam","Cao Bang,vietnam",200,127
"Lang Son,vietnam","Hong Gai,vietnam",233,172
"Lang Son,vietnam","Cam Pha,vietnam",170,130
"Lang Son,vietnam","Lao Chi,vietnam",370,397
"Lang Son,vietnam","Hoa Binh,vietnam",309,251
"Lang Son,vietnam","Son Tay,vietnam",241,207
"Lang Son,vietnam","Ninh Binh,vietnam",256,242
"Lang Son,vietnam","Viet Tri,vietnam",223,211
"Lang Son,vietnam","Bac Giang,vietnam",142,95
"Lang Son,vietnam","Ha Tinh,vietnam",565,511
"Lang Son,vietnam","Buon Me Thuot,vietnam",1652,1426
"Lang Son,vietnam","Da Lat,vietnam",1768,1567
"Lang Son,vietnam","Phan Rang,vietnam",1699,1534
"Lang Son,vietnam","Hon Quan,vietnam",1599,1538
"Lang Son,vietnam","Kon Tum,vietnam",1311,1156
"Lang Son,vietnam","Quang Ngai,vietnam",1182,1073
"Lang Son,vietnam","Quang Tri,vietnam",822,751
"Lang Son,vietnam","Vung Tau,vietnam",2034,1831
"Lang Son,vietnam","Phan Thiet,vietnam",1832,1663
"Lang Son,vietnam","Long Xuyen,vietnam",1977,1835
"Lang Son,vietnam","Chau Doc,vietnam",1892,1780
"Lang Son,vietnam","Rach Gia,vietnam",2054,1891
"Lang Son,vietnam","Tan An,vietnam",2118,1912
"Lang Son,vietnam","My Tho,vietnam",1901,1751
"Lang Son,vietnam","Bac Lieu,vietnam",2111,1928
"Lang Son,vietnam","Ca Mau,vietnam",2146,1949
"Lang Son,vietnam","Soc Trang,vietnam",2034,1862
"Lang Son,vietnam","Ha Giang,vietnam",513,436
"Lang Son,vietnam","Thai Nguyen,vietnam",199,185
"Lang Son,vietnam","Thanh Hoa,vietnam",332,308
"Lang Son,vietnam","Nam Dinh,vietnam",255,232
"Lang Son,vietnam","Vinh,vietnam",495,445
"Lang Son,vietnam","Dong Hoi,vietnam",716,651
"Lang Son,vietnam","Play Ku,vietnam",1423,1246
"Lang Son,vietnam","Nha Trang,vietnam",1600,1440
"Lang Son,vietnam","Cam Ranh,vietnam",1643,1482
"Lang Son,vietnam","Qui Nhon,vietnam",1362,1228
"Lang Son,vietnam","Hue,vietnam",900,817
"Lang Son,vietnam","Bien Hoa,vietnam",2065,1756
"Lang Son,vietnam","Can Tho,vietnam",1977,1811
"Lang Son,vietnam","Haiphong,vietnam",255,253
"Lang Son,vietnam","Da Nang,vietnam",1013,916
"Lang Son,vietnam","Hanoi,vietnam",200,159
"Lang Son,vietnam","Ho Chi Minh City,vietnam",1734,1631
"Son La,vietnam","Tuyen Quang,vietnam",638,428
"Son La,vietnam","Yen Bai,vietnam",454,257
"Son La,vietnam","Hai Duong,vietnam",613,461
"Son La,vietnam","Thai Binh,vietnam",635,446
"Son La,vietnam","Tuy Hoa,vietnam",1708,1432
"Son La,vietnam","Thu Dau Mot,vietnam",1907,1663
"Son La,vietnam","Dong Ha,vietnam",1064,859
"Son La,vietnam","Cao Lanh,vietnam",2115,1784
"Son La,vietnam","Truc Giang,vietnam",2155,1825
"Son La,vietnam","Tra Vinh,vietnam",2244,1887
"Son La,vietnam","Vinh Long,vietnam",2187,1853
"Son La,vietnam","Cao Bang,vietnam",868,630
"Son La,vietnam","Hong Gai,vietnam",720,554
"Son La,vietnam","Cam Pha,vietnam",788,588
"Son La,vietnam","Lao Chi,vietnam",556,334
"Son La,vietnam","Hoa Binh,vietnam",421,295
"Son La,vietnam","Son Tay,vietnam",506,325
"Son La,vietnam","Ninh Binh,vietnam",551,382
"Son La,vietnam","Viet Tri,vietnam",489,312
"Son La,vietnam","Bac Giang,vietnam",711,483
"Son La,vietnam","Ha Tinh,vietnam",808,620
"Son La,vietnam","Buon Me Thuot,vietnam",1895,1536
"Son La,vietnam","Da Lat,vietnam",2011,1677
"Son La,vietnam","Phan Rang,vietnam",1942,1644
"Son La,vietnam","Hon Quan,vietnam",1825,1595
"Son La,vietnam","Kon Tum,vietnam",1554,1265
"Son La,vietnam","Quang Ngai,vietnam",1425,1183
"Son La,vietnam","Quang Tri,vietnam",1065,861
"Son La,vietnam","Vung Tau,vietnam",2277,1941
"Son La,vietnam","Phan Thiet,vietnam",2075,1773
"Son La,vietnam","Long Xuyen,vietnam",2070,1744
"Son La,vietnam","Chau Doc,vietnam",1986,1689
"Son La,vietnam","Rach Gia,vietnam",2148,1800
"Son La,vietnam","Tan An,vietnam",2012,1734
"Son La,vietnam","My Tho,vietnam",2127,1808
"Son La,vietnam","Bac Lieu,vietnam",2337,1985
"Son La,vietnam","Ca Mau,vietnam",2372,2006
"Son La,vietnam","Soc Trang,vietnam",2259,1919
"Son La,vietnam","Ha Giang,vietnam",751,516
"Son La,vietnam","Thai Nguyen,vietnam",585,429
"Son La,vietnam","Thanh Hoa,vietnam",599,420
"Son La,vietnam","Nam Dinh,vietnam",590,413
"Son La,vietnam","Vinh,vietnam",738,555
"Son La,vietnam","Dong Hoi,vietnam",959,761
"Son La,vietnam","Play Ku,vietnam",1666,1356
"Son La,vietnam","Nha Trang,vietnam",1843,1550
"Son La,vietnam","Cam Ranh,vietnam",1885,1592
"Son La,vietnam","Qui Nhon,vietnam",1605,1338
"Son La,vietnam","Hue,vietnam",1143,927
"Son La,vietnam","Bien Hoa,vietnam",1949,1682
"Son La,vietnam","Can Tho,vietnam",2203,1867
"Son La,vietnam","Haiphong,vietnam",644,505
"Son La,vietnam","Da Nang,vietnam",1256,1026
"Son La,vietnam","Hanoi,vietnam",557,388
"Son La,vietnam","Ho Chi Minh City,vietnam",1960,1688
"Tuyen Quang,vietnam","Yen Bai,vietnam",342,219
"Tuyen Quang,vietnam","Hai Duong,vietnam",317,298
"Tuyen Quang,vietnam","Thai Binh,vietnam",366,334
"Tuyen Quang,vietnam","Tuy Hoa,vietnam",1553,1390
"Tuyen Quang,vietnam","Thu Dau Mot,vietnam",1769,1674
"Tuyen Quang,vietnam","Dong Ha,vietnam",909,817
"Tuyen Quang,vietnam","Cao Lanh,vietnam",1977,1795
"Tuyen Quang,vietnam","Truc Giang,vietnam",2017,1835
"Tuyen Quang,vietnam","Tra Vinh,vietnam",2106,1898
"Tuyen Quang,vietnam","Vinh Long,vietnam",2049,1863
"Tuyen Quang,vietnam","Cao Bang,vietnam",333,210
"Tuyen Quang,vietnam","Hong Gai,vietnam",420,343
"Tuyen Quang,vietnam","Cam Pha,vietnam",487,378
"Tuyen Quang,vietnam","Lao Chi,vietnam",296,205
"Tuyen Quang,vietnam","Hoa Binh,vietnam",311,224
"Tuyen Quang,vietnam","Son Tay,vietnam",237,172
"Tuyen Quang,vietnam","Ninh Binh,vietnam",343,310
"Tuyen Quang,vietnam","Viet Tri,vietnam",191,135
"Tuyen Quang,vietnam","Bac Giang,vietnam",401,309
"Tuyen Quang,vietnam","Ha Tinh,vietnam",653,578
"Tuyen Quang,vietnam","Buon Me Thuot,vietnam",1740,1494
"Tuyen Quang,vietnam","Da Lat,vietnam",1856,1634
"Tuyen Quang,vietnam","Phan Rang,vietnam",1787,1602
"Tuyen Quang,vietnam","Hon Quan,vietnam",1687,1606
"Tuyen Quang,vietnam","Kon Tum,vietnam",1399,1223
"Tuyen Quang,vietnam","Quang Ngai,vietnam",1270,1141
"Tuyen Quang,vietnam","Quang Tri,vietnam",910,819
"Tuyen Quang,vietnam","Vung Tau,vietnam",2122,1898
"Tuyen Quang,vietnam","Phan Thiet,vietnam",1920,1731
"Tuyen Quang,vietnam","Long Xuyen,vietnam",2065,1903
"Tuyen Quang,vietnam","Chau Doc,vietnam",1980,1848
"Tuyen Quang,vietnam","Rach Gia,vietnam",2142,1959
"Tuyen Quang,vietnam","Tan An,vietnam",2206,1980
"Tuyen Quang,vietnam","My Tho,vietnam",1989,1818
"Tuyen Quang,vietnam","Bac Lieu,vietnam",2199,1995
"Tuyen Quang,vietnam","Ca Mau,vietnam",2234,2017
"Tuyen Quang,vietnam","Soc Trang,vietnam",2121,1929
"Tuyen Quang,vietnam","Ha Giang,vietnam",230,155
"Tuyen Quang,vietnam","Thai Nguyen,vietnam",216,132
"Tuyen Quang,vietnam","Thanh Hoa,vietnam",420,375
"Tuyen Quang,vietnam","Nam Dinh,vietnam",343,300
"Tuyen Quang,vietnam","Vinh,vietnam",583,512
"Tuyen Quang,vietnam","Dong Hoi,vietnam",804,719
"Tuyen Quang,vietnam","Play Ku,vietnam",1511,1313
"Tuyen Quang,vietnam","Nha Trang,vietnam",1688,1507
"Tuyen Quang,vietnam","Cam Ranh,vietnam",1730,1549
"Tuyen Quang,vietnam","Qui Nhon,vietnam",1450,1296
"Tuyen Quang,vietnam","Hue,vietnam",988,885
"Tuyen Quang,vietnam","Bien Hoa,vietnam",2153,1823
"Tuyen Quang,vietnam","Can Tho,vietnam",2065,1878
"Tuyen Quang,vietnam","Haiphong,vietnam",349,343
"Tuyen Quang,vietnam","Da Nang,vietnam",1101,983
"Tuyen Quang,vietnam","Hanoi,vietnam",269,218
"Tuyen Quang,vietnam","Ho Chi Minh City,vietnam",1822,1698
"Yen Bai,vietnam","Hai Duong,vietnam",346,325
"Yen Bai,vietnam","Thai Binh,vietnam",395,361
"Yen Bai,vietnam","Tuy Hoa,vietnam",1582,1417
"Yen Bai,vietnam","Thu Dau Mot,vietnam",1799,1642
"Yen Bai,vietnam","Dong Ha,vietnam",938,844
"Yen Bai,vietnam","Cao Lanh,vietnam",2007,1763
"Yen Bai,vietnam","Truc Giang,vietnam",2047,1803
"Yen Bai,vietnam","Tra Vinh,vietnam",2136,1866
"Yen Bai,vietnam","Vinh Long,vietnam",2079,1831
"Yen Bai,vietnam","Cao Bang,vietnam",588,482
"Yen Bai,vietnam","Hong Gai,vietnam",448,370
"Yen Bai,vietnam","Cam Pha,vietnam",516,404
"Yen Bai,vietnam","Lao Chi,vietnam",242,157
"Yen Bai,vietnam","Hoa Binh,vietnam",283,193
"Yen Bai,vietnam","Son Tay,vietnam",246,167
"Yen Bai,vietnam","Ninh Binh,vietnam",372,336
"Yen Bai,vietnam","Viet Tri,vietnam",219,167
"Yen Bai,vietnam","Bac Giang,vietnam",430,335
"Yen Bai,vietnam","Ha Tinh,vietnam",682,605
"Yen Bai,vietnam","Buon Me Thuot,vietnam",1769,1520
"Yen Bai,vietnam","Da Lat,vietnam",1885,1661
"Yen Bai,vietnam","Phan Rang,vietnam",1816,1628
"Yen Bai,vietnam","Hon Quan,vietnam",1717,1574
"Yen Bai,vietnam","Kon Tum,vietnam",1428,1250
"Yen Bai,vietnam","Quang Ngai,vietnam",1299,1168
"Yen Bai,vietnam","Quang Tri,vietnam",939,845
"Yen Bai,vietnam","Vung Tau,vietnam",2151,1925
"Yen Bai,vietnam","Phan Thiet,vietnam",1949,1757
"Yen Bai,vietnam","Long Xuyen,vietnam",2095,1871
"Yen Bai,vietnam","Chau Doc,vietnam",2010,1816
"Yen Bai,vietnam","Rach Gia,vietnam",2172,1927
"Yen Bai,vietnam","Tan An,vietnam",1904,1712
"Yen Bai,vietnam","My Tho,vietnam",2019,1786
"Yen Bai,vietnam","Bac Lieu,vietnam",2229,1963
"Yen Bai,vietnam","Ca Mau,vietnam",2264,1985
"Yen Bai,vietnam","Soc Trang,vietnam",2151,1897
"Yen Bai,vietnam","Ha Giang,vietnam",453,307
"Yen Bai,vietnam","Thai Nguyen,vietnam",305,281
"Yen Bai,vietnam","Thanh Hoa,vietnam",449,402
"Yen Bai,vietnam","Nam Dinh,vietnam",372,326
"Yen Bai,vietnam","Vinh,vietnam",612,539
"Yen Bai,vietnam","Dong Hoi,vietnam",832,745
"Yen Bai,vietnam","Play Ku,vietnam",1540,1340
"Yen Bai,vietnam","Nha Trang,vietnam",1717,1534
"Yen Bai,vietnam","Cam Ranh,vietnam",1759,1576
"Yen Bai,vietnam","Qui Nhon,vietnam",1478,1322
"Yen Bai,vietnam","Hue,vietnam",1017,911
"Yen Bai,vietnam","Bien Hoa,vietnam",1841,1661
"Yen Bai,vietnam","Can Tho,vietnam",2095,1846
"Yen Bai,vietnam","Haiphong,vietnam",378,370
"Yen Bai,vietnam","Da Nang,vietnam",1130,1010
"Yen Bai,vietnam","Hanoi,vietnam",298,244
"Yen Bai,vietnam","Ho Chi Minh City,vietnam",1852,1666
"Hai Duong,vietnam","Thai Binh,vietnam",85,58
"Hai Duong,vietnam","Tuy Hoa,vietnam",1335,1188
"Hai Duong,vietnam","Thu Dau Mot,vietnam",1551,1472
"Hai Duong,vietnam","Dong Ha,vietnam",691,615
"Hai Duong,vietnam","Cao Lanh,vietnam",1759,1593
"Hai Duong,vietnam","Truc Giang,vietnam",1799,1633
"Hai Duong,vietnam","Tra Vinh,vietnam",1887,1696
"Hai Duong,vietnam","Vinh Long,vietnam",1830,1662
"Hai Duong,vietnam","Cao Bang,vietnam",394,334
"Hai Duong,vietnam","Hong Gai,vietnam",132,94
"Hai Duong,vietnam","Cam Pha,vietnam",199,128
"Hai Duong,vietnam","Lao Chi,vietnam",286,348
"Hai Duong,vietnam","Hoa Binh,vietnam",193,167
"Hai Duong,vietnam","Son Tay,vietnam",125,123
"Hai Duong,vietnam","Ninh Binh,vietnam",125,108
"Hai Duong,vietnam","Viet Tri,vietnam",139,161
"Hai Duong,vietnam","Bac Giang,vietnam",179,93
"Hai Duong,vietnam","Ha Tinh,vietnam",435,376
"Hai Duong,vietnam","Buon Me Thuot,vietnam",1522,1292
"Hai Duong,vietnam","Da Lat,vietnam",1638,1432
"Hai Duong,vietnam","Phan Rang,vietnam",1569,1400
"Hai Duong,vietnam","Hon Quan,vietnam",1468,1404
"Hai Duong,vietnam","Kon Tum,vietnam",1181,1021
"Hai Duong,vietnam","Quang Ngai,vietnam",1052,939
"Hai Duong,vietnam","Quang Tri,vietnam",692,617
"Hai Duong,vietnam","Vung Tau,vietnam",1904,1696
"Hai Duong,vietnam","Phan Thiet,vietnam",1702,1529
"Hai Duong,vietnam","Long Xuyen,vietnam",1846,1701
"Hai Duong,vietnam","Chau Doc,vietnam",1762,1646
"Hai Duong,vietnam","Rach Gia,vietnam",1923,1757
"Hai Duong,vietnam","Tan An,vietnam",1988,1778
"Hai Duong,vietnam","My Tho,vietnam",1771,1616
"Hai Duong,vietnam","Bac Lieu,vietnam",1981,1793
"Hai Duong,vietnam","Ca Mau,vietnam",2016,1815
"Hai Duong,vietnam","Soc Trang,vietnam",1903,1727
"Hai Duong,vietnam","Ha Giang,vietnam",429,386
"Hai Duong,vietnam","Thai Nguyen,vietnam",111,133
"Hai Duong,vietnam","Thanh Hoa,vietnam",202,173
"Hai Duong,vietnam","Nam Dinh,vietnam",116,83
"Hai Duong,vietnam","Vinh,vietnam",365,310
"Hai Duong,vietnam","Dong Hoi,vietnam",585,517
"Hai Duong,vietnam","Play Ku,vietnam",1293,1111
"Hai Duong,vietnam","Nha Trang,vietnam",1470,1306
"Hai Duong,vietnam","Cam Ranh,vietnam",1512,1347
"Hai Duong,vietnam","Qui Nhon,vietnam",1231,1094
"Hai Duong,vietnam","Hue,vietnam",770,683
"Hai Duong,vietnam","Bien Hoa,vietnam",1935,1621
"Hai Duong,vietnam","Can Tho,vietnam",1847,1676
"Hai Duong,vietnam","Haiphong,vietnam",74,47
"Hai Duong,vietnam","Da Nang,vietnam",883,782
"Hai Duong,vietnam","Hanoi,vietnam",84,75
"Hai Duong,vietnam","Ho Chi Minh City,vietnam",1604,1496
"Thai Binh,vietnam","Tuy Hoa,vietnam",1304,1143
"Thai Binh,vietnam","Thu Dau Mot,vietnam",1520,1427
"Thai Binh,vietnam","Dong Ha,vietnam",660,570
"Thai Binh,vietnam","Cao Lanh,vietnam",1728,1548
"Thai Binh,vietnam","Truc Giang,vietnam",1768,1588
"Thai Binh,vietnam","Tra Vinh,vietnam",1857,1651
"Thai Binh,vietnam","Vinh Long,vietnam",1800,1616
"Thai Binh,vietnam","Cao Bang,vietnam",445,371
"Thai Binh,vietnam","Hong Gai,vietnam",173,122
"Thai Binh,vietnam","Cam Pha,vietnam",240,157
"Thai Binh,vietnam","Lao Chi,vietnam",336,384
"Thai Binh,vietnam","Hoa Binh,vietnam",226,165
"Thai Binh,vietnam","Son Tay,vietnam",175,159
"Thai Binh,vietnam","Ninh Binh,vietnam",92,65
"Thai Binh,vietnam","Viet Tri,vietnam",189,198
"Thai Binh,vietnam","Bac Giang,vietnam",259,150
"Thai Binh,vietnam","Ha Tinh,vietnam",404,331
"Thai Binh,vietnam","Buon Me Thuot,vietnam",1491,1247
"Thai Binh,vietnam","Da Lat,vietnam",1607,1387
"Thai Binh,vietnam","Phan Rang,vietnam",1538,1355
"Thai Binh,vietnam","Hon Quan,vietnam",1438,1359
"Thai Binh,vietnam","Kon Tum,vietnam",1150,976
"Thai Binh,vietnam","Quang Ngai,vietnam",1021,894
"Thai Binh,vietnam","Quang Tri,vietnam",661,572
"Thai Binh,vietnam","Vung Tau,vietnam",1873,1651
"Thai Binh,vietnam","Phan Thiet,vietnam",1671,1484
"Thai Binh,vietnam","Long Xuyen,vietnam",1815,1656
"Thai Binh,vietnam","Chau Doc,vietnam",1731,1601
"Thai Binh,vietnam","Rach Gia,vietnam",1893,1712
"Thai Binh,vietnam","Tan An,vietnam",1957,1733
"Thai Binh,vietnam","My Tho,vietnam",1740,1571
"Thai Binh,vietnam","Bac Lieu,vietnam",1950,1748
"Thai Binh,vietnam","Ca Mau,vietnam",1985,1770
"Thai Binh,vietnam","Soc Trang,vietnam",1872,1682
"Thai Binh,vietnam","Ha Giang,vietnam",479,423
"Thai Binh,vietnam","Thai Nguyen,vietnam",162,170
"Thai Binh,vietnam","Thanh Hoa,vietnam",171,128
"Thai Binh,vietnam","Nam Dinh,vietnam",48,34
"Thai Binh,vietnam","Vinh,vietnam",334,265
"Thai Binh,vietnam","Dong Hoi,vietnam",554,472
"Thai Binh,vietnam","Play Ku,vietnam",1262,1066
"Thai Binh,vietnam","Nha Trang,vietnam",1439,1260
"Thai Binh,vietnam","Cam Ranh,vietnam",1481,1302
"Thai Binh,vietnam","Qui Nhon,vietnam",1200,1049
"Thai Binh,vietnam","Hue,vietnam",739,638
"Thai Binh,vietnam","Bien Hoa,vietnam",1904,1576
"Thai Binh,vietnam","Can Tho,vietnam",1816,1631
"Thai Binh,vietnam","Haiphong,vietnam",101,76
"Thai Binh,vietnam","Da Nang,vietnam",852,736
"Thai Binh,vietnam","Hanoi,vietnam",135,112
"Thai Binh,vietnam","Ho Chi Minh City,vietnam",1573,1451
"Tuy Hoa,vietnam","Thu Dau Mot,vietnam",640,542
"Tuy Hoa,vietnam","Dong Ha,vietnam",659,576
"Tuy Hoa,vietnam","Cao Lanh,vietnam",779,683
"Tuy Hoa,vietnam","Truc Giang,vietnam",700,624
"Tuy Hoa,vietnam","Tra Vinh,vietnam",788,687
"Tuy Hoa,vietnam","Vinh Long,vietnam",780,693
"Tuy Hoa,vietnam","Cao Bang,vietnam",1644,1449
"Tuy Hoa,vietnam","Hong Gai,vietnam",1455,1284
"Tuy Hoa,vietnam","Cam Pha,vietnam",1523,1318
"Tuy Hoa,vietnam","Lao Chi,vietnam",1530,1439
"Tuy Hoa,vietnam","Hoa Binh,vietnam",1317,1157
"Tuy Hoa,vietnam","Son Tay,vietnam",1352,1218
"Tuy Hoa,vietnam","Ninh Binh,vietnam",1221,1078
"Tuy Hoa,vietnam","Viet Tri,vietnam",1382,1252
"Tuy Hoa,vietnam","Bac Giang,vietnam",1472,1283
"Tuy Hoa,vietnam","Ha Tinh,vietnam",948,847
"Tuy Hoa,vietnam","Buon Me Thuot,vietnam",303,192
"Tuy Hoa,vietnam","Da Lat,vietnam",311,244
"Tuy Hoa,vietnam","Phan Rang,vietnam",242,211
"Tuy Hoa,vietnam","Hon Quan,vietnam",651,469
"Tuy Hoa,vietnam","Kon Tum,vietnam",413,311
"Tuy Hoa,vietnam","Quang Ngai,vietnam",349,281
"Tuy Hoa,vietnam","Quang Tri,vietnam",671,590
"Tuy Hoa,vietnam","Vung Tau,vietnam",576,508
"Tuy Hoa,vietnam","Phan Thiet,vietnam",374,340
"Tuy Hoa,vietnam","Long Xuyen,vietnam",857,724
"Tuy Hoa,vietnam","Chau Doc,vietnam",929,750
"Tuy Hoa,vietnam","Rach Gia,vietnam",932,809
"Tuy Hoa,vietnam","Tan An,vietnam",661,589
"Tuy Hoa,vietnam","My Tho,vietnam",672,607
"Tuy Hoa,vietnam","Bac Lieu,vietnam",930,825
"Tuy Hoa,vietnam","Ca Mau,vietnam",965,847
"Tuy Hoa,vietnam","Soc Trang,vietnam",852,759
"Tuy Hoa,vietnam","Ha Giang,vietnam",1673,1477
"Tuy Hoa,vietnam","Thai Nguyen,vietnam",1361,1248
"Tuy Hoa,vietnam","Thanh Hoa,vietnam",1146,1018
"Tuy Hoa,vietnam","Nam Dinh,vietnam",1267,1110
"Tuy Hoa,vietnam","Vinh,vietnam",981,872
"Tuy Hoa,vietnam","Dong Hoi,vietnam",756,673
"Tuy Hoa,vietnam","Play Ku,vietnam",303,221
"Tuy Hoa,vietnam","Nha Trang,vietnam",143,117
"Tuy Hoa,vietnam","Cam Ranh,vietnam",185,159
"Tuy Hoa,vietnam","Qui Nhon,vietnam",116,95
"Tuy Hoa,vietnam","Hue,vietnam",586,504
"Tuy Hoa,vietnam","Bien Hoa,vietnam",604,514
"Tuy Hoa,vietnam","Can Tho,vietnam",796,708
"Tuy Hoa,vietnam","Haiphong,vietnam",1379,1235
"Tuy Hoa,vietnam","Da Nang,vietnam",480,416
"Tuy Hoa,vietnam","Hanoi,vietnam",1316,1178
"Tuy Hoa,vietnam","Ho Chi Minh City,vietnam",623,550
"Thu Dau Mot,vietnam","Dong Ha,vietnam",1219,993
"Thu Dau Mot,vietnam","Cao Lanh,vietnam",210,151
"Thu Dau Mot,vietnam","Truc Giang,vietnam",146,106
"Thu Dau Mot,vietnam","Tra Vinh,vietnam",235,169
"Thu Dau Mot,vietnam","Vinh Long,vietnam",226,175
"Thu Dau Mot,vietnam","Cao Bang,vietnam",2204,1866
"Thu Dau Mot,vietnam","Hong Gai,vietnam",2015,1701
"Thu Dau Mot,vietnam","Cam Pha,vietnam",2083,1735
"Thu Dau Mot,vietnam","Lao Chi,vietnam",2089,1856
"Thu Dau Mot,vietnam","Hoa Binh,vietnam",1518,1448
"Thu Dau Mot,vietnam","Son Tay,vietnam",1911,1634
"Thu Dau Mot,vietnam","Ninh Binh,vietnam",1781,1495
"Thu Dau Mot,vietnam","Viet Tri,vietnam",1942,1669
"Thu Dau Mot,vietnam","Bac Giang,vietnam",2032,1700
"Thu Dau Mot,vietnam","Ha Tinh,vietnam",1508,1264
"Thu Dau Mot,vietnam","Buon Me Thuot,vietnam",382,310
"Thu Dau Mot,vietnam","Da Lat,vietnam",400,293
"Thu Dau Mot,vietnam","Phan Rang,vietnam",402,329
"Thu Dau Mot,vietnam","Hon Quan,vietnam",105,78
"Thu Dau Mot,vietnam","Kon Tum,vietnam",720,583
"Thu Dau Mot,vietnam","Quang Ngai,vietnam",970,719
"Thu Dau Mot,vietnam","Quang Tri,vietnam",1231,1007
"Thu Dau Mot,vietnam","Vung Tau,vietnam",145,103
"Thu Dau Mot,vietnam","Phan Thiet,vietnam",275,204
"Thu Dau Mot,vietnam","Long Xuyen,vietnam",304,206
"Thu Dau Mot,vietnam","Chau Doc,vietnam",360,218
"Thu Dau Mot,vietnam","Rach Gia,vietnam",378,290
"Thu Dau Mot,vietnam","Tan An,vietnam",107,71
"Thu Dau Mot,vietnam","My Tho,vietnam",118,89
"Thu Dau Mot,vietnam","Bac Lieu,vietnam",377,307
"Thu Dau Mot,vietnam","Ca Mau,vietnam",411,328
"Thu Dau Mot,vietnam","Soc Trang,vietnam",299,241
"Thu Dau Mot,vietnam","Ha Giang,vietnam",2232,1894
"Thu Dau Mot,vietnam","Thai Nguyen,vietnam",1921,1664
"Thu Dau Mot,vietnam","Thanh Hoa,vietnam",1705,1434
"Thu Dau Mot,vietnam","Nam Dinh,vietnam",1827,1527
"Thu Dau Mot,vietnam","Vinh,vietnam",1541,1289
"Thu Dau Mot,vietnam","Dong Hoi,vietnam",1316,1089
"Thu Dau Mot,vietnam","Play Ku,vietnam",609,493
"Thu Dau Mot,vietnam","Nha Trang,vietnam",511,425
"Thu Dau Mot,vietnam","Cam Ranh,vietnam",458,381
"Thu Dau Mot,vietnam","Qui Nhon,vietnam",753,636
"Thu Dau Mot,vietnam","Hue,vietnam",1146,921
"Thu Dau Mot,vietnam","Bien Hoa,vietnam",49,26
"Thu Dau Mot,vietnam","Can Tho,vietnam",242,190
"Thu Dau Mot,vietnam","Haiphong,vietnam",1939,1652
"Thu Dau Mot,vietnam","Da Nang,vietnam",1041,832
"Thu Dau Mot,vietnam","Hanoi,vietnam",1875,1594
"Thu Dau Mot,vietnam","Ho Chi Minh City,vietnam",55,25
"Dong Ha,vietnam","Cao Lanh,vietnam",1157,1043
"Dong Ha,vietnam","Truc Giang,vietnam",1349,1201
"Dong Ha,vietnam","Tra Vinh,vietnam",1437,1264
"Dong Ha,vietnam","Vinh Long,vietnam",1428,1270
"Dong Ha,vietnam","Cao Bang,vietnam",997,876
"Dong Ha,vietnam","Hong Gai,vietnam",809,711
"Dong Ha,vietnam","Cam Pha,vietnam",877,745
"Dong Ha,vietnam","Lao Chi,vietnam",883,866
"Dong Ha,vietnam","Hoa Binh,vietnam",671,585
"Dong Ha,vietnam","Son Tay,vietnam",705,645
"Dong Ha,vietnam","Ninh Binh,vietnam",575,505
"Dong Ha,vietnam","Viet Tri,vietnam",736,679
"Dong Ha,vietnam","Bac Giang,vietnam",825,710
"Dong Ha,vietnam","Ha Tinh,vietnam",302,274
"Dong Ha,vietnam","Buon Me Thuot,vietnam",843,680
"Dong Ha,vietnam","Da Lat,vietnam",960,821
"Dong Ha,vietnam","Phan Rang,vietnam",890,788
"Dong Ha,vietnam","Hon Quan,vietnam",1189,960
"Dong Ha,vietnam","Kon Tum,vietnam",502,410
"Dong Ha,vietnam","Quang Ngai,vietnam",374,327
"Dong Ha,vietnam","Quang Tri,vietnam",26,16
"Dong Ha,vietnam","Vung Tau,vietnam",1225,1085
"Dong Ha,vietnam","Phan Thiet,vietnam",1023,917
"Dong Ha,vietnam","Long Xuyen,vietnam",1244,1151
"Dong Ha,vietnam","Chau Doc,vietnam",1160,1096
"Dong Ha,vietnam","Rach Gia,vietnam",1322,1207
"Dong Ha,vietnam","Tan An,vietnam",1309,1166
"Dong Ha,vietnam","My Tho,vietnam",1321,1184
"Dong Ha,vietnam","Bac Lieu,vietnam",1579,1402
"Dong Ha,vietnam","Ca Mau,vietnam",1614,1423
"Dong Ha,vietnam","Soc Trang,vietnam",1501,1336
"Dong Ha,vietnam","Ha Giang,vietnam",1026,905
"Dong Ha,vietnam","Thai Nguyen,vietnam",714,675
"Dong Ha,vietnam","Thanh Hoa,vietnam",499,445
"Dong Ha,vietnam","Nam Dinh,vietnam",620,537
"Dong Ha,vietnam","Vinh,vietnam",334,299
"Dong Ha,vietnam","Dong Hoi,vietnam",110,100
"Dong Ha,vietnam","Play Ku,vietnam",614,500
"Dong Ha,vietnam","Nha Trang,vietnam",791,694
"Dong Ha,vietnam","Cam Ranh,vietnam",834,736
"Dong Ha,vietnam","Qui Nhon,vietnam",553,482
"Dong Ha,vietnam","Hue,vietnam",91,71
"Dong Ha,vietnam","Bien Hoa,vietnam",1256,1010
"Dong Ha,vietnam","Can Tho,vietnam",1445,1284
"Dong Ha,vietnam","Haiphong,vietnam",733,662
"Dong Ha,vietnam","Da Nang,vietnam",205,170
"Dong Ha,vietnam","Hanoi,vietnam",669,605
"Dong Ha,vietnam","Ho Chi Minh City,vietnam",1280,1020
"Cao Lanh,vietnam","Truc Giang,vietnam",151,108
"Cao Lanh,vietnam","Tra Vinh,vietnam",181,123
"Cao Lanh,vietnam","Vinh Long,vietnam",107,73
"Cao Lanh,vietnam","Cao Bang,vietnam",2071,1880
"Cao Lanh,vietnam","Hong Gai,vietnam",1882,1715
"Cao Lanh,vietnam","Cam Pha,vietnam",1950,1749
"Cao Lanh,vietnam","Lao Chi,vietnam",1956,1870
"Cao Lanh,vietnam","Hoa Binh,vietnam",1730,1596
"Cao Lanh,vietnam","Son Tay,vietnam",1778,1649
"Cao Lanh,vietnam","Ninh Binh,vietnam",1648,1509
"Cao Lanh,vietnam","Viet Tri,vietnam",1809,1683
"Cao Lanh,vietnam","Bac Giang,vietnam",1899,1714
"Cao Lanh,vietnam","Ha Tinh,vietnam",1382,1291
"Cao Lanh,vietnam","Buon Me Thuot,vietnam",593,462
"Cao Lanh,vietnam","Da Lat,vietnam",548,441
"Cao Lanh,vietnam","Phan Rang,vietnam",542,470
"Cao Lanh,vietnam","Hon Quan,vietnam",303,232
"Cao Lanh,vietnam","Kon Tum,vietnam",931,735
"Cao Lanh,vietnam","Quang Ngai,vietnam",1126,963
"Cao Lanh,vietnam","Quang Tri,vietnam",1138,1053
"Cao Lanh,vietnam","Vung Tau,vietnam",285,228
"Cao Lanh,vietnam","Phan Thiet,vietnam",415,345
"Cao Lanh,vietnam","Long Xuyen,vietnam",125,36
"Cao Lanh,vietnam","Chau Doc,vietnam",193,81
"Cao Lanh,vietnam","Rach Gia,vietnam",220,101
"Cao Lanh,vietnam","Tan An,vietnam",136,101
"Cao Lanh,vietnam","My Tho,vietnam",123,91
"Cao Lanh,vietnam","Bac Lieu,vietnam",258,205
"Cao Lanh,vietnam","Ca Mau,vietnam",292,226
"Cao Lanh,vietnam","Soc Trang,vietnam",180,139
"Cao Lanh,vietnam","Ha Giang,vietnam",2099,1908
"Cao Lanh,vietnam","Thai Nguyen,vietnam",1788,1679
"Cao Lanh,vietnam","Thanh Hoa,vietnam",1572,1449
"Cao Lanh,vietnam","Nam Dinh,vietnam",1694,1541
"Cao Lanh,vietnam","Vinh,vietnam",1420,1313
"Cao Lanh,vietnam","Dong Hoi,vietnam",1251,1153
"Cao Lanh,vietnam","Play Ku,vietnam",820,645
"Cao Lanh,vietnam","Nha Trang,vietnam",651,566
"Cao Lanh,vietnam","Cam Ranh,vietnam",598,522
"Cao Lanh,vietnam","Qui Nhon,vietnam",892,777
"Cao Lanh,vietnam","Hue,vietnam",1357,1072
"Cao Lanh,vietnam","Bien Hoa,vietnam",240,176
"Cao Lanh,vietnam","Can Tho,vietnam",123,88
"Cao Lanh,vietnam","Haiphong,vietnam",1806,1666
"Cao Lanh,vietnam","Da Nang,vietnam",1252,984
"Cao Lanh,vietnam","Hanoi,vietnam",1742,1609
"Cao Lanh,vietnam","Ho Chi Minh City,vietnam",186,145
"Truc Giang,vietnam","Tra Vinh,vietnam",103,69
"Truc Giang,vietnam","Vinh Long,vietnam",126,84
"Truc Giang,vietnam","Cao Bang,vietnam",2111,1920
"Truc Giang,vietnam","Hong Gai,vietnam",1923,1755
"Truc Giang,vietnam","Cam Pha,vietnam",1991,1790
"Truc Giang,vietnam","Lao Chi,vietnam",1997,1910
"Truc Giang,vietnam","Hoa Binh,vietnam",1771,1636
"Truc Giang,vietnam","Son Tay,vietnam",1819,1689
"Truc Giang,vietnam","Ninh Binh,vietnam",1689,1549
"Truc Giang,vietnam","Viet Tri,vietnam",1850,1724
"Truc Giang,vietnam","Bac Giang,vietnam",1939,1755
"Truc Giang,vietnam","Ha Tinh,vietnam",1654,1370
"Truc Giang,vietnam","Buon Me Thuot,vietnam",528,417
"Truc Giang,vietnam","Da Lat,vietnam",469,382
"Truc Giang,vietnam","Phan Rang,vietnam",463,412
"Truc Giang,vietnam","Hon Quan,vietnam",246,183
"Truc Giang,vietnam","Kon Tum,vietnam",866,690
"Truc Giang,vietnam","Quang Ngai,vietnam",1047,904
"Truc Giang,vietnam","Quang Tri,vietnam",1377,1114
"Truc Giang,vietnam","Vung Tau,vietnam",207,169
"Truc Giang,vietnam","Phan Thiet,vietnam",336,286
"Truc Giang,vietnam","Long Xuyen,vietnam",226,141
"Truc Giang,vietnam","Chau Doc,vietnam",307,195
"Truc Giang,vietnam","Rach Gia,vietnam",301,225
"Truc Giang,vietnam","Tan An,vietnam",56,37
"Truc Giang,vietnam","My Tho,vietnam",27,16
"Truc Giang,vietnam","Bac Lieu,vietnam",299,241
"Truc Giang,vietnam","Ca Mau,vietnam",334,263
"Truc Giang,vietnam","Soc Trang,vietnam",221,175
"Truc Giang,vietnam","Ha Giang,vietnam",2140,1949
"Truc Giang,vietnam","Thai Nguyen,vietnam",1828,1719
"Truc Giang,vietnam","Thanh Hoa,vietnam",1613,1489
"Truc Giang,vietnam","Nam Dinh,vietnam",1734,1582
"Truc Giang,vietnam","Vinh,vietnam",1687,1395
"Truc Giang,vietnam","Dong Hoi,vietnam",1462,1196
"Truc Giang,vietnam","Play Ku,vietnam",755,600
"Truc Giang,vietnam","Nha Trang,vietnam",573,507
"Truc Giang,vietnam","Cam Ranh,vietnam",519,463
"Truc Giang,vietnam","Qui Nhon,vietnam",814,719
"Truc Giang,vietnam","Hue,vietnam",1292,1027
"Truc Giang,vietnam","Bien Hoa,vietnam",161,118
"Truc Giang,vietnam","Can Tho,vietnam",165,124
"Truc Giang,vietnam","Haiphong,vietnam",1847,1707
"Truc Giang,vietnam","Da Nang,vietnam",1187,939
"Truc Giang,vietnam","Hanoi,vietnam",1783,1649
"Truc Giang,vietnam","Ho Chi Minh City,vietnam",107,86
"Tra Vinh,vietnam","Vinh Long,vietnam",97,67
"Tra Vinh,vietnam","Cao Bang,vietnam",2201,1983
"Tra Vinh,vietnam","Hong Gai,vietnam",2013,1818
"Tra Vinh,vietnam","Cam Pha,vietnam",2081,1853
"Tra Vinh,vietnam","Lao Chi,vietnam",2087,1973
"Tra Vinh,vietnam","Hoa Binh,vietnam",1860,1699
"Tra Vinh,vietnam","Son Tay,vietnam",1909,1752
"Tra Vinh,vietnam","Ninh Binh,vietnam",1779,1613
"Tra Vinh,vietnam","Viet Tri,vietnam",1940,1787
"Tra Vinh,vietnam","Bac Giang,vietnam",2029,1818
"Tra Vinh,vietnam","Ha Tinh,vietnam",1744,1433
"Tra Vinh,vietnam","Buon Me Thuot,vietnam",618,480
"Tra Vinh,vietnam","Da Lat,vietnam",559,445
"Tra Vinh,vietnam","Phan Rang,vietnam",553,475
"Tra Vinh,vietnam","Hon Quan,vietnam",336,246
"Tra Vinh,vietnam","Kon Tum,vietnam",956,753
"Tra Vinh,vietnam","Quang Ngai,vietnam",1137,968
"Tra Vinh,vietnam","Quang Tri,vietnam",1467,1177
"Tra Vinh,vietnam","Vung Tau,vietnam",296,232
"Tra Vinh,vietnam","Phan Thiet,vietnam",426,349
"Tra Vinh,vietnam","Long Xuyen,vietnam",211,143
"Tra Vinh,vietnam","Chau Doc,vietnam",293,198
"Tra Vinh,vietnam","Rach Gia,vietnam",266,185
"Tra Vinh,vietnam","Tan An,vietnam",146,100
"Tra Vinh,vietnam","My Tho,vietnam",117,79
"Tra Vinh,vietnam","Bac Lieu,vietnam",231,121
"Tra Vinh,vietnam","Ca Mau,vietnam",299,223
"Tra Vinh,vietnam","Soc Trang,vietnam",151,53
"Tra Vinh,vietnam","Ha Giang,vietnam",2230,2012
"Tra Vinh,vietnam","Thai Nguyen,vietnam",1918,1782
"Tra Vinh,vietnam","Thanh Hoa,vietnam",1703,1552
"Tra Vinh,vietnam","Nam Dinh,vietnam",1824,1645
"Tra Vinh,vietnam","Vinh,vietnam",1776,1458
"Tra Vinh,vietnam","Dong Hoi,vietnam",1552,1259
"Tra Vinh,vietnam","Play Ku,vietnam",845,663
"Tra Vinh,vietnam","Nha Trang,vietnam",663,570
"Tra Vinh,vietnam","Cam Ranh,vietnam",609,526
"Tra Vinh,vietnam","Qui Nhon,vietnam",904,782
"Tra Vinh,vietnam","Hue,vietnam",1382,1090
"Tra Vinh,vietnam","Bien Hoa,vietnam",251,181
"Tra Vinh,vietnam","Can Tho,vietnam",130,84
"Tra Vinh,vietnam","Haiphong,vietnam",1937,1770
"Tra Vinh,vietnam","Da Nang,vietnam",1276,1002
"Tra Vinh,vietnam","Hanoi,vietnam",1873,1712
"Tra Vinh,vietnam","Ho Chi Minh City,vietnam",197,149
"Vinh Long,vietnam","Cao Bang,vietnam",2145,1949
"Vinh Long,vietnam","Hong Gai,vietnam",1957,1784
"Vinh Long,vietnam","Cam Pha,vietnam",2024,1819
"Vinh Long,vietnam","Lao Chi,vietnam",2031,1939
"Vinh Long,vietnam","Hoa Binh,vietnam",1804,1665
"Vinh Long,vietnam","Son Tay,vietnam",1853,1718
"Vinh Long,vietnam","Ninh Binh,vietnam",1722,1578
"Vinh Long,vietnam","Viet Tri,vietnam",1883,1753
"Vinh Long,vietnam","Bac Giang,vietnam",1973,1784
"Vinh Long,vietnam","Ha Tinh,vietnam",1456,1360
"Vinh Long,vietnam","Buon Me Thuot,vietnam",609,487
"Vinh Long,vietnam","Da Lat,vietnam",550,452
"Vinh Long,vietnam","Phan Rang,vietnam",545,482
"Vinh Long,vietnam","Hon Quan,vietnam",328,254
"Vinh Long,vietnam","Kon Tum,vietnam",947,760
"Vinh Long,vietnam","Quang Ngai,vietnam",1129,975
"Vinh Long,vietnam","Quang Tri,vietnam",1212,1122
"Vinh Long,vietnam","Vung Tau,vietnam",288,240
"Vinh Long,vietnam","Phan Thiet,vietnam",417,357
"Vinh Long,vietnam","Long Xuyen,vietnam",153,105
"Vinh Long,vietnam","Chau Doc,vietnam",234,159
"Vinh Long,vietnam","Rach Gia,vietnam",207,147
"Vinh Long,vietnam","Tan An,vietnam",142,114
"Vinh Long,vietnam","My Tho,vietnam",121,94
"Vinh Long,vietnam","Bac Lieu,vietnam",205,163
"Vinh Long,vietnam","Ca Mau,vietnam",240,185
"Vinh Long,vietnam","Soc Trang,vietnam",127,97
"Vinh Long,vietnam","Ha Giang,vietnam",2174,1978
"Vinh Long,vietnam","Thai Nguyen,vietnam",1862,1748
"Vinh Long,vietnam","Thanh Hoa,vietnam",1647,1518
"Vinh Long,vietnam","Nam Dinh,vietnam",1768,1611
"Vinh Long,vietnam","Vinh,vietnam",1495,1382
"Vinh Long,vietnam","Dong Hoi,vietnam",1543,1266
"Vinh Long,vietnam","Play Ku,vietnam",837,670
"Vinh Long,vietnam","Nha Trang,vietnam",654,577
"Vinh Long,vietnam","Cam Ranh,vietnam",600,534
"Vinh Long,vietnam","Qui Nhon,vietnam",895,789
"Vinh Long,vietnam","Hue,vietnam",1373,1098
"Vinh Long,vietnam","Bien Hoa,vietnam",243,188
"Vinh Long,vietnam","Can Tho,vietnam",71,46
"Vinh Long,vietnam","Haiphong,vietnam",1881,1736
"Vinh Long,vietnam","Da Nang,vietnam",1268,1010
"Vinh Long,vietnam","Hanoi,vietnam",1817,1678
"Vinh Long,vietnam","Ho Chi Minh City,vietnam",188,157
"Cao Bang,vietnam","Hong Gai,vietnam",421,299
"Cao Bang,vietnam","Cam Pha,vietnam",357,256
"Cao Bang,vietnam","Lao Chi,vietnam",523,491
"Cao Bang,vietnam","Hoa Binh,vietnam",476,378
"Cao Bang,vietnam","Son Tay,vietnam",395,305
"Cao Bang,vietnam","Ninh Binh,vietnam",423,369
"Cao Bang,vietnam","Viet Tri,vietnam",376,305
"Cao Bang,vietnam","Bac Giang,vietnam",329,221
"Cao Bang,vietnam","Ha Tinh,vietnam",732,637
"Cao Bang,vietnam","Buon Me Thuot,vietnam",1819,1553
"Cao Bang,vietnam","Da Lat,vietnam",1935,1694
"Cao Bang,vietnam","Phan Rang,vietnam",1866,1661
"Cao Bang,vietnam","Hon Quan,vietnam",1766,1665
"Cao Bang,vietnam","Kon Tum,vietnam",1478,1282
"Cao Bang,vietnam","Quang Ngai,vietnam",1349,1200
"Cao Bang,vietnam","Quang Tri,vietnam",989,878
"Cao Bang,vietnam","Vung Tau,vietnam",2201,1958
"Cao Bang,vietnam","Phan Thiet,vietnam",1999,1790
"Cao Bang,vietnam","Long Xuyen,vietnam",2144,1962
"Cao Bang,vietnam","Chau Doc,vietnam",2059,1907
"Cao Bang,vietnam","Rach Gia,vietnam",2221,2018
"Cao Bang,vietnam","Tan An,vietnam",2285,2039
"Cao Bang,vietnam","My Tho,vietnam",2068,1878
"Cao Bang,vietnam","Bac Lieu,vietnam",2278,2054
"Cao Bang,vietnam","Ca Mau,vietnam",2313,2076
"Cao Bang,vietnam","Soc Trang,vietnam",2201,1988
"Cao Bang,vietnam","Ha Giang,vietnam",475,238
"Cao Bang,vietnam","Thai Nguyen,vietnam",281,202
"Cao Bang,vietnam","Thanh Hoa,vietnam",499,434
"Cao Bang,vietnam","Nam Dinh,vietnam",422,359
"Cao Bang,vietnam","Vinh,vietnam",662,572
"Cao Bang,vietnam","Dong Hoi,vietnam",883,778
"Cao Bang,vietnam","Play Ku,vietnam",1590,1373
"Cao Bang,vietnam","Nha Trang,vietnam",1767,1567
"Cao Bang,vietnam","Cam Ranh,vietnam",1810,1609
"Cao Bang,vietnam","Qui Nhon,vietnam",1529,1355
"Cao Bang,vietnam","Hue,vietnam",1067,944
"Cao Bang,vietnam","Bien Hoa,vietnam",2232,1882
"Cao Bang,vietnam","Can Tho,vietnam",2144,1937
"Cao Bang,vietnam","Haiphong,vietnam",422,380
"Cao Bang,vietnam","Da Nang,vietnam",1180,1043
"Cao Bang,vietnam","Hanoi,vietnam",364,283
"Cao Bang,vietnam","Ho Chi Minh City,vietnam",1901,1758
"Hong Gai,vietnam","Cam Pha,vietnam",72,36
"Hong Gai,vietnam","Lao Chi,vietnam",390,394
"Hong Gai,vietnam","Hoa Binh,vietnam",302,261
"Hong Gai,vietnam","Son Tay,vietnam",234,217
"Hong Gai,vietnam","Ninh Binh,vietnam",240,204
"Hong Gai,vietnam","Viet Tri,vietnam",242,207
"Hong Gai,vietnam","Bac Giang,vietnam",218,125
"Hong Gai,vietnam","Ha Tinh,vietnam",550,473
"Hong Gai,vietnam","Buon Me Thuot,vietnam",1636,1389
"Hong Gai,vietnam","Da Lat,vietnam",1753,1529
"Hong Gai,vietnam","Phan Rang,vietnam",1683,1497
"Hong Gai,vietnam","Hon Quan,vietnam",1583,1501
"Hong Gai,vietnam","Kon Tum,vietnam",1295,1118
"Hong Gai,vietnam","Quang Ngai,vietnam",1167,1036
"Hong Gai,vietnam","Quang Tri,vietnam",807,713
"Hong Gai,vietnam","Vung Tau,vietnam",2018,1793
"Hong Gai,vietnam","Phan Thiet,vietnam",1816,1626
"Hong Gai,vietnam","Long Xuyen,vietnam",1961,1798
"Hong Gai,vietnam","Chau Doc,vietnam",1876,1743
"Hong Gai,vietnam","Rach Gia,vietnam",2038,1854
"Hong Gai,vietnam","Tan An,vietnam",2103,1875
"Hong Gai,vietnam","My Tho,vietnam",1885,1713
"Hong Gai,vietnam","Bac Lieu,vietnam",2096,1890
"Hong Gai,vietnam","Ca Mau,vietnam",2131,1912
"Hong Gai,vietnam","Soc Trang,vietnam",2018,1824
"Hong Gai,vietnam","Ha Giang,vietnam",533,432
"Hong Gai,vietnam","Thai Nguyen,vietnam",218,181
"Hong Gai,vietnam","Thanh Hoa,vietnam",316,270
"Hong Gai,vietnam","Nam Dinh,vietnam",205,148
"Hong Gai,vietnam","Vinh,vietnam",480,407
"Hong Gai,vietnam","Dong Hoi,vietnam",700,614
"Hong Gai,vietnam","Play Ku,vietnam",1407,1208
"Hong Gai,vietnam","Nha Trang,vietnam",1584,1402
"Hong Gai,vietnam","Cam Ranh,vietnam",1627,1444
"Hong Gai,vietnam","Qui Nhon,vietnam",1346,1191
"Hong Gai,vietnam","Hue,vietnam",884,780
"Hong Gai,vietnam","Bien Hoa,vietnam",2049,1718
"Hong Gai,vietnam","Can Tho,vietnam",1962,1773
"Hong Gai,vietnam","Haiphong,vietnam",111,70
"Hong Gai,vietnam","Da Nang,vietnam",998,878
"Hong Gai,vietnam","Hanoi,vietnam",194,169
"Hong Gai,vietnam","Ho Chi Minh City,vietnam",1719,1593
"Cam Pha,vietnam","Lao Chi,vietnam",454,428
"Cam Pha,vietnam","Hoa Binh,vietnam",367,295
"Cam Pha,vietnam","Son Tay,vietnam",299,251
"Cam Pha,vietnam","Ninh Binh,vietnam",305,239
"Cam Pha,vietnam","Viet Tri,vietnam",307,241
"Cam Pha,vietnam","Bac Giang,vietnam",248,138
"Cam Pha,vietnam","Ha Tinh,vietnam",615,507
"Cam Pha,vietnam","Buon Me Thuot,vietnam",1701,1423
"Cam Pha,vietnam","Da Lat,vietnam",1818,1563
"Cam Pha,vietnam","Phan Rang,vietnam",1748,1531
"Cam Pha,vietnam","Hon Quan,vietnam",1648,1535
"Cam Pha,vietnam","Kon Tum,vietnam",1360,1152
"Cam Pha,vietnam","Quang Ngai,vietnam",1232,1070
"Cam Pha,vietnam","Quang Tri,vietnam",871,748
"Cam Pha,vietnam","Vung Tau,vietnam",2083,1827
"Cam Pha,vietnam","Phan Thiet,vietnam",1881,1660
"Cam Pha,vietnam","Long Xuyen,vietnam",2026,1832
"Cam Pha,vietnam","Chau Doc,vietnam",1941,1777
"Cam Pha,vietnam","Rach Gia,vietnam",2103,1888
"Cam Pha,vietnam","Tan An,vietnam",2167,1909
"Cam Pha,vietnam","My Tho,vietnam",1950,1747
"Cam Pha,vietnam","Bac Lieu,vietnam",2161,1924
"Cam Pha,vietnam","Ca Mau,vietnam",2195,1946
"Cam Pha,vietnam","Soc Trang,vietnam",2083,1858
"Cam Pha,vietnam","Ha Giang,vietnam",597,466
"Cam Pha,vietnam","Thai Nguyen,vietnam",283,215
"Cam Pha,vietnam","Thanh Hoa,vietnam",381,304
"Cam Pha,vietnam","Nam Dinh,vietnam",270,182
"Cam Pha,vietnam","Vinh,vietnam",544,441
"Cam Pha,vietnam","Dong Hoi,vietnam",765,648
"Cam Pha,vietnam","Play Ku,vietnam",1472,1242
"Cam Pha,vietnam","Nha Trang,vietnam",1649,1436
"Cam Pha,vietnam","Cam Ranh,vietnam",1692,1478
"Cam Pha,vietnam","Qui Nhon,vietnam",1411,1225
"Cam Pha,vietnam","Hue,vietnam",949,814
"Cam Pha,vietnam","Bien Hoa,vietnam",2114,1752
"Cam Pha,vietnam","Can Tho,vietnam",2026,1807
"Cam Pha,vietnam","Haiphong,vietnam",176,104
"Cam Pha,vietnam","Da Nang,vietnam",1063,912
"Cam Pha,vietnam","Hanoi,vietnam",259,203
"Cam Pha,vietnam","Ho Chi Minh City,vietnam",1784,1627
"Lao Chi,vietnam","Hoa Binh,vietnam",293,274
"Lao Chi,vietnam","Son Tay,vietnam",213,231
"Lao Chi,vietnam","Ninh Binh,vietnam",311,360
"Lao Chi,vietnam","Viet Tri,vietnam",158,191
"Lao Chi,vietnam","Bac Giang,vietnam",369,359
"Lao Chi,vietnam","Ha Tinh,vietnam",621,628
"Lao Chi,vietnam","Buon Me Thuot,vietnam",1707,1544
"Lao Chi,vietnam","Da Lat,vietnam",1824,1684
"Lao Chi,vietnam","Phan Rang,vietnam",1755,1652
"Lao Chi,vietnam","Hon Quan,vietnam",1654,1656
"Lao Chi,vietnam","Kon Tum,vietnam",1366,1273
"Lao Chi,vietnam","Quang Ngai,vietnam",1238,1191
"Lao Chi,vietnam","Quang Tri,vietnam",878,869
"Lao Chi,vietnam","Vung Tau,vietnam",2090,1948
"Lao Chi,vietnam","Phan Thiet,vietnam",1888,1781
"Lao Chi,vietnam","Long Xuyen,vietnam",2032,1953
"Lao Chi,vietnam","Chau Doc,vietnam",1948,1898
"Lao Chi,vietnam","Rach Gia,vietnam",2109,2009
"Lao Chi,vietnam","Tan An,vietnam",2174,2030
"Lao Chi,vietnam","My Tho,vietnam",1957,1868
"Lao Chi,vietnam","Bac Lieu,vietnam",2167,2045
"Lao Chi,vietnam","Ca Mau,vietnam",2202,2067
"Lao Chi,vietnam","Soc Trang,vietnam",2089,1979
"Lao Chi,vietnam","Ha Giang,vietnam",295,181
"Lao Chi,vietnam","Thai Nguyen,vietnam",243,305
"Lao Chi,vietnam","Thanh Hoa,vietnam",388,425
"Lao Chi,vietnam","Nam Dinh,vietnam",311,350
"Lao Chi,vietnam","Vinh,vietnam",551,563
"Lao Chi,vietnam","Dong Hoi,vietnam",771,769
"Lao Chi,vietnam","Play Ku,vietnam",1479,1363
"Lao Chi,vietnam","Nha Trang,vietnam",1656,1558
"Lao Chi,vietnam","Cam Ranh,vietnam",1698,1600
"Lao Chi,vietnam","Qui Nhon,vietnam",1417,1346
"Lao Chi,vietnam","Hue,vietnam",956,935
"Lao Chi,vietnam","Bien Hoa,vietnam",2120,1873
"Lao Chi,vietnam","Can Tho,vietnam",2033,1928
"Lao Chi,vietnam","Haiphong,vietnam",316,393
"Lao Chi,vietnam","Da Nang,vietnam",1069,1034
"Lao Chi,vietnam","Hanoi,vietnam",237,268
"Lao Chi,vietnam","Ho Chi Minh City,vietnam",1790,1748
"Hoa Binh,vietnam","Son Tay,vietnam",112,77
"Hoa Binh,vietnam","Ninh Binh,vietnam",156,106
"Hoa Binh,vietnam","Viet Tri,vietnam",149,102
"Hoa Binh,vietnam","Bac Giang,vietnam",308,211
"Hoa Binh,vietnam","Ha Tinh,vietnam",413,344
"Hoa Binh,vietnam","Buon Me Thuot,vietnam",1499,1260
"Hoa Binh,vietnam","Da Lat,vietnam",1616,1401
"Hoa Binh,vietnam","Phan Rang,vietnam",1547,1368
"Hoa Binh,vietnam","Hon Quan,vietnam",1433,1380
"Hoa Binh,vietnam","Kon Tum,vietnam",1158,990
"Hoa Binh,vietnam","Quang Ngai,vietnam",1030,907
"Hoa Binh,vietnam","Quang Tri,vietnam",670,585
"Hoa Binh,vietnam","Vung Tau,vietnam",1882,1665
"Hoa Binh,vietnam","Phan Thiet,vietnam",1680,1497
"Hoa Binh,vietnam","Long Xuyen,vietnam",1811,1677
"Hoa Binh,vietnam","Chau Doc,vietnam",1727,1622
"Hoa Binh,vietnam","Rach Gia,vietnam",1888,1733
"Hoa Binh,vietnam","Tan An,vietnam",1621,1519
"Hoa Binh,vietnam","My Tho,vietnam",1736,1593
"Hoa Binh,vietnam","Bac Lieu,vietnam",1946,1770
"Hoa Binh,vietnam","Ca Mau,vietnam",1981,1791
"Hoa Binh,vietnam","Soc Trang,vietnam",1868,1704
"Hoa Binh,vietnam","Ha Giang,vietnam",421,313
"Hoa Binh,vietnam","Thai Nguyen,vietnam",196,167
"Hoa Binh,vietnam","Thanh Hoa,vietnam",204,144
"Hoa Binh,vietnam","Nam Dinh,vietnam",180,132
"Hoa Binh,vietnam","Vinh,vietnam",343,279
"Hoa Binh,vietnam","Dong Hoi,vietnam",563,485
"Hoa Binh,vietnam","Play Ku,vietnam",1271,1080
"Hoa Binh,vietnam","Nha Trang,vietnam",1448,1274
"Hoa Binh,vietnam","Cam Ranh,vietnam",1490,1316
"Hoa Binh,vietnam","Qui Nhon,vietnam",1209,1062
"Hoa Binh,vietnam","Hue,vietnam",748,651
"Hoa Binh,vietnam","Bien Hoa,vietnam",1557,1467
"Hoa Binh,vietnam","Can Tho,vietnam",1812,1652
"Hoa Binh,vietnam","Haiphong,vietnam",223,210
"Hoa Binh,vietnam","Da Nang,vietnam",861,750
"Hoa Binh,vietnam","Hanoi,vietnam",135,93
"Hoa Binh,vietnam","Ho Chi Minh City,vietnam",1569,1473
"Son Tay,vietnam","Ninh Binh,vietnam",134,137
"Son Tay,vietnam","Viet Tri,vietnam",62,40
"Son Tay,vietnam","Bac Giang,vietnam",241,170
"Son Tay,vietnam","Ha Tinh,vietnam",444,406
"Son Tay,vietnam","Buon Me Thuot,vietnam",1531,1321
"Son Tay,vietnam","Da Lat,vietnam",1647,1462
"Son Tay,vietnam","Phan Rang,vietnam",1578,1429
"Son Tay,vietnam","Hon Quan,vietnam",1478,1433
"Son Tay,vietnam","Kon Tum,vietnam",1190,1051
"Son Tay,vietnam","Quang Ngai,vietnam",1061,969
"Son Tay,vietnam","Quang Tri,vietnam",701,646
"Son Tay,vietnam","Vung Tau,vietnam",1913,1726
"Son Tay,vietnam","Phan Thiet,vietnam",1711,1558
"Son Tay,vietnam","Long Xuyen,vietnam",1855,1731
"Son Tay,vietnam","Chau Doc,vietnam",1771,1676
"Son Tay,vietnam","Rach Gia,vietnam",1933,1786
"Son Tay,vietnam","Tan An,vietnam",1997,1807
"Son Tay,vietnam","My Tho,vietnam",1780,1646
"Son Tay,vietnam","Bac Lieu,vietnam",1990,1823
"Son Tay,vietnam","Ca Mau,vietnam",2025,1845
"Son Tay,vietnam","Soc Trang,vietnam",1912,1757
"Son Tay,vietnam","Ha Giang,vietnam",347,260
"Son Tay,vietnam","Thai Nguyen,vietnam",116,115
"Son Tay,vietnam","Thanh Hoa,vietnam",211,203
"Son Tay,vietnam","Nam Dinh,vietnam",134,128
"Son Tay,vietnam","Vinh,vietnam",374,340
"Son Tay,vietnam","Dong Hoi,vietnam",594,547
"Son Tay,vietnam","Play Ku,vietnam",1302,1141
"Son Tay,vietnam","Nha Trang,vietnam",1479,1335
"Son Tay,vietnam","Cam Ranh,vietnam",1521,1377
"Son Tay,vietnam","Qui Nhon,vietnam",1240,1123
"Son Tay,vietnam","Hue,vietnam",779,712
"Son Tay,vietnam","Bien Hoa,vietnam",1944,1651
"Son Tay,vietnam","Can Tho,vietnam",1856,1706
"Son Tay,vietnam","Haiphong,vietnam",156,168
"Son Tay,vietnam","Da Nang,vietnam",892,811
"Son Tay,vietnam","Hanoi,vietnam",68,50
"Son Tay,vietnam","Ho Chi Minh City,vietnam",1613,1526
"Ninh Binh,vietnam","Viet Tri,vietnam",166,172
"Ninh Binh,vietnam","Bac Giang,vietnam",255,203
"Ninh Binh,vietnam","Ha Tinh,vietnam",312,266
"Ninh Binh,vietnam","Buon Me Thuot,vietnam",1398,1181
"Ninh Binh,vietnam","Da Lat,vietnam",1515,1322
"Ninh Binh,vietnam","Phan Rang,vietnam",1446,1290
"Ninh Binh,vietnam","Hon Quan,vietnam",1345,1293
"Ninh Binh,vietnam","Kon Tum,vietnam",1057,911
"Ninh Binh,vietnam","Quang Ngai,vietnam",929,829
"Ninh Binh,vietnam","Quang Tri,vietnam",569,506
"Ninh Binh,vietnam","Vung Tau,vietnam",1781,1586
"Ninh Binh,vietnam","Phan Thiet,vietnam",1579,1418
"Ninh Binh,vietnam","Long Xuyen,vietnam",1723,1591
"Ninh Binh,vietnam","Chau Doc,vietnam",1639,1536
"Ninh Binh,vietnam","Rach Gia,vietnam",1800,1647
"Ninh Binh,vietnam","Tan An,vietnam",1865,1667
"Ninh Binh,vietnam","My Tho,vietnam",1648,1506
"Ninh Binh,vietnam","Bac Lieu,vietnam",1858,1683
"Ninh Binh,vietnam","Ca Mau,vietnam",1893,1705
"Ninh Binh,vietnam","Soc Trang,vietnam",1780,1617
"Ninh Binh,vietnam","Ha Giang,vietnam",456,397
"Ninh Binh,vietnam","Thai Nguyen,vietnam",144,167
"Ninh Binh,vietnam","Thanh Hoa,vietnam",79,63
"Ninh Binh,vietnam","Nam Dinh,vietnam",48,32
"Ninh Binh,vietnam","Vinh,vietnam",242,200
"Ninh Binh,vietnam","Dong Hoi,vietnam",462,407
"Ninh Binh,vietnam","Play Ku,vietnam",1170,1001
"Ninh Binh,vietnam","Nha Trang,vietnam",1347,1195
"Ninh Binh,vietnam","Cam Ranh,vietnam",1389,1237
"Ninh Binh,vietnam","Qui Nhon,vietnam",1108,984
"Ninh Binh,vietnam","Hue,vietnam",647,572
"Ninh Binh,vietnam","Bien Hoa,vietnam",1811,1511
"Ninh Binh,vietnam","Can Tho,vietnam",1724,1566
"Ninh Binh,vietnam","Haiphong,vietnam",163,155
"Ninh Binh,vietnam","Da Nang,vietnam",760,671
"Ninh Binh,vietnam","Hanoi,vietnam",99,97
"Ninh Binh,vietnam","Ho Chi Minh City,vietnam",1481,1386
"Viet Tri,vietnam","Bac Giang,vietnam",221,171
"Viet Tri,vietnam","Ha Tinh,vietnam",473,440
"Viet Tri,vietnam","Buon Me Thuot,vietnam",1560,1356
"Viet Tri,vietnam","Da Lat,vietnam",1676,1497
"Viet Tri,vietnam","Phan Rang,vietnam",1607,1464
"Viet Tri,vietnam","Hon Quan,vietnam",1507,1468
"Viet Tri,vietnam","Kon Tum,vietnam",1219,1086
"Viet Tri,vietnam","Quang Ngai,vietnam",1090,1003
"Viet Tri,vietnam","Quang Tri,vietnam",730,681
"Viet Tri,vietnam","Vung Tau,vietnam",1942,1761
"Viet Tri,vietnam","Phan Thiet,vietnam",1740,1593
"Viet Tri,vietnam","Long Xuyen,vietnam",1885,1765
"Viet Tri,vietnam","Chau Doc,vietnam",1800,1710
"Viet Tri,vietnam","Rach Gia,vietnam",1962,1821
"Viet Tri,vietnam","Tan An,vietnam",2026,1842
"Viet Tri,vietnam","My Tho,vietnam",1809,1681
"Viet Tri,vietnam","Bac Lieu,vietnam",2019,1858
"Viet Tri,vietnam","Ca Mau,vietnam",2054,1879
"Viet Tri,vietnam","Soc Trang,vietnam",1941,1792
"Viet Tri,vietnam","Ha Giang,vietnam",302,223
"Viet Tri,vietnam","Thai Nguyen,vietnam",96,117
"Viet Tri,vietnam","Thanh Hoa,vietnam",240,238
"Viet Tri,vietnam","Nam Dinh,vietnam",163,162
"Viet Tri,vietnam","Vinh,vietnam",403,375
"Viet Tri,vietnam","Dong Hoi,vietnam",624,581
"Viet Tri,vietnam","Play Ku,vietnam",1331,1176
"Viet Tri,vietnam","Nha Trang,vietnam",1508,1370
"Viet Tri,vietnam","Cam Ranh,vietnam",1550,1412
"Viet Tri,vietnam","Qui Nhon,vietnam",1270,1158
"Viet Tri,vietnam","Hue,vietnam",808,747
"Viet Tri,vietnam","Bien Hoa,vietnam",1973,1685
"Viet Tri,vietnam","Can Tho,vietnam",1885,1740
"Viet Tri,vietnam","Haiphong,vietnam",169,205
"Viet Tri,vietnam","Da Nang,vietnam",921,846
"Viet Tri,vietnam","Hanoi,vietnam",89,80
"Viet Tri,vietnam","Ho Chi Minh City,vietnam",1642,1561
"Bac Giang,vietnam","Ha Tinh,vietnam",565,468
"Bac Giang,vietnam","Buon Me Thuot,vietnam",1651,1384
"Bac Giang,vietnam","Da Lat,vietnam",1768,1525
"Bac Giang,vietnam","Phan Rang,vietnam",1699,1492
"Bac Giang,vietnam","Hon Quan,vietnam",1598,1496
"Bac Giang,vietnam","Kon Tum,vietnam",1310,1113
"Bac Giang,vietnam","Quang Ngai,vietnam",1182,1031
"Bac Giang,vietnam","Quang Tri,vietnam",822,709
"Bac Giang,vietnam","Vung Tau,vietnam",2033,1789
"Bac Giang,vietnam","Phan Thiet,vietnam",1831,1621
"Bac Giang,vietnam","Long Xuyen,vietnam",1976,1793
"Bac Giang,vietnam","Chau Doc,vietnam",1891,1738
"Bac Giang,vietnam","Rach Gia,vietnam",2053,1849
"Bac Giang,vietnam","Tan An,vietnam",2118,1870
"Bac Giang,vietnam","My Tho,vietnam",1900,1709
"Bac Giang,vietnam","Bac Lieu,vietnam",2111,1885
"Bac Giang,vietnam","Ca Mau,vietnam",2146,1907
"Bac Giang,vietnam","Soc Trang,vietnam",2033,1819
"Bac Giang,vietnam","Ha Giang,vietnam",513,393
"Bac Giang,vietnam","Thai Nguyen,vietnam",198,142
"Bac Giang,vietnam","Thanh Hoa,vietnam",331,265
"Bac Giang,vietnam","Nam Dinh,vietnam",255,190
"Bac Giang,vietnam","Vinh,vietnam",495,403
"Bac Giang,vietnam","Dong Hoi,vietnam",715,609
"Bac Giang,vietnam","Play Ku,vietnam",1422,1204
"Bac Giang,vietnam","Nha Trang,vietnam",1600,1398
"Bac Giang,vietnam","Cam Ranh,vietnam",1642,1440
"Bac Giang,vietnam","Qui Nhon,vietnam",1361,1186
"Bac Giang,vietnam","Hue,vietnam",899,775
"Bac Giang,vietnam","Bien Hoa,vietnam",2064,1713
"Bac Giang,vietnam","Can Tho,vietnam",1977,1768
"Bac Giang,vietnam","Haiphong,vietnam",208,106
"Bac Giang,vietnam","Da Nang,vietnam",1013,874
"Bac Giang,vietnam","Hanoi,vietnam",199,117
"Bac Giang,vietnam","Ho Chi Minh City,vietnam",1734,1589
"Ha Tinh,vietnam","Buon Me Thuot,vietnam",1133,950
"Ha Tinh,vietnam","Da Lat,vietnam",1250,1091
"Ha Tinh,vietnam","Phan Rang,vietnam",1181,1058
"Ha Tinh,vietnam","Hon Quan,vietnam",1082,1075
"Ha Tinh,vietnam","Kon Tum,vietnam",793,680
"Ha Tinh,vietnam","Quang Ngai,vietnam",664,598
"Ha Tinh,vietnam","Quang Tri,vietnam",303,278
"Ha Tinh,vietnam","Vung Tau,vietnam",1516,1355
"Ha Tinh,vietnam","Phan Thiet,vietnam",1314,1187
"Ha Tinh,vietnam","Long Xuyen,vietnam",1459,1372
"Ha Tinh,vietnam","Chau Doc,vietnam",1375,1317
"Ha Tinh,vietnam","Rach Gia,vietnam",1537,1428
"Ha Tinh,vietnam","Tan An,vietnam",1600,1436
"Ha Tinh,vietnam","My Tho,vietnam",1384,1288
"Ha Tinh,vietnam","Bac Lieu,vietnam",1594,1465
"Ha Tinh,vietnam","Ca Mau,vietnam",1629,1486
"Ha Tinh,vietnam","Soc Trang,vietnam",1516,1399
"Ha Tinh,vietnam","Ha Giang,vietnam",771,666
"Ha Tinh,vietnam","Thai Nguyen,vietnam",459,436
"Ha Tinh,vietnam","Thanh Hoa,vietnam",244,206
"Ha Tinh,vietnam","Nam Dinh,vietnam",365,298
"Ha Tinh,vietnam","Vinh,vietnam",79,60
"Ha Tinh,vietnam","Dong Hoi,vietnam",197,175
"Ha Tinh,vietnam","Play Ku,vietnam",905,770
"Ha Tinh,vietnam","Nha Trang,vietnam",1082,964
"Ha Tinh,vietnam","Cam Ranh,vietnam",1124,1006
"Ha Tinh,vietnam","Qui Nhon,vietnam",843,752
"Ha Tinh,vietnam","Hue,vietnam",382,341
"Ha Tinh,vietnam","Bien Hoa,vietnam",1546,1280
"Ha Tinh,vietnam","Can Tho,vietnam",1460,1347
"Ha Tinh,vietnam","Haiphong,vietnam",478,424
"Ha Tinh,vietnam","Da Nang,vietnam",495,440
"Ha Tinh,vietnam","Hanoi,vietnam",414,366
"Ha Tinh,vietnam","Ho Chi Minh City,vietnam",1217,1168
"Buon Me Thuot,vietnam","Da Lat,vietnam",318,211
"Buon Me Thuot,vietnam","Phan Rang,vietnam",356,278
"Buon Me Thuot,vietnam","Hon Quan,vietnam",348,277
"Buon Me Thuot,vietnam","Kon Tum,vietnam",340,270
"Buon Me Thuot,vietnam","Quang Ngai,vietnam",589,406
"Buon Me Thuot,vietnam","Quang Tri,vietnam",850,694
"Buon Me Thuot,vietnam","Vung Tau,vietnam",518,408
"Buon Me Thuot,vietnam","Phan Thiet,vietnam",446,303
"Buon Me Thuot,vietnam","Long Xuyen,vietnam",688,517
"Buon Me Thuot,vietnam","Chau Doc,vietnam",744,530
"Buon Me Thuot,vietnam","Rach Gia,vietnam",763,602
"Buon Me Thuot,vietnam","Tan An,vietnam",491,383
"Buon Me Thuot,vietnam","My Tho,vietnam",502,401
"Buon Me Thuot,vietnam","Bac Lieu,vietnam",761,618
"Buon Me Thuot,vietnam","Ca Mau,vietnam",796,640
"Buon Me Thuot,vietnam","Soc Trang,vietnam",683,552
"Buon Me Thuot,vietnam","Ha Giang,vietnam",1852,1581
"Buon Me Thuot,vietnam","Thai Nguyen,vietnam",1540,1351
"Buon Me Thuot,vietnam","Thanh Hoa,vietnam",1325,1121
"Buon Me Thuot,vietnam","Nam Dinh,vietnam",1446,1214
"Buon Me Thuot,vietnam","Vinh,vietnam",1160,975
"Buon Me Thuot,vietnam","Dong Hoi,vietnam",935,776
"Buon Me Thuot,vietnam","Play Ku,vietnam",229,180
"Buon Me Thuot,vietnam","Nha Trang,vietnam",257,184
"Buon Me Thuot,vietnam","Cam Ranh,vietnam",300,226
"Buon Me Thuot,vietnam","Qui Nhon,vietnam",397,265
"Buon Me Thuot,vietnam","Hue,vietnam",765,608
"Buon Me Thuot,vietnam","Bien Hoa,vietnam",415,326
"Buon Me Thuot,vietnam","Can Tho,vietnam",627,501
"Buon Me Thuot,vietnam","Haiphong,vietnam",1559,1339
"Buon Me Thuot,vietnam","Da Nang,vietnam",660,519
"Buon Me Thuot,vietnam","Hanoi,vietnam",1495,1281
"Buon Me Thuot,vietnam","Ho Chi Minh City,vietnam",440,337
"Da Lat,vietnam","Phan Rang,vietnam",158,103
"Da Lat,vietnam","Hon Quan,vietnam",418,311
"Da Lat,vietnam","Kon Tum,vietnam",624,461
"Da Lat,vietnam","Quang Ngai,vietnam",651,526
"Da Lat,vietnam","Quang Tri,vietnam",973,835
"Da Lat,vietnam","Vung Tau,vietnam",379,281
"Da Lat,vietnam","Phan Thiet,vietnam",208,159
"Da Lat,vietnam","Long Xuyen,vietnam",615,480
"Da Lat,vietnam","Chau Doc,vietnam",687,506
"Da Lat,vietnam","Rach Gia,vietnam",690,564
"Da Lat,vietnam","Tan An,vietnam",418,345
"Da Lat,vietnam","My Tho,vietnam",429,363
"Da Lat,vietnam","Bac Lieu,vietnam",688,580
"Da Lat,vietnam","Ca Mau,vietnam",723,602
"Da Lat,vietnam","Soc Trang,vietnam",610,514
"Da Lat,vietnam","Ha Giang,vietnam",1974,1722
"Da Lat,vietnam","Thai Nguyen,vietnam",1662,1492
"Da Lat,vietnam","Thanh Hoa,vietnam",1447,1262
"Da Lat,vietnam","Nam Dinh,vietnam",1568,1355
"Da Lat,vietnam","Vinh,vietnam",1282,1116
"Da Lat,vietnam","Dong Hoi,vietnam",1058,917
"Da Lat,vietnam","Play Ku,vietnam",513,371
"Da Lat,vietnam","Nha Trang,vietnam",191,135
"Da Lat,vietnam","Cam Ranh,vietnam",187,135
"Da Lat,vietnam","Qui Nhon,vietnam",417,340
"Da Lat,vietnam","Hue,vietnam",887,749
"Da Lat,vietnam","Bien Hoa,vietnam",355,265
"Da Lat,vietnam","Can Tho,vietnam",554,463
"Da Lat,vietnam","Haiphong,vietnam",1681,1480
"Da Lat,vietnam","Da Nang,vietnam",782,660
"Da Lat,vietnam","Hanoi,vietnam",1617,1422
"Da Lat,vietnam","Ho Chi Minh City,vietnam",381,305
"Phan Rang,vietnam","Hon Quan,vietnam",496,396
"Phan Rang,vietnam","Kon Tum,vietnam",618,477
"Phan Rang,vietnam","Quang Ngai,vietnam",586,493
"Phan Rang,vietnam","Quang Tri,vietnam",908,802
"Phan Rang,vietnam","Vung Tau,vietnam",339,299
"Phan Rang,vietnam","Phan Thiet,vietnam",137,131
"Phan Rang,vietnam","Long Xuyen,vietnam",620,515
"Phan Rang,vietnam","Chau Doc,vietnam",692,541
"Phan Rang,vietnam","Rach Gia,vietnam",695,600
"Phan Rang,vietnam","Tan An,vietnam",424,380
"Phan Rang,vietnam","My Tho,vietnam",435,398
"Phan Rang,vietnam","Bac Lieu,vietnam",693,616
"Phan Rang,vietnam","Ca Mau,vietnam",728,637
"Phan Rang,vietnam","Soc Trang,vietnam",615,550
"Phan Rang,vietnam","Ha Giang,vietnam",1910,1689
"Phan Rang,vietnam","Thai Nguyen,vietnam",1598,1459
"Phan Rang,vietnam","Thanh Hoa,vietnam",1383,1229
"Phan Rang,vietnam","Nam Dinh,vietnam",1504,1322
"Phan Rang,vietnam","Vinh,vietnam",1218,1083
"Phan Rang,vietnam","Dong Hoi,vietnam",993,884
"Phan Rang,vietnam","Play Ku,vietnam",507,387
"Phan Rang,vietnam","Nha Trang,vietnam",112,95
"Phan Rang,vietnam","Cam Ranh,vietnam",58,52
"Phan Rang,vietnam","Qui Nhon,vietnam",353,307
"Phan Rang,vietnam","Hue,vietnam",823,716
"Phan Rang,vietnam","Bien Hoa,vietnam",367,305
"Phan Rang,vietnam","Can Tho,vietnam",559,499
"Phan Rang,vietnam","Haiphong,vietnam",1617,1447
"Phan Rang,vietnam","Da Nang,vietnam",718,627
"Phan Rang,vietnam","Hanoi,vietnam",1553,1389
"Phan Rang,vietnam","Ho Chi Minh City,vietnam",386,341
"Hon Quan,vietnam","Kon Tum,vietnam",687,550
"Hon Quan,vietnam","Quang Ngai,vietnam",937,685
"Hon Quan,vietnam","Quang Tri,vietnam",843,838
"Hon Quan,vietnam","Vung Tau,vietnam",244,179
"Hon Quan,vietnam","Phan Thiet,vietnam",373,270
"Hon Quan,vietnam","Long Xuyen,vietnam",406,284
"Hon Quan,vietnam","Chau Doc,vietnam",450,298
"Hon Quan,vietnam","Rach Gia,vietnam",481,369
"Hon Quan,vietnam","Tan An,vietnam",209,149
"Hon Quan,vietnam","My Tho,vietnam",220,167
"Hon Quan,vietnam","Bac Lieu,vietnam",479,385
"Hon Quan,vietnam","Ca Mau,vietnam",514,406
"Hon Quan,vietnam","Soc Trang,vietnam",401,319
"Hon Quan,vietnam","Ha Giang,vietnam",1804,1693
"Hon Quan,vietnam","Thai Nguyen,vietnam",1493,1464
"Hon Quan,vietnam","Thanh Hoa,vietnam",1277,1234
"Hon Quan,vietnam","Nam Dinh,vietnam",1399,1326
"Hon Quan,vietnam","Vinh,vietnam",1125,1098
"Hon Quan,vietnam","Dong Hoi,vietnam",1283,1056
"Hon Quan,vietnam","Play Ku,vietnam",577,460
"Hon Quan,vietnam","Nha Trang,vietnam",607,461
"Hon Quan,vietnam","Cam Ranh,vietnam",556,447
"Hon Quan,vietnam","Qui Nhon,vietnam",746,542
"Hon Quan,vietnam","Hue,vietnam",1113,887
"Hon Quan,vietnam","Bien Hoa,vietnam",146,98
"Hon Quan,vietnam","Can Tho,vietnam",345,268
"Hon Quan,vietnam","Haiphong,vietnam",1511,1451
"Hon Quan,vietnam","Da Nang,vietnam",1008,799
"Hon Quan,vietnam","Hanoi,vietnam",1447,1394
"Hon Quan,vietnam","Ho Chi Minh City,vietnam",158,103
"Kon Tum,vietnam","Quang Ngai,vietnam",351,217
"Kon Tum,vietnam","Quang Tri,vietnam",511,423
"Kon Tum,vietnam","Vung Tau,vietnam",858,681
"Kon Tum,vietnam","Phan Thiet,vietnam",747,606
"Kon Tum,vietnam","Long Xuyen,vietnam",1028,791
"Kon Tum,vietnam","Chau Doc,vietnam",935,845
"Kon Tum,vietnam","Rach Gia,vietnam",1103,875
"Kon Tum,vietnam","Tan An,vietnam",831,656
"Kon Tum,vietnam","My Tho,vietnam",842,674
"Kon Tum,vietnam","Bac Lieu,vietnam",1101,891
"Kon Tum,vietnam","Ca Mau,vietnam",1136,913
"Kon Tum,vietnam","Soc Trang,vietnam",1023,825
"Kon Tum,vietnam","Ha Giang,vietnam",1513,1310
"Kon Tum,vietnam","Thai Nguyen,vietnam",1201,1081
"Kon Tum,vietnam","Thanh Hoa,vietnam",986,851
"Kon Tum,vietnam","Nam Dinh,vietnam",1107,943
"Kon Tum,vietnam","Vinh,vietnam",821,705
"Kon Tum,vietnam","Dong Hoi,vietnam",596,506
"Kon Tum,vietnam","Play Ku,vietnam",114,90
"Kon Tum,vietnam","Nha Trang,vietnam",515,383
"Kon Tum,vietnam","Cam Ranh,vietnam",558,425
"Kon Tum,vietnam","Qui Nhon,vietnam",325,232
"Kon Tum,vietnam","Hue,vietnam",426,337
"Kon Tum,vietnam","Bien Hoa,vietnam",756,600
"Kon Tum,vietnam","Can Tho,vietnam",967,774
"Kon Tum,vietnam","Haiphong,vietnam",1219,1068
"Kon Tum,vietnam","Da Nang,vietnam",321,249
"Kon Tum,vietnam","Hanoi,vietnam",1156,1011
"Kon Tum,vietnam","Ho Chi Minh City,vietnam",780,610
"Quang Ngai,vietnam","Quang Tri,vietnam",386,341
"Quang Ngai,vietnam","Vung Tau,vietnam",916,789
"Quang Ngai,vietnam","Phan Thiet,vietnam",714,622
"Quang Ngai,vietnam","Long Xuyen,vietnam",1196,1006
"Quang Ngai,vietnam","Chau Doc,vietnam",1268,1031
"Quang Ngai,vietnam","Rach Gia,vietnam",1271,1090
"Quang Ngai,vietnam","Tan An,vietnam",1000,871
"Quang Ngai,vietnam","My Tho,vietnam",1011,889
"Quang Ngai,vietnam","Bac Lieu,vietnam",1269,1106
"Quang Ngai,vietnam","Ca Mau,vietnam",1304,1128
"Quang Ngai,vietnam","Soc Trang,vietnam",1192,1040
"Quang Ngai,vietnam","Ha Giang,vietnam",1388,1228
"Quang Ngai,vietnam","Thai Nguyen,vietnam",1076,998
"Quang Ngai,vietnam","Thanh Hoa,vietnam",861,769
"Quang Ngai,vietnam","Nam Dinh,vietnam",982,861
"Quang Ngai,vietnam","Vinh,vietnam",696,623
"Quang Ngai,vietnam","Dong Hoi,vietnam",472,424
"Quang Ngai,vietnam","Play Ku,vietnam",365,237
"Quang Ngai,vietnam","Nha Trang,vietnam",482,399
"Quang Ngai,vietnam","Cam Ranh,vietnam",524,440
"Quang Ngai,vietnam","Qui Nhon,vietnam",243,187
"Quang Ngai,vietnam","Hue,vietnam",301,255
"Quang Ngai,vietnam","Bien Hoa,vietnam",944,796
"Quang Ngai,vietnam","Can Tho,vietnam",1135,989
"Quang Ngai,vietnam","Haiphong,vietnam",1095,986
"Quang Ngai,vietnam","Da Nang,vietnam",196,167
"Quang Ngai,vietnam","Hanoi,vietnam",1031,928
"Quang Ngai,vietnam","Ho Chi Minh City,vietnam",962,831
"Quang Tri,vietnam","Vung Tau,vietnam",1238,1099
"Quang Tri,vietnam","Phan Thiet,vietnam",1036,931
"Quang Tri,vietnam","Long Xuyen,vietnam",1218,1134
"Quang Tri,vietnam","Chau Doc,vietnam",1133,1079
"Quang Tri,vietnam","Rach Gia,vietnam",1295,1190
"Quang Tri,vietnam","Tan An,vietnam",1322,1180
"Quang Tri,vietnam","My Tho,vietnam",1333,1198
"Quang Tri,vietnam","Bac Lieu,vietnam",1353,1226
"Quang Tri,vietnam","Ca Mau,vietnam",1388,1248
"Quang Tri,vietnam","Soc Trang,vietnam",1275,1160
"Quang Tri,vietnam","Ha Giang,vietnam",1030,907
"Quang Tri,vietnam","Thai Nguyen,vietnam",718,677
"Quang Tri,vietnam","Thanh Hoa,vietnam",503,447
"Quang Tri,vietnam","Nam Dinh,vietnam",624,540
"Quang Tri,vietnam","Vinh,vietnam",338,301
"Quang Tri,vietnam","Dong Hoi,vietnam",113,100
"Quang Tri,vietnam","Play Ku,vietnam",627,514
"Quang Tri,vietnam","Nha Trang,vietnam",804,708
"Quang Tri,vietnam","Cam Ranh,vietnam",846,750
"Quang Tri,vietnam","Qui Nhon,vietnam",565,496
"Quang Tri,vietnam","Hue,vietnam",104,85
"Quang Tri,vietnam","Bien Hoa,vietnam",1269,1023
"Quang Tri,vietnam","Can Tho,vietnam",1219,1109
"Quang Tri,vietnam","Haiphong,vietnam",737,665
"Quang Tri,vietnam","Da Nang,vietnam",217,184
"Quang Tri,vietnam","Hanoi,vietnam",673,607
"Quang Tri,vietnam","Ho Chi Minh City,vietnam",1293,1034
"Vung Tau,vietnam","Phan Thiet,vietnam",214,171
"Vung Tau,vietnam","Long Xuyen,vietnam",364,270
"Vung Tau,vietnam","Chau Doc,vietnam",436,296
"Vung Tau,vietnam","Rach Gia,vietnam",439,355
"Vung Tau,vietnam","Tan An,vietnam",168,135
"Vung Tau,vietnam","My Tho,vietnam",179,153
"Vung Tau,vietnam","Bac Lieu,vietnam",437,371
"Vung Tau,vietnam","Ca Mau,vietnam",472,392
"Vung Tau,vietnam","Soc Trang,vietnam",359,305
"Vung Tau,vietnam","Ha Giang,vietnam",2249,1985
"Vung Tau,vietnam","Thai Nguyen,vietnam",1937,1756
"Vung Tau,vietnam","Thanh Hoa,vietnam",1722,1526
"Vung Tau,vietnam","Nam Dinh,vietnam",1843,1618
"Vung Tau,vietnam","Vinh,vietnam",1557,1380
"Vung Tau,vietnam","Dong Hoi,vietnam",1332,1181
"Vung Tau,vietnam","Play Ku,vietnam",744,591
"Vung Tau,vietnam","Nha Trang,vietnam",451,392
"Vung Tau,vietnam","Cam Ranh,vietnam",397,348
"Vung Tau,vietnam","Qui Nhon,vietnam",692,603
"Vung Tau,vietnam","Hue,vietnam",1162,1012
"Vung Tau,vietnam","Bien Hoa,vietnam",117,80
"Vung Tau,vietnam","Can Tho,vietnam",303,254
"Vung Tau,vietnam","Haiphong,vietnam",1956,1743
"Vung Tau,vietnam","Da Nang,vietnam",1057,924
"Vung Tau,vietnam","Hanoi,vietnam",1892,1686
"Vung Tau,vietnam","Ho Chi Minh City,vietnam",130,96
"Phan Thiet,vietnam","Long Xuyen,vietnam",493,387
"Phan Thiet,vietnam","Chau Doc,vietnam",565,413
"Phan Thiet,vietnam","Rach Gia,vietnam",567,472
"Phan Thiet,vietnam","Tan An,vietnam",296,253
"Phan Thiet,vietnam","My Tho,vietnam",307,271
"Phan Thiet,vietnam","Bac Lieu,vietnam",566,488
"Phan Thiet,vietnam","Ca Mau,vietnam",601,510
"Phan Thiet,vietnam","Soc Trang,vietnam",488,422
"Phan Thiet,vietnam","Ha Giang,vietnam",2045,1818
"Phan Thiet,vietnam","Thai Nguyen,vietnam",1733,1588
"Phan Thiet,vietnam","Thanh Hoa,vietnam",1518,1358
"Phan Thiet,vietnam","Nam Dinh,vietnam",1639,1451
"Phan Thiet,vietnam","Vinh,vietnam",1353,1212
"Phan Thiet,vietnam","Dong Hoi,vietnam",1129,1013
"Phan Thiet,vietnam","Play Ku,vietnam",643,516
"Phan Thiet,vietnam","Nha Trang,vietnam",247,224
"Phan Thiet,vietnam","Cam Ranh,vietnam",193,181
"Phan Thiet,vietnam","Qui Nhon,vietnam",488,436
"Phan Thiet,vietnam","Hue,vietnam",959,844
"Phan Thiet,vietnam","Bien Hoa,vietnam",240,178
"Phan Thiet,vietnam","Can Tho,vietnam",431,371
"Phan Thiet,vietnam","Haiphong,vietnam",1752,1576
"Phan Thiet,vietnam","Da Nang,vietnam",853,756
"Phan Thiet,vietnam","Hanoi,vietnam",1688,1518
"Phan Thiet,vietnam","Ho Chi Minh City,vietnam",259,213
"Long Xuyen,vietnam","Chau Doc,vietnam",86,57
"Long Xuyen,vietnam","Rach Gia,vietnam",118,72
"Long Xuyen,vietnam","Tan An,vietnam",223,146
"Long Xuyen,vietnam","My Tho,vietnam",202,126
"Long Xuyen,vietnam","Bac Lieu,vietnam",248,175
"Long Xuyen,vietnam","Ca Mau,vietnam",259,186
"Long Xuyen,vietnam","Soc Trang,vietnam",171,122
"Long Xuyen,vietnam","Ha Giang,vietnam",2180,1990
"Long Xuyen,vietnam","Thai Nguyen,vietnam",1868,1760
"Long Xuyen,vietnam","Thanh Hoa,vietnam",1653,1530
"Long Xuyen,vietnam","Nam Dinh,vietnam",1774,1623
"Long Xuyen,vietnam","Vinh,vietnam",1501,1394
"Long Xuyen,vietnam","Dong Hoi,vietnam",1332,1235
"Long Xuyen,vietnam","Play Ku,vietnam",918,702
"Long Xuyen,vietnam","Nha Trang,vietnam",735,609
"Long Xuyen,vietnam","Cam Ranh,vietnam",681,565
"Long Xuyen,vietnam","Qui Nhon,vietnam",976,821
"Long Xuyen,vietnam","Hue,vietnam",1454,1129
"Long Xuyen,vietnam","Bien Hoa,vietnam",323,220
"Long Xuyen,vietnam","Can Tho,vietnam",94,63
"Long Xuyen,vietnam","Haiphong,vietnam",1887,1748
"Long Xuyen,vietnam","Da Nang,vietnam",1349,1041
"Long Xuyen,vietnam","Hanoi,vietnam",1823,1690
"Long Xuyen,vietnam","Ho Chi Minh City,vietnam",269,188
"Chau Doc,vietnam","Rach Gia,vietnam",161,110
"Chau Doc,vietnam","Tan An,vietnam",284,167
"Chau Doc,vietnam","My Tho,vietnam",287,170
"Chau Doc,vietnam","Bac Lieu,vietnam",330,230
"Chau Doc,vietnam","Ca Mau,vietnam",331,241
"Chau Doc,vietnam","Soc Trang,vietnam",253,176
"Chau Doc,vietnam","Ha Giang,vietnam",2097,1935
"Chau Doc,vietnam","Thai Nguyen,vietnam",1785,1705
"Chau Doc,vietnam","Thanh Hoa,vietnam",1570,1475
"Chau Doc,vietnam","Nam Dinh,vietnam",1691,1568
"Chau Doc,vietnam","Vinh,vietnam",1418,1339
"Chau Doc,vietnam","Dong Hoi,vietnam",1249,1179
"Chau Doc,vietnam","Play Ku,vietnam",828,755
"Chau Doc,vietnam","Nha Trang,vietnam",800,632
"Chau Doc,vietnam","Cam Ranh,vietnam",746,588
"Chau Doc,vietnam","Qui Nhon,vietnam",1041,844
"Chau Doc,vietnam","Hue,vietnam",1181,1092
"Chau Doc,vietnam","Bien Hoa,vietnam",388,243
"Chau Doc,vietnam","Can Tho,vietnam",177,118
"Chau Doc,vietnam","Haiphong,vietnam",1804,1693
"Chau Doc,vietnam","Da Nang,vietnam",1259,1094
"Chau Doc,vietnam","Hanoi,vietnam",1740,1635
"Chau Doc,vietnam","Ho Chi Minh City,vietnam",334,211
"Rach Gia,vietnam","Tan An,vietnam",299,232
"Rach Gia,vietnam","My Tho,vietnam",278,212
"Rach Gia,vietnam","Bac Lieu,vietnam",219,127
"Rach Gia,vietnam","Ca Mau,vietnam",179,127
"Rach Gia,vietnam","Soc Trang,vietnam",204,146
"Rach Gia,vietnam","Ha Giang,vietnam",2259,2046
"Rach Gia,vietnam","Thai Nguyen,vietnam",1947,1816
"Rach Gia,vietnam","Thanh Hoa,vietnam",1732,1586
"Rach Gia,vietnam","Nam Dinh,vietnam",1853,1678
"Rach Gia,vietnam","Vinh,vietnam",1579,1450
"Rach Gia,vietnam","Dong Hoi,vietnam",1410,1290
"Rach Gia,vietnam","Play Ku,vietnam",994,788
"Rach Gia,vietnam","Nha Trang,vietnam",812,695
"Rach Gia,vietnam","Cam Ranh,vietnam",758,652
"Rach Gia,vietnam","Qui Nhon,vietnam",1053,907
"Rach Gia,vietnam","Hue,vietnam",1531,1216
"Rach Gia,vietnam","Bien Hoa,vietnam",400,306
"Rach Gia,vietnam","Can Tho,vietnam",168,103
"Rach Gia,vietnam","Haiphong,vietnam",1965,1804
"Rach Gia,vietnam","Da Nang,vietnam",1425,1128
"Rach Gia,vietnam","Hanoi,vietnam",1902,1746
"Rach Gia,vietnam","Ho Chi Minh City,vietnam",346,275
"Tan An,vietnam","My Tho,vietnam",29,20
"Tan An,vietnam","Bac Lieu,vietnam",291,245
"Tan An,vietnam","Ca Mau,vietnam",326,267
"Tan An,vietnam","Soc Trang,vietnam",213,179
"Tan An,vietnam","Ha Giang,vietnam",1989,1831
"Tan An,vietnam","Thai Nguyen,vietnam",1677,1602
"Tan An,vietnam","Thanh Hoa,vietnam",1462,1372
"Tan An,vietnam","Nam Dinh,vietnam",1583,1464
"Tan An,vietnam","Vinh,vietnam",1646,1360
"Tan An,vietnam","Dong Hoi,vietnam",1422,1161
"Tan An,vietnam","Play Ku,vietnam",715,565
"Tan An,vietnam","Nha Trang,vietnam",532,472
"Tan An,vietnam","Cam Ranh,vietnam",479,428
"Tan An,vietnam","Qui Nhon,vietnam",773,684
"Tan An,vietnam","Hue,vietnam",1251,992
"Tan An,vietnam","Bien Hoa,vietnam",121,83
"Tan An,vietnam","Can Tho,vietnam",157,128
"Tan An,vietnam","Haiphong,vietnam",1695,1589
"Tan An,vietnam","Da Nang,vietnam",1146,904
"Tan An,vietnam","Hanoi,vietnam",1632,1531
"Tan An,vietnam","Ho Chi Minh City,vietnam",67,51
"My Tho,vietnam","Bac Lieu,vietnam",271,225
"My Tho,vietnam","Ca Mau,vietnam",306,246
"My Tho,vietnam","Soc Trang,vietnam",193,159
"My Tho,vietnam","Ha Giang,vietnam",2112,1932
"My Tho,vietnam","Thai Nguyen,vietnam",1801,1702
"My Tho,vietnam","Thanh Hoa,vietnam",1585,1472
"My Tho,vietnam","Nam Dinh,vietnam",1707,1565
"My Tho,vietnam","Vinh,vietnam",1659,1378
"My Tho,vietnam","Dong Hoi,vietnam",1434,1179
"My Tho,vietnam","Play Ku,vietnam",728,583
"My Tho,vietnam","Nha Trang,vietnam",545,490
"My Tho,vietnam","Cam Ranh,vietnam",492,447
"My Tho,vietnam","Qui Nhon,vietnam",786,702
"My Tho,vietnam","Hue,vietnam",1264,1011
"My Tho,vietnam","Bien Hoa,vietnam",134,101
"My Tho,vietnam","Can Tho,vietnam",137,108
"My Tho,vietnam","Haiphong,vietnam",1819,1690
"My Tho,vietnam","Da Nang,vietnam",1159,922
"My Tho,vietnam","Hanoi,vietnam",1755,1632
"My Tho,vietnam","Ho Chi Minh City,vietnam",80,69
"Bac Lieu,vietnam","Ca Mau,vietnam",75,49
"Bac Lieu,vietnam","Soc Trang,vietnam",88,70
"Bac Lieu,vietnam","Ha Giang,vietnam",2325,2110
"Bac Lieu,vietnam","Thai Nguyen,vietnam",2014,1880
"Bac Lieu,vietnam","Thanh Hoa,vietnam",1798,1650
"Bac Lieu,vietnam","Nam Dinh,vietnam",1920,1743
"Bac Lieu,vietnam","Vinh,vietnam",1646,1514
"Bac Lieu,vietnam","Dong Hoi,vietnam",1695,1398
"Bac Lieu,vietnam","Play Ku,vietnam",988,802
"Bac Lieu,vietnam","Nha Trang,vietnam",806,709
"Bac Lieu,vietnam","Cam Ranh,vietnam",752,666
"Bac Lieu,vietnam","Qui Nhon,vietnam",1047,921
"Bac Lieu,vietnam","Hue,vietnam",1525,1230
"Bac Lieu,vietnam","Bien Hoa,vietnam",394,320
"Bac Lieu,vietnam","Can Tho,vietnam",168,129
"Bac Lieu,vietnam","Haiphong,vietnam",2032,1868
"Bac Lieu,vietnam","Da Nang,vietnam",1420,1141
"Bac Lieu,vietnam","Hanoi,vietnam",1968,1810
"Bac Lieu,vietnam","Ho Chi Minh City,vietnam",340,288
"Ca Mau,vietnam","Soc Trang,vietnam",163,120
"Ca Mau,vietnam","Ha Giang,vietnam",2357,2131
"Ca Mau,vietnam","Thai Nguyen,vietnam",2046,1901
"Ca Mau,vietnam","Thanh Hoa,vietnam",1830,1671
"Ca Mau,vietnam","Nam Dinh,vietnam",1952,1764
"Ca Mau,vietnam","Vinh,vietnam",1678,1535
"Ca Mau,vietnam","Dong Hoi,vietnam",1727,1420
"Ca Mau,vietnam","Play Ku,vietnam",1021,823
"Ca Mau,vietnam","Nha Trang,vietnam",838,731
"Ca Mau,vietnam","Cam Ranh,vietnam",784,687
"Ca Mau,vietnam","Qui Nhon,vietnam",1079,942
"Ca Mau,vietnam","Hue,vietnam",1557,1251
"Ca Mau,vietnam","Bien Hoa,vietnam",426,342
"Ca Mau,vietnam","Can Tho,vietnam",200,151
"Ca Mau,vietnam","Haiphong,vietnam",2064,1889
"Ca Mau,vietnam","Da Nang,vietnam",1452,1163
"Ca Mau,vietnam","Hanoi,vietnam",2000,1831
"Ca Mau,vietnam","Ho Chi Minh City,vietnam",372,310
"Soc Trang,vietnam","Ha Giang,vietnam",2245,2044
"Soc Trang,vietnam","Thai Nguyen,vietnam",1933,1815
"Soc Trang,vietnam","Thanh Hoa,vietnam",1718,1585
"Soc Trang,vietnam","Nam Dinh,vietnam",1839,1677
"Soc Trang,vietnam","Vinh,vietnam",1566,1448
"Soc Trang,vietnam","Dong Hoi,vietnam",1614,1333
"Soc Trang,vietnam","Play Ku,vietnam",908,737
"Soc Trang,vietnam","Nha Trang,vietnam",725,644
"Soc Trang,vietnam","Cam Ranh,vietnam",672,600
"Soc Trang,vietnam","Qui Nhon,vietnam",966,856
"Soc Trang,vietnam","Hue,vietnam",1444,1164
"Soc Trang,vietnam","Bien Hoa,vietnam",314,255
"Soc Trang,vietnam","Can Tho,vietnam",88,64
"Soc Trang,vietnam","Haiphong,vietnam",1952,1802
"Soc Trang,vietnam","Da Nang,vietnam",1339,1076
"Soc Trang,vietnam","Hanoi,vietnam",1888,1744
"Soc Trang,vietnam","Ho Chi Minh City,vietnam",260,223
"Ha Giang,vietnam","Thai Nguyen,vietnam",336,242
"Ha Giang,vietnam","Thanh Hoa,vietnam",532,463
"Ha Giang,vietnam","Nam Dinh,vietnam",455,388
"Ha Giang,vietnam","Vinh,vietnam",695,600
"Ha Giang,vietnam","Dong Hoi,vietnam",915,807
"Ha Giang,vietnam","Play Ku,vietnam",1622,1401
"Ha Giang,vietnam","Nha Trang,vietnam",1800,1595
"Ha Giang,vietnam","Cam Ranh,vietnam",1842,1637
"Ha Giang,vietnam","Qui Nhon,vietnam",1561,1384
"Ha Giang,vietnam","Hue,vietnam",1099,973
"Ha Giang,vietnam","Bien Hoa,vietnam",2264,1911
"Ha Giang,vietnam","Can Tho,vietnam",2177,1966
"Ha Giang,vietnam","Haiphong,vietnam",460,431
"Ha Giang,vietnam","Da Nang,vietnam",1213,1071
"Ha Giang,vietnam","Hanoi,vietnam",381,305
"Ha Giang,vietnam","Ho Chi Minh City,vietnam",1934,1786
"Thai Nguyen,vietnam","Thanh Hoa,vietnam",220,233
"Thai Nguyen,vietnam","Nam Dinh,vietnam",143,158
"Thai Nguyen,vietnam","Vinh,vietnam",383,370
"Thai Nguyen,vietnam","Dong Hoi,vietnam",603,577
"Thai Nguyen,vietnam","Play Ku,vietnam",1311,1171
"Thai Nguyen,vietnam","Nha Trang,vietnam",1488,1365
"Thai Nguyen,vietnam","Cam Ranh,vietnam",1530,1407
"Thai Nguyen,vietnam","Qui Nhon,vietnam",1249,1154
"Thai Nguyen,vietnam","Hue,vietnam",788,743
"Thai Nguyen,vietnam","Bien Hoa,vietnam",1953,1681
"Thai Nguyen,vietnam","Can Tho,vietnam",1865,1736
"Thai Nguyen,vietnam","Haiphong,vietnam",143,179
"Thai Nguyen,vietnam","Da Nang,vietnam",901,841
"Thai Nguyen,vietnam","Hanoi,vietnam",84,82
"Thai Nguyen,vietnam","Ho Chi Minh City,vietnam",1622,1556
"Thanh Hoa,vietnam","Nam Dinh,vietnam",127,95
"Thanh Hoa,vietnam","Vinh,vietnam",169,140
"Thanh Hoa,vietnam","Dong Hoi,vietnam",389,346
"Thanh Hoa,vietnam","Play Ku,vietnam",1096,941
"Thanh Hoa,vietnam","Nha Trang,vietnam",1274,1135
"Thanh Hoa,vietnam","Cam Ranh,vietnam",1316,1177
"Thanh Hoa,vietnam","Qui Nhon,vietnam",1035,923
"Thanh Hoa,vietnam","Hue,vietnam",573,512
"Thanh Hoa,vietnam","Bien Hoa,vietnam",1738,1451
"Thanh Hoa,vietnam","Can Tho,vietnam",1651,1506
"Thanh Hoa,vietnam","Haiphong,vietnam",240,221
"Thanh Hoa,vietnam","Da Nang,vietnam",687,611
"Thanh Hoa,vietnam","Hanoi,vietnam",176,163
"Thanh Hoa,vietnam","Ho Chi Minh City,vietnam",1408,1326
"Nam Dinh,vietnam","Vinh,vietnam",291,233
"Nam Dinh,vietnam","Dong Hoi,vietnam",511,439
"Nam Dinh,vietnam","Play Ku,vietnam",1219,1033
"Nam Dinh,vietnam","Nha Trang,vietnam",1396,1228
"Nam Dinh,vietnam","Cam Ranh,vietnam",1438,1269
"Nam Dinh,vietnam","Qui Nhon,vietnam",1157,1016
"Nam Dinh,vietnam","Hue,vietnam",696,605
"Nam Dinh,vietnam","Bien Hoa,vietnam",1861,1543
"Nam Dinh,vietnam","Can Tho,vietnam",1773,1598
"Nam Dinh,vietnam","Haiphong,vietnam",133,101
"Nam Dinh,vietnam","Da Nang,vietnam",809,704
"Nam Dinh,vietnam","Hanoi,vietnam",99,87
"Nam Dinh,vietnam","Ho Chi Minh City,vietnam",1530,1418
"Vinh,vietnam","Dong Hoi,vietnam",230,200
"Vinh,vietnam","Play Ku,vietnam",938,795
"Vinh,vietnam","Nha Trang,vietnam",1115,989
"Vinh,vietnam","Cam Ranh,vietnam",1157,1031
"Vinh,vietnam","Qui Nhon,vietnam",876,777
"Vinh,vietnam","Hue,vietnam",415,366
"Vinh,vietnam","Bien Hoa,vietnam",1579,1305
"Vinh,vietnam","Can Tho,vietnam",1504,1369
"Vinh,vietnam","Haiphong,vietnam",406,358
"Vinh,vietnam","Da Nang,vietnam",528,465
"Vinh,vietnam","Hanoi,vietnam",343,300
"Vinh,vietnam","Ho Chi Minh City,vietnam",1604,1315
"Dong Hoi,vietnam","Play Ku,vietnam",712,596
"Dong Hoi,vietnam","Nha Trang,vietnam",889,790
"Dong Hoi,vietnam","Cam Ranh,vietnam",931,832
"Dong Hoi,vietnam","Qui Nhon,vietnam",650,578
"Dong Hoi,vietnam","Hue,vietnam",189,167
"Dong Hoi,vietnam","Bien Hoa,vietnam",1354,1106
"Dong Hoi,vietnam","Can Tho,vietnam",1542,1381
"Dong Hoi,vietnam","Haiphong,vietnam",627,564
"Dong Hoi,vietnam","Da Nang,vietnam",302,266
"Dong Hoi,vietnam","Hanoi,vietnam",564,506
"Dong Hoi,vietnam","Ho Chi Minh City,vietnam",1378,1116
"Play Ku,vietnam","Nha Trang,vietnam",401,293
"Play Ku,vietnam","Cam Ranh,vietnam",444,335
"Play Ku,vietnam","Qui Nhon,vietnam",227,162
"Play Ku,vietnam","Hue,vietnam",536,427
"Play Ku,vietnam","Bien Hoa,vietnam",641,509
"Play Ku,vietnam","Can Tho,vietnam",853,684
"Play Ku,vietnam","Haiphong,vietnam",1330,1159
"Play Ku,vietnam","Da Nang,vietnam",431,339
"Play Ku,vietnam","Hanoi,vietnam",1266,1101
"Play Ku,vietnam","Ho Chi Minh City,vietnam",666,519
"Nha Trang,vietnam","Cam Ranh,vietnam",51,43
"Nha Trang,vietnam","Qui Nhon,vietnam",252,213
"Nha Trang,vietnam","Hue,vietnam",722,621
"Nha Trang,vietnam","Bien Hoa,vietnam",471,398
"Nha Trang,vietnam","Can Tho,vietnam",662,591
"Nha Trang,vietnam","Haiphong,vietnam",1516,1353
"Nha Trang,vietnam","Da Nang,vietnam",617,533
"Nha Trang,vietnam","Hanoi,vietnam",1452,1295
"Nha Trang,vietnam","Ho Chi Minh City,vietnam",490,433
"Cam Ranh,vietnam","Qui Nhon,vietnam",295,255
"Cam Ranh,vietnam","Hue,vietnam",765,663
"Cam Ranh,vietnam","Bien Hoa,vietnam",419,355
"Cam Ranh,vietnam","Can Tho,vietnam",611,548
"Cam Ranh,vietnam","Haiphong,vietnam",1559,1395
"Cam Ranh,vietnam","Da Nang,vietnam",660,575
"Cam Ranh,vietnam","Hanoi,vietnam",1495,1337
"Cam Ranh,vietnam","Ho Chi Minh City,vietnam",438,390
"Qui Nhon,vietnam","Hue,vietnam",481,409
"Qui Nhon,vietnam","Bien Hoa,vietnam",710,610
"Qui Nhon,vietnam","Can Tho,vietnam",901,803
"Qui Nhon,vietnam","Haiphong,vietnam",1274,1141
"Qui Nhon,vietnam","Da Nang,vietnam",376,321
"Qui Nhon,vietnam","Hanoi,vietnam",1211,1083
"Qui Nhon,vietnam","Ho Chi Minh City,vietnam",728,645
"Hue,vietnam","Bien Hoa,vietnam",1183,937
"Hue,vietnam","Can Tho,vietnam",1372,1212
"Hue,vietnam","Haiphong,vietnam",812,730
"Hue,vietnam","Da Nang,vietnam",132,98
"Hue,vietnam","Hanoi,vietnam",748,672
"Hue,vietnam","Ho Chi Minh City,vietnam",1207,947
"Bien Hoa,vietnam","Can Tho,vietnam",260,201
"Bien Hoa,vietnam","Haiphong,vietnam",1971,1668
"Bien Hoa,vietnam","Da Nang,vietnam",1072,849
"Bien Hoa,vietnam","Hanoi,vietnam",1907,1611
"Bien Hoa,vietnam","Ho Chi Minh City,vietnam",73,35
"Can Tho,vietnam","Haiphong,vietnam",1898,1751
"Can Tho,vietnam","Da Nang,vietnam",1285,1025
"Can Tho,vietnam","Hanoi,vietnam",1834,1693
"Can Tho,vietnam","Ho Chi Minh City,vietnam",206,172
"Haiphong,vietnam","Da Nang,vietnam",921,829
"Haiphong,vietnam","Hanoi,vietnam",117,120
"Haiphong,vietnam","Ho Chi Minh City,vietnam",1642,1544
"Da Nang,vietnam","Hanoi,vietnam",863,772
"Da Nang,vietnam","Ho Chi Minh City,vietnam",1102,859
"Hanoi,vietnam","Ho Chi Minh City,vietnam",1577,1482
"Viet Tri,Vietnam","Buon Me Thuot,Vietnam",1536,1356
"Viet Tri,Vietnam","Long Xuyen,Vietnam",1885,1768
"Viet Tri,Vietnam","Rach Gia,Vietnam",1963,1827
"Viet Tri,Vietnam","Ca Mau,Vietnam",2062,1885
"Viet Tri,Vietnam","Thai Nguyen,Vietnam",97,117
"Viet Tri,Vietnam","Vinh,Vietnam",402,375
"Viet Tri,Vietnam","Nha Trang,Vietnam",1484,1370
"Viet Tri,Vietnam","Qui Nhon,Vietnam",1251,1158
"Viet Tri,Vietnam","Hue,Vietnam",798,747
"Viet Tri,Vietnam","Bien Hoa,Vietnam",1943,1685
"Viet Tri,Vietnam","Can Tho,Vietnam",1887,1744
"Viet Tri,Vietnam","Haiphong,Vietnam",169,205
"Viet Tri,Vietnam","Da Nang,Vietnam",912,846
"Viet Tri,Vietnam","Hanoi,Vietnam",89,80
"Viet Tri,Vietnam","Ho Chi Minh City,Vietnam",1965,1694
"Buon Me Thuot,Vietnam","Long Xuyen,Vietnam",680,490
"Buon Me Thuot,Vietnam","Rach Gia,Vietnam",754,602
"Buon Me Thuot,Vietnam","Ca Mau,Vietnam",795,640
"Buon Me Thuot,Vietnam","Thai Nguyen,Vietnam",1521,1351
"Buon Me Thuot,Vietnam","Vinh,Vietnam",1146,975
"Buon Me Thuot,Vietnam","Nha Trang,Vietnam",253,184
"Buon Me Thuot,Vietnam","Qui Nhon,Vietnam",381,265
"Buon Me Thuot,Vietnam","Hue,Vietnam",747,603
"Buon Me Thuot,Vietnam","Bien Hoa,Vietnam",409,326
"Buon Me Thuot,Vietnam","Can Tho,Vietnam",620,500
"Buon Me Thuot,Vietnam","Haiphong,Vietnam",1538,1339
"Buon Me Thuot,Vietnam","Da Nang,Vietnam",652,519
"Buon Me Thuot,Vietnam","Hanoi,Vietnam",1472,1281
"Buon Me Thuot,Vietnam","Ho Chi Minh City,Vietnam",432,335
"Long Xuyen,Vietnam","Rach Gia,Vietnam",117,72
"Long Xuyen,Vietnam","Ca Mau,Vietnam",260,186
"Long Xuyen,Vietnam","Thai Nguyen,Vietnam",1869,1763
"Long Xuyen,Vietnam","Vinh,Vietnam",1507,1397
"Long Xuyen,Vietnam","Nha Trang,Vietnam",735,609
"Long Xuyen,Vietnam","Qui Nhon,Vietnam",969,820
"Long Xuyen,Vietnam","Hue,Vietnam",1427,1098
"Long Xuyen,Vietnam","Bien Hoa,Vietnam",325,220
"Long Xuyen,Vietnam","Can Tho,Vietnam",90,61
"Long Xuyen,Vietnam","Haiphong,Vietnam",1886,1751
"Long Xuyen,Vietnam","Da Nang,Vietnam",1333,1014
"Long Xuyen,Vietnam","Hanoi,Vietnam",1821,1693
"Long Xuyen,Vietnam","Ho Chi Minh City,Vietnam",273,188
"Rach Gia,Vietnam","Ca Mau,Vietnam",179,127
"Rach Gia,Vietnam","Thai Nguyen,Vietnam",1947,1819
"Rach Gia,Vietnam","Vinh,Vietnam",1585,1453
"Rach Gia,Vietnam","Nha Trang,Vietnam",801,693
"Rach Gia,Vietnam","Qui Nhon,Vietnam",1035,905
"Rach Gia,Vietnam","Hue,Vietnam",1499,1208
"Rach Gia,Vietnam","Bien Hoa,Vietnam",391,304
"Rach Gia,Vietnam","Can Tho,Vietnam",159,112
"Rach Gia,Vietnam","Haiphong,Vietnam",1964,1807
"Rach Gia,Vietnam","Da Nang,Vietnam",1404,1125
"Rach Gia,Vietnam","Hanoi,Vietnam",1899,1749
"Rach Gia,Vietnam","Ho Chi Minh City,Vietnam",338,272
"Ca Mau,Vietnam","Thai Nguyen,Vietnam",2052,1877
"Ca Mau,Vietnam","Vinh,Vietnam",1690,1511
"Ca Mau,Vietnam","Nha Trang,Vietnam",841,731
"Ca Mau,Vietnam","Qui Nhon,Vietnam",1076,942
"Ca Mau,Vietnam","Hue,Vietnam",1540,1246
"Ca Mau,Vietnam","Bien Hoa,Vietnam",432,342
"Ca Mau,Vietnam","Can Tho,Vietnam",200,149
"Ca Mau,Vietnam","Haiphong,Vietnam",2069,1865
"Ca Mau,Vietnam","Da Nang,Vietnam",1445,1163
"Ca Mau,Vietnam","Hanoi,Vietnam",2004,1807
"Ca Mau,Vietnam","Ho Chi Minh City,Vietnam",379,310
"Thai Nguyen,Vietnam","Vinh,Vietnam",382,370
"Thai Nguyen,Vietnam","Nha Trang,Vietnam",1464,1365
"Thai Nguyen,Vietnam","Qui Nhon,Vietnam",1231,1154
"Thai Nguyen,Vietnam","Hue,Vietnam",779,743
"Thai Nguyen,Vietnam","Bien Hoa,Vietnam",1923,1681
"Thai Nguyen,Vietnam","Can Tho,Vietnam",1867,1740
"Thai Nguyen,Vietnam","Haiphong,Vietnam",142,178
"Thai Nguyen,Vietnam","Da Nang,Vietnam",893,841
"Thai Nguyen,Vietnam","Hanoi,Vietnam",86,82
"Thai Nguyen,Vietnam","Ho Chi Minh City,Vietnam",1946,1689
"Vinh,Vietnam","Nha Trang,Vietnam",1091,989
"Vinh,Vietnam","Qui Nhon,Vietnam",858,777
"Vinh,Vietnam","Hue,Vietnam",406,366
"Vinh,Vietnam","Bien Hoa,Vietnam",1550,1305
"Vinh,Vietnam","Can Tho,Vietnam",1506,1373
"Vinh,Vietnam","Haiphong,Vietnam",399,357
"Vinh,Vietnam","Da Nang,Vietnam",520,465
"Vinh,Vietnam","Hanoi,Vietnam",334,300
"Vinh,Vietnam","Ho Chi Minh City,Vietnam",1573,1313
"Nha Trang,Vietnam","Qui Nhon,Vietnam",248,214
"Nha Trang,Vietnam","Hue,Vietnam",700,617
"Nha Trang,Vietnam","Bien Hoa,Vietnam",462,398
"Nha Trang,Vietnam","Can Tho,Vietnam",653,589
"Nha Trang,Vietnam","Haiphong,Vietnam",1491,1353
"Nha Trang,Vietnam","Da Nang,Vietnam",605,534
"Nha Trang,Vietnam","Hanoi,Vietnam",1426,1296
"Nha Trang,Vietnam","Ho Chi Minh City,Vietnam",480,432
"Qui Nhon,Vietnam","Hue,Vietnam",463,404
"Qui Nhon,Vietnam","Bien Hoa,Vietnam",695,610
"Qui Nhon,Vietnam","Can Tho,Vietnam",886,801
"Qui Nhon,Vietnam","Haiphong,Vietnam",1254,1141
"Qui Nhon,Vietnam","Da Nang,Vietnam",368,321
"Qui Nhon,Vietnam","Hanoi,Vietnam",1189,1083
"Qui Nhon,Vietnam","Ho Chi Minh City,Vietnam",713,644
"Hue,Vietnam","Bien Hoa,Vietnam",1151,932
"Hue,Vietnam","Can Tho,Vietnam",1335,1205
"Hue,Vietnam","Haiphong,Vietnam",798,730
"Hue,Vietnam","Da Nang,Vietnam",121,93
"Hue,Vietnam","Hanoi,Vietnam",733,672
"Hue,Vietnam","Ho Chi Minh City,Vietnam",1174,941
"Bien Hoa,Vietnam","Can Tho,Vietnam",255,200
"Bien Hoa,Vietnam","Haiphong,Vietnam",1944,1668
"Bien Hoa,Vietnam","Da Nang,Vietnam",1058,848
"Bien Hoa,Vietnam","Hanoi,Vietnam",1878,1610
"Bien Hoa,Vietnam","Ho Chi Minh City,Vietnam",66,35
"Can Tho,Vietnam","Haiphong,Vietnam",1895,1725
"Can Tho,Vietnam","Da Nang,Vietnam",1272,1023
"Can Tho,Vietnam","Hanoi,Vietnam",1830,1668
"Can Tho,Vietnam","Ho Chi Minh City,Vietnam",206,170
"Haiphong,Vietnam","Da Nang,Vietnam",910,828
"Haiphong,Vietnam","Hanoi,Vietnam",113,119
"Haiphong,Vietnam","Ho Chi Minh City,Vietnam",1963,1676
"Da Nang,Vietnam","Hanoi,Vietnam",849,773
"Da Nang,Vietnam","Ho Chi Minh City,Vietnam",1079,857
"Hanoi,Vietnam","Ho Chi Minh City,Vietnam",1899,1616
